label_id,alert_uid,scenario_id,campaign_id,run_id,agent_name,timestamp,label,event_role,simulation_type,execution_mode,tool,atomic_test_id,caldera_operation_id,caldera_adversary_profile,caldera_ability_id,mitre_tactic,mitre_technique_id,rule_id,rule_description,confidence,ground_truth_summary,notes
LBL-000001,ALERT-939476A8BF516E30,,C-LNX-01,C-LNX-01-CAL-R001,safesoc-lnx-01,2026-05-14T23:41:36.705-0400,attack_like,trigger,caldera_campaign,caldera,MITRE Caldera,,CAL_LNX_OP1,Thief (1a98b8e6-18ce-4617-8cc5-e65a1a9d490e),6469befa-748a-4b9c-a96d-f191fde47d89;90c2efaa-8205-480d-8bb6-61d90dbaf81b;4e97e699-93d7-4040-b5a3-2e906a58199e;300157e5-f4ad-4569-b533-9d1fa0e74d74;ea713bc4-63f0-491c-9a6f-0b01d560b87e,Privilege Escalation/Defense Evasion,T1548.003,5402,Successful sudo to ROOT executed.,high,Primary trigger evidence for C-LNX-01-CAL-R001,Reviewed during Sprint 8 QA. Primary trigger evidence retained.
LBL-000002,ALERT-5B982204218E8B15,,C-LNX-01,C-LNX-01-CAL-R001,safesoc-lnx-01,2026-05-14T23:41:36.705-0400,attack_like,trigger,caldera_campaign,caldera,MITRE Caldera,,CAL_LNX_OP1,Thief (1a98b8e6-18ce-4617-8cc5-e65a1a9d490e),6469befa-748a-4b9c-a96d-f191fde47d89;90c2efaa-8205-480d-8bb6-61d90dbaf81b;4e97e699-93d7-4040-b5a3-2e906a58199e;300157e5-f4ad-4569-b533-9d1fa0e74d74;ea713bc4-63f0-491c-9a6f-0b01d560b87e,Defense Evasion/Persistence/Privilege Escalation/Initial Access,T1078,5501,PAM: Login session opened.,high,Primary trigger evidence for C-LNX-01-CAL-R001,Reviewed during Sprint 8 QA. Primary trigger evidence retained.
LBL-000003,ALERT-50CAAC0A95F045B8,,C-LNX-01,C-LNX-01-CAL-R001,safesoc-lnx-01,2026-05-14T23:41:37.307-0400,attack_like,supporting,caldera_campaign,caldera,MITRE Caldera,,CAL_LNX_OP1,Thief (1a98b8e6-18ce-4617-8cc5-e65a1a9d490e),6469befa-748a-4b9c-a96d-f191fde47d89;90c2efaa-8205-480d-8bb6-61d90dbaf81b;4e97e699-93d7-4040-b5a3-2e906a58199e;300157e5-f4ad-4569-b533-9d1fa0e74d74;ea713bc4-63f0-491c-9a6f-0b01d560b87e,Privilege Escalation/Defense Evasion,T1548.003,5402,Successful sudo to ROOT executed.,medium,Primary trigger evidence for C-LNX-01-CAL-R001,Medium-confidence timestamp-derived label; retained after spot-check.
LBL-000004,ALERT-1CD67E9F7F441169,,C-LNX-01,C-LNX-01-CAL-R001,safesoc-lnx-01,2026-05-14T23:41:37.307-0400,attack_like,supporting,caldera_campaign,caldera,MITRE Caldera,,CAL_LNX_OP1,Thief (1a98b8e6-18ce-4617-8cc5-e65a1a9d490e),6469befa-748a-4b9c-a96d-f191fde47d89;90c2efaa-8205-480d-8bb6-61d90dbaf81b;4e97e699-93d7-4040-b5a3-2e906a58199e;300157e5-f4ad-4569-b533-9d1fa0e74d74;ea713bc4-63f0-491c-9a6f-0b01d560b87e,Defense Evasion/Persistence/Privilege Escalation/Initial Access,T1078,5501,PAM: Login session opened.,medium,Primary trigger evidence for C-LNX-01-CAL-R001,Medium-confidence timestamp-derived label; retained after spot-check.
LBL-000005,ALERT-3C139C9EA59D6AA5,,C-LNX-01,C-LNX-01-CAL-R001,safesoc-lnx-01,2026-05-14T23:41:37.311-0400,attack_like,supporting,caldera_campaign,caldera,MITRE Caldera,,CAL_LNX_OP1,Thief (1a98b8e6-18ce-4617-8cc5-e65a1a9d490e),6469befa-748a-4b9c-a96d-f191fde47d89;90c2efaa-8205-480d-8bb6-61d90dbaf81b;4e97e699-93d7-4040-b5a3-2e906a58199e;300157e5-f4ad-4569-b533-9d1fa0e74d74;ea713bc4-63f0-491c-9a6f-0b01d560b87e,Campaign,T1110.001/T1548.003/T1082/T1033/T1016/T1053.003,2901,New dpkg (Debian Package) requested to install.,medium,Supporting telemetry for C-LNX-01-CAL-R001,Medium-confidence timestamp-derived label; retained after spot-check.
LBL-000006,ALERT-F448F208283FD85E,,C-LNX-01,C-LNX-01-CAL-R001,safesoc-lnx-01,2026-05-14T23:41:37.328-0400,attack_like,supporting,caldera_campaign,caldera,MITRE Caldera,,CAL_LNX_OP1,Thief (1a98b8e6-18ce-4617-8cc5-e65a1a9d490e),6469befa-748a-4b9c-a96d-f191fde47d89;90c2efaa-8205-480d-8bb6-61d90dbaf81b;4e97e699-93d7-4040-b5a3-2e906a58199e;300157e5-f4ad-4569-b533-9d1fa0e74d74;ea713bc4-63f0-491c-9a6f-0b01d560b87e,Campaign,T1110.001/T1548.003/T1082/T1033/T1016/T1053.003,2904,Dpkg (Debian Package) half configured.,medium,Supporting telemetry for C-LNX-01-CAL-R001,Medium-confidence timestamp-derived label; retained after spot-check.
LBL-000007,ALERT-431ECCF4A088C9AB,,C-LNX-01,C-LNX-01-CAL-R001,safesoc-lnx-01,2026-05-14T23:41:37.330-0400,attack_like,supporting,caldera_campaign,caldera,MITRE Caldera,,CAL_LNX_OP1,Thief (1a98b8e6-18ce-4617-8cc5-e65a1a9d490e),6469befa-748a-4b9c-a96d-f191fde47d89;90c2efaa-8205-480d-8bb6-61d90dbaf81b;4e97e699-93d7-4040-b5a3-2e906a58199e;300157e5-f4ad-4569-b533-9d1fa0e74d74;ea713bc4-63f0-491c-9a6f-0b01d560b87e,Campaign,T1110.001/T1548.003/T1082/T1033/T1016/T1053.003,2902,New dpkg (Debian Package) installed.,medium,Supporting telemetry for C-LNX-01-CAL-R001,Medium-confidence timestamp-derived label; retained after spot-check.
LBL-000008,ALERT-CE4A13BE778D3E2D,,C-LNX-01,C-LNX-01-CAL-R001,safesoc-lnx-01,2026-05-14T23:41:37.335-0400,attack_like,supporting,caldera_campaign,caldera,MITRE Caldera,,CAL_LNX_OP1,Thief (1a98b8e6-18ce-4617-8cc5-e65a1a9d490e),6469befa-748a-4b9c-a96d-f191fde47d89;90c2efaa-8205-480d-8bb6-61d90dbaf81b;4e97e699-93d7-4040-b5a3-2e906a58199e;300157e5-f4ad-4569-b533-9d1fa0e74d74;ea713bc4-63f0-491c-9a6f-0b01d560b87e,Campaign,T1110.001/T1548.003/T1082/T1033/T1016/T1053.003,2904,Dpkg (Debian Package) half configured.,medium,Supporting telemetry for C-LNX-01-CAL-R001,Medium-confidence timestamp-derived label; retained after spot-check.
LBL-000009,ALERT-BD031D2CEEC3BA5C,,C-LNX-01,C-LNX-01-CAL-R001,safesoc-lnx-01,2026-05-14T23:41:38.707-0400,attack_like,supporting,caldera_campaign,caldera,MITRE Caldera,,CAL_LNX_OP1,Thief (1a98b8e6-18ce-4617-8cc5-e65a1a9d490e),6469befa-748a-4b9c-a96d-f191fde47d89;90c2efaa-8205-480d-8bb6-61d90dbaf81b;4e97e699-93d7-4040-b5a3-2e906a58199e;300157e5-f4ad-4569-b533-9d1fa0e74d74;ea713bc4-63f0-491c-9a6f-0b01d560b87e,Campaign,T1110.001/T1548.003/T1082/T1033/T1016/T1053.003,2902,New dpkg (Debian Package) installed.,medium,Supporting telemetry for C-LNX-01-CAL-R001,Medium-confidence timestamp-derived label; retained after spot-check.
LBL-000010,ALERT-A57B1C491294A5AE,,C-LNX-01,C-LNX-01-CAL-R001,safesoc-lnx-01,2026-05-14T23:41:39.323-0400,attack_like,supporting,caldera_campaign,caldera,MITRE Caldera,,CAL_LNX_OP1,Thief (1a98b8e6-18ce-4617-8cc5-e65a1a9d490e),6469befa-748a-4b9c-a96d-f191fde47d89;90c2efaa-8205-480d-8bb6-61d90dbaf81b;4e97e699-93d7-4040-b5a3-2e906a58199e;300157e5-f4ad-4569-b533-9d1fa0e74d74;ea713bc4-63f0-491c-9a6f-0b01d560b87e,Campaign,T1110.001/T1548.003/T1082/T1033/T1016/T1053.003,5502,PAM: Login session closed.,medium,Primary trigger evidence for C-LNX-01-CAL-R001,Medium-confidence timestamp-derived label; retained after spot-check.
LBL-000011,ALERT-5410A591ADDD1117,,C-LNX-01,C-LNX-01-CAL-R001,safesoc-lnx-01,2026-05-14T23:41:39.323-0400,attack_like,supporting,caldera_campaign,caldera,MITRE Caldera,,CAL_LNX_OP1,Thief (1a98b8e6-18ce-4617-8cc5-e65a1a9d490e),6469befa-748a-4b9c-a96d-f191fde47d89;90c2efaa-8205-480d-8bb6-61d90dbaf81b;4e97e699-93d7-4040-b5a3-2e906a58199e;300157e5-f4ad-4569-b533-9d1fa0e74d74;ea713bc4-63f0-491c-9a6f-0b01d560b87e,Campaign,T1110.001/T1548.003/T1082/T1033/T1016/T1053.003,5502,PAM: Login session closed.,medium,Primary trigger evidence for C-LNX-01-CAL-R001,Medium-confidence timestamp-derived label; retained after spot-check.
LBL-000012,ALERT-E4376BADD32B886D,,C-LNX-01,C-LNX-01-CAL-R001,safesoc-lnx-01,2026-05-14T23:42:38.724-0400,attack_like,supporting,caldera_campaign,caldera,MITRE Caldera,,CAL_LNX_OP1,Thief (1a98b8e6-18ce-4617-8cc5-e65a1a9d490e),6469befa-748a-4b9c-a96d-f191fde47d89;90c2efaa-8205-480d-8bb6-61d90dbaf81b;4e97e699-93d7-4040-b5a3-2e906a58199e;300157e5-f4ad-4569-b533-9d1fa0e74d74;ea713bc4-63f0-491c-9a6f-0b01d560b87e,Defense Evasion/Persistence/Privilege Escalation/Initial Access,T1078,5501,PAM: Login session opened.,medium,Primary trigger evidence for C-LNX-01-CAL-R001,Medium-confidence timestamp-derived label; retained after spot-check.
LBL-000013,ALERT-FC2C44F58A9115F4,,C-LNX-01,C-LNX-01-CAL-R001,safesoc-lnx-01,2026-05-14T23:42:39.324-0400,attack_like,supporting,caldera_campaign,caldera,MITRE Caldera,,CAL_LNX_OP1,Thief (1a98b8e6-18ce-4617-8cc5-e65a1a9d490e),6469befa-748a-4b9c-a96d-f191fde47d89;90c2efaa-8205-480d-8bb6-61d90dbaf81b;4e97e699-93d7-4040-b5a3-2e906a58199e;300157e5-f4ad-4569-b533-9d1fa0e74d74;ea713bc4-63f0-491c-9a6f-0b01d560b87e,Defense Evasion/Persistence/Privilege Escalation/Initial Access,T1078,5501,PAM: Login session opened.,medium,Primary trigger evidence for C-LNX-01-CAL-R001,Medium-confidence timestamp-derived label; retained after spot-check.
LBL-000014,ALERT-561FB6D199940F1C,,C-LNX-01,C-LNX-01-CAL-R002,safesoc-lnx-01,2026-05-15T00:12:25.208-0400,attack_like,trigger,caldera_campaign,caldera,MITRE Caldera,,CAL_LNX_OP2 (2026-05-15T04:08:53.929Z),Defense Evasion (ef4d997c-a0d1-4067-9efa-87c58682db71),43b3754c-def4-4699-a673-1d85648fda6a;8478297ebb155b34c412a0fde335eccd;683115a2ceeb045e6ffbf4487322b220;8a60db80ab6f4a6b1db758c95bacfafa;0aaebed766f7120873d5ad90c23355f8;2929fac2296bf1041ba33c86d42d9a5a;c8e46a29cac614806da56b0be6b0e454;b2e76a3113cbfc8e9729b7e170a5a6aa;8e7c28877a9c7826fece190f185b534c;379509c4b83f252bc779446f0512e936;80be956df11e4a384333150807c3ccd9;d38cba2905e62b4c1a7e5c88137ce485;326a9797b0d59b8f6d5a3c384c564b9f;5ffa5b3b330848d39dc1728365dad61c;db8c6ba84f796a2f1fa1497b8dc1aae2;4d4b29abb6b1e580e33c0035c1fc37ad,Discovery,T1057,92604,Processes running for all users were queried with ps command.,high,Primary trigger evidence for C-LNX-01-CAL-R002,Reviewed during Sprint 8 QA. Primary trigger evidence retained.
LBL-000015,ALERT-D33329D0398DE5E9,,C-LNX-01,C-LNX-01-CAL-R002,safesoc-lnx-01,2026-05-15T00:13:37.238-0400,attack_like,trigger,caldera_campaign,caldera,MITRE Caldera,,CAL_LNX_OP2 (2026-05-15T04:08:53.929Z),Defense Evasion (ef4d997c-a0d1-4067-9efa-87c58682db71),43b3754c-def4-4699-a673-1d85648fda6a;8478297ebb155b34c412a0fde335eccd;683115a2ceeb045e6ffbf4487322b220;8a60db80ab6f4a6b1db758c95bacfafa;0aaebed766f7120873d5ad90c23355f8;2929fac2296bf1041ba33c86d42d9a5a;c8e46a29cac614806da56b0be6b0e454;b2e76a3113cbfc8e9729b7e170a5a6aa;8e7c28877a9c7826fece190f185b534c;379509c4b83f252bc779446f0512e936;80be956df11e4a384333150807c3ccd9;d38cba2905e62b4c1a7e5c88137ce485;326a9797b0d59b8f6d5a3c384c564b9f;5ffa5b3b330848d39dc1728365dad61c;db8c6ba84f796a2f1fa1497b8dc1aae2;4d4b29abb6b1e580e33c0035c1fc37ad,Discovery,T1057,92604,Processes running for all users were queried with ps command.,high,Primary trigger evidence for C-LNX-01-CAL-R002,Reviewed during Sprint 8 QA. Primary trigger evidence retained.
LBL-000016,ALERT-319CCDE655311608,,C-LNX-01,C-LNX-01-CAL-R002,safesoc-lnx-01,2026-05-15T00:14:35.246-0400,attack_like,supporting,caldera_campaign,caldera,MITRE Caldera,,CAL_LNX_OP2 (2026-05-15T04:08:53.929Z),Defense Evasion (ef4d997c-a0d1-4067-9efa-87c58682db71),43b3754c-def4-4699-a673-1d85648fda6a;8478297ebb155b34c412a0fde335eccd;683115a2ceeb045e6ffbf4487322b220;8a60db80ab6f4a6b1db758c95bacfafa;0aaebed766f7120873d5ad90c23355f8;2929fac2296bf1041ba33c86d42d9a5a;c8e46a29cac614806da56b0be6b0e454;b2e76a3113cbfc8e9729b7e170a5a6aa;8e7c28877a9c7826fece190f185b534c;379509c4b83f252bc779446f0512e936;80be956df11e4a384333150807c3ccd9;d38cba2905e62b4c1a7e5c88137ce485;326a9797b0d59b8f6d5a3c384c564b9f;5ffa5b3b330848d39dc1728365dad61c;db8c6ba84f796a2f1fa1497b8dc1aae2;4d4b29abb6b1e580e33c0035c1fc37ad,Discovery,T1057,92604,Processes running for all users were queried with ps command.,medium,Primary trigger evidence for C-LNX-01-CAL-R002,Medium-confidence timestamp-derived label; retained after spot-check.
LBL-000017,ALERT-4E48943D1FB4B605,,C-LNX-01,C-LNX-01-CAL-R002,safesoc-lnx-01,2026-05-15T00:15:35.267-0400,attack_like,supporting,caldera_campaign,caldera,MITRE Caldera,,CAL_LNX_OP2 (2026-05-15T04:08:53.929Z),Defense Evasion (ef4d997c-a0d1-4067-9efa-87c58682db71),43b3754c-def4-4699-a673-1d85648fda6a;8478297ebb155b34c412a0fde335eccd;683115a2ceeb045e6ffbf4487322b220;8a60db80ab6f4a6b1db758c95bacfafa;0aaebed766f7120873d5ad90c23355f8;2929fac2296bf1041ba33c86d42d9a5a;c8e46a29cac614806da56b0be6b0e454;b2e76a3113cbfc8e9729b7e170a5a6aa;8e7c28877a9c7826fece190f185b534c;379509c4b83f252bc779446f0512e936;80be956df11e4a384333150807c3ccd9;d38cba2905e62b4c1a7e5c88137ce485;326a9797b0d59b8f6d5a3c384c564b9f;5ffa5b3b330848d39dc1728365dad61c;db8c6ba84f796a2f1fa1497b8dc1aae2;4d4b29abb6b1e580e33c0035c1fc37ad,Discovery,T1057,92604,Processes running for all users were queried with ps command.,medium,Primary trigger evidence for C-LNX-01-CAL-R002,Medium-confidence timestamp-derived label; retained after spot-check.
LBL-000018,ALERT-A1220A2648FB0DAA,,C-LNX-01,C-LNX-01-CAL-R002,safesoc-lnx-01,2026-05-15T00:16:43.322-0400,attack_like,supporting,caldera_campaign,caldera,MITRE Caldera,,CAL_LNX_OP2 (2026-05-15T04:08:53.929Z),Defense Evasion (ef4d997c-a0d1-4067-9efa-87c58682db71),43b3754c-def4-4699-a673-1d85648fda6a;8478297ebb155b34c412a0fde335eccd;683115a2ceeb045e6ffbf4487322b220;8a60db80ab6f4a6b1db758c95bacfafa;0aaebed766f7120873d5ad90c23355f8;2929fac2296bf1041ba33c86d42d9a5a;c8e46a29cac614806da56b0be6b0e454;b2e76a3113cbfc8e9729b7e170a5a6aa;8e7c28877a9c7826fece190f185b534c;379509c4b83f252bc779446f0512e936;80be956df11e4a384333150807c3ccd9;d38cba2905e62b4c1a7e5c88137ce485;326a9797b0d59b8f6d5a3c384c564b9f;5ffa5b3b330848d39dc1728365dad61c;db8c6ba84f796a2f1fa1497b8dc1aae2;4d4b29abb6b1e580e33c0035c1fc37ad,Discovery,T1057,92604,Processes running for all users were queried with ps command.,medium,Primary trigger evidence for C-LNX-01-CAL-R002,Medium-confidence timestamp-derived label; retained after spot-check.
LBL-000019,ALERT-A591C7557ECCEB16,,C-LNX-01,C-LNX-01-CAL-R002,safesoc-lnx-01,2026-05-15T00:17:47.297-0400,attack_like,supporting,caldera_campaign,caldera,MITRE Caldera,,CAL_LNX_OP2 (2026-05-15T04:08:53.929Z),Defense Evasion (ef4d997c-a0d1-4067-9efa-87c58682db71),43b3754c-def4-4699-a673-1d85648fda6a;8478297ebb155b34c412a0fde335eccd;683115a2ceeb045e6ffbf4487322b220;8a60db80ab6f4a6b1db758c95bacfafa;0aaebed766f7120873d5ad90c23355f8;2929fac2296bf1041ba33c86d42d9a5a;c8e46a29cac614806da56b0be6b0e454;b2e76a3113cbfc8e9729b7e170a5a6aa;8e7c28877a9c7826fece190f185b534c;379509c4b83f252bc779446f0512e936;80be956df11e4a384333150807c3ccd9;d38cba2905e62b4c1a7e5c88137ce485;326a9797b0d59b8f6d5a3c384c564b9f;5ffa5b3b330848d39dc1728365dad61c;db8c6ba84f796a2f1fa1497b8dc1aae2;4d4b29abb6b1e580e33c0035c1fc37ad,Discovery,T1057,92604,Processes running for all users were queried with ps command.,medium,Primary trigger evidence for C-LNX-01-CAL-R002,Medium-confidence timestamp-derived label; retained after spot-check.
LBL-000020,ALERT-8886D78D94AD800D,,C-LNX-01,C-LNX-01-CAL-R002,safesoc-lnx-01,2026-05-15T00:18:55.313-0400,attack_like,supporting,caldera_campaign,caldera,MITRE Caldera,,CAL_LNX_OP2 (2026-05-15T04:08:53.929Z),Defense Evasion (ef4d997c-a0d1-4067-9efa-87c58682db71),43b3754c-def4-4699-a673-1d85648fda6a;8478297ebb155b34c412a0fde335eccd;683115a2ceeb045e6ffbf4487322b220;8a60db80ab6f4a6b1db758c95bacfafa;0aaebed766f7120873d5ad90c23355f8;2929fac2296bf1041ba33c86d42d9a5a;c8e46a29cac614806da56b0be6b0e454;b2e76a3113cbfc8e9729b7e170a5a6aa;8e7c28877a9c7826fece190f185b534c;379509c4b83f252bc779446f0512e936;80be956df11e4a384333150807c3ccd9;d38cba2905e62b4c1a7e5c88137ce485;326a9797b0d59b8f6d5a3c384c564b9f;5ffa5b3b330848d39dc1728365dad61c;db8c6ba84f796a2f1fa1497b8dc1aae2;4d4b29abb6b1e580e33c0035c1fc37ad,Discovery,T1057,92604,Processes running for all users were queried with ps command.,medium,Primary trigger evidence for C-LNX-01-CAL-R002,Medium-confidence timestamp-derived label; retained after spot-check.
LBL-000021,ALERT-56E5215B1774D9BD,,C-LNX-01,C-LNX-01-CAL-R002,safesoc-lnx-01,2026-05-15T00:19:55.349-0400,attack_like,supporting,caldera_campaign,caldera,MITRE Caldera,,CAL_LNX_OP2 (2026-05-15T04:08:53.929Z),Defense Evasion (ef4d997c-a0d1-4067-9efa-87c58682db71),43b3754c-def4-4699-a673-1d85648fda6a;8478297ebb155b34c412a0fde335eccd;683115a2ceeb045e6ffbf4487322b220;8a60db80ab6f4a6b1db758c95bacfafa;0aaebed766f7120873d5ad90c23355f8;2929fac2296bf1041ba33c86d42d9a5a;c8e46a29cac614806da56b0be6b0e454;b2e76a3113cbfc8e9729b7e170a5a6aa;8e7c28877a9c7826fece190f185b534c;379509c4b83f252bc779446f0512e936;80be956df11e4a384333150807c3ccd9;d38cba2905e62b4c1a7e5c88137ce485;326a9797b0d59b8f6d5a3c384c564b9f;5ffa5b3b330848d39dc1728365dad61c;db8c6ba84f796a2f1fa1497b8dc1aae2;4d4b29abb6b1e580e33c0035c1fc37ad,Discovery,T1057,92604,Processes running for all users were queried with ps command.,medium,Primary trigger evidence for C-LNX-01-CAL-R002,Medium-confidence timestamp-derived label; retained after spot-check.
LBL-000022,ALERT-D333DCF417EBA53B,,C-LNX-01,C-LNX-01-CAL-R002,safesoc-lnx-01,2026-05-15T00:20:39.359-0400,attack_like,supporting,caldera_campaign,caldera,MITRE Caldera,,CAL_LNX_OP2 (2026-05-15T04:08:53.929Z),Defense Evasion (ef4d997c-a0d1-4067-9efa-87c58682db71),43b3754c-def4-4699-a673-1d85648fda6a;8478297ebb155b34c412a0fde335eccd;683115a2ceeb045e6ffbf4487322b220;8a60db80ab6f4a6b1db758c95bacfafa;0aaebed766f7120873d5ad90c23355f8;2929fac2296bf1041ba33c86d42d9a5a;c8e46a29cac614806da56b0be6b0e454;b2e76a3113cbfc8e9729b7e170a5a6aa;8e7c28877a9c7826fece190f185b534c;379509c4b83f252bc779446f0512e936;80be956df11e4a384333150807c3ccd9;d38cba2905e62b4c1a7e5c88137ce485;326a9797b0d59b8f6d5a3c384c564b9f;5ffa5b3b330848d39dc1728365dad61c;db8c6ba84f796a2f1fa1497b8dc1aae2;4d4b29abb6b1e580e33c0035c1fc37ad,Discovery,T1057,92604,Processes running for all users were queried with ps command.,medium,Primary trigger evidence for C-LNX-01-CAL-R002,Medium-confidence timestamp-derived label; retained after spot-check.
LBL-000023,ALERT-585DD3F6152E6CA5,,C-LNX-01,C-LNX-01-CAL-R002,safesoc-lnx-01,2026-05-15T00:21:37.372-0400,attack_like,supporting,caldera_campaign,caldera,MITRE Caldera,,CAL_LNX_OP2 (2026-05-15T04:08:53.929Z),Defense Evasion (ef4d997c-a0d1-4067-9efa-87c58682db71),43b3754c-def4-4699-a673-1d85648fda6a;8478297ebb155b34c412a0fde335eccd;683115a2ceeb045e6ffbf4487322b220;8a60db80ab6f4a6b1db758c95bacfafa;0aaebed766f7120873d5ad90c23355f8;2929fac2296bf1041ba33c86d42d9a5a;c8e46a29cac614806da56b0be6b0e454;b2e76a3113cbfc8e9729b7e170a5a6aa;8e7c28877a9c7826fece190f185b534c;379509c4b83f252bc779446f0512e936;80be956df11e4a384333150807c3ccd9;d38cba2905e62b4c1a7e5c88137ce485;326a9797b0d59b8f6d5a3c384c564b9f;5ffa5b3b330848d39dc1728365dad61c;db8c6ba84f796a2f1fa1497b8dc1aae2;4d4b29abb6b1e580e33c0035c1fc37ad,Discovery,T1057,92604,Processes running for all users were queried with ps command.,medium,Primary trigger evidence for C-LNX-01-CAL-R002,Medium-confidence timestamp-derived label; retained after spot-check.
LBL-000024,ALERT-0E36E33EAB78C7F9,,C-LNX-01,C-LNX-01-CAL-R002,safesoc-lnx-01,2026-05-15T00:22:37.386-0400,attack_like,supporting,caldera_campaign,caldera,MITRE Caldera,,CAL_LNX_OP2 (2026-05-15T04:08:53.929Z),Defense Evasion (ef4d997c-a0d1-4067-9efa-87c58682db71),43b3754c-def4-4699-a673-1d85648fda6a;8478297ebb155b34c412a0fde335eccd;683115a2ceeb045e6ffbf4487322b220;8a60db80ab6f4a6b1db758c95bacfafa;0aaebed766f7120873d5ad90c23355f8;2929fac2296bf1041ba33c86d42d9a5a;c8e46a29cac614806da56b0be6b0e454;b2e76a3113cbfc8e9729b7e170a5a6aa;8e7c28877a9c7826fece190f185b534c;379509c4b83f252bc779446f0512e936;80be956df11e4a384333150807c3ccd9;d38cba2905e62b4c1a7e5c88137ce485;326a9797b0d59b8f6d5a3c384c564b9f;5ffa5b3b330848d39dc1728365dad61c;db8c6ba84f796a2f1fa1497b8dc1aae2;4d4b29abb6b1e580e33c0035c1fc37ad,Discovery,T1057,92604,Processes running for all users were queried with ps command.,medium,Primary trigger evidence for C-LNX-01-CAL-R002,Medium-confidence timestamp-derived label; retained after spot-check.
LBL-000025,ALERT-E9DD862B632660E7,,C-LNX-01,C-LNX-01-CAL-R002,safesoc-lnx-01,2026-05-15T00:23:35.406-0400,attack_like,supporting,caldera_campaign,caldera,MITRE Caldera,,CAL_LNX_OP2 (2026-05-15T04:08:53.929Z),Defense Evasion (ef4d997c-a0d1-4067-9efa-87c58682db71),43b3754c-def4-4699-a673-1d85648fda6a;8478297ebb155b34c412a0fde335eccd;683115a2ceeb045e6ffbf4487322b220;8a60db80ab6f4a6b1db758c95bacfafa;0aaebed766f7120873d5ad90c23355f8;2929fac2296bf1041ba33c86d42d9a5a;c8e46a29cac614806da56b0be6b0e454;b2e76a3113cbfc8e9729b7e170a5a6aa;8e7c28877a9c7826fece190f185b534c;379509c4b83f252bc779446f0512e936;80be956df11e4a384333150807c3ccd9;d38cba2905e62b4c1a7e5c88137ce485;326a9797b0d59b8f6d5a3c384c564b9f;5ffa5b3b330848d39dc1728365dad61c;db8c6ba84f796a2f1fa1497b8dc1aae2;4d4b29abb6b1e580e33c0035c1fc37ad,Discovery,T1057,92604,Processes running for all users were queried with ps command.,medium,Primary trigger evidence for C-LNX-01-CAL-R002,Medium-confidence timestamp-derived label; retained after spot-check.
LBL-000026,ALERT-D0A9E728D7C1698C,,C-LNX-01,C-LNX-01-CAL-R002,safesoc-lnx-01,2026-05-15T00:24:29.451-0400,attack_like,supporting,caldera_campaign,caldera,MITRE Caldera,,CAL_LNX_OP2 (2026-05-15T04:08:53.929Z),Defense Evasion (ef4d997c-a0d1-4067-9efa-87c58682db71),43b3754c-def4-4699-a673-1d85648fda6a;8478297ebb155b34c412a0fde335eccd;683115a2ceeb045e6ffbf4487322b220;8a60db80ab6f4a6b1db758c95bacfafa;0aaebed766f7120873d5ad90c23355f8;2929fac2296bf1041ba33c86d42d9a5a;c8e46a29cac614806da56b0be6b0e454;b2e76a3113cbfc8e9729b7e170a5a6aa;8e7c28877a9c7826fece190f185b534c;379509c4b83f252bc779446f0512e936;80be956df11e4a384333150807c3ccd9;d38cba2905e62b4c1a7e5c88137ce485;326a9797b0d59b8f6d5a3c384c564b9f;5ffa5b3b330848d39dc1728365dad61c;db8c6ba84f796a2f1fa1497b8dc1aae2;4d4b29abb6b1e580e33c0035c1fc37ad,Discovery,T1057,92604,Processes running for all users were queried with ps command.,medium,Primary trigger evidence for C-LNX-01-CAL-R002,Medium-confidence timestamp-derived label; retained after spot-check.
LBL-000027,ALERT-E7E9E15ED9F70D35,,C-LNX-01,C-LNX-01-CAL-R002,safesoc-lnx-01,2026-05-15T00:25:35.434-0400,attack_like,supporting,caldera_campaign,caldera,MITRE Caldera,,CAL_LNX_OP2 (2026-05-15T04:08:53.929Z),Defense Evasion (ef4d997c-a0d1-4067-9efa-87c58682db71),43b3754c-def4-4699-a673-1d85648fda6a;8478297ebb155b34c412a0fde335eccd;683115a2ceeb045e6ffbf4487322b220;8a60db80ab6f4a6b1db758c95bacfafa;0aaebed766f7120873d5ad90c23355f8;2929fac2296bf1041ba33c86d42d9a5a;c8e46a29cac614806da56b0be6b0e454;b2e76a3113cbfc8e9729b7e170a5a6aa;8e7c28877a9c7826fece190f185b534c;379509c4b83f252bc779446f0512e936;80be956df11e4a384333150807c3ccd9;d38cba2905e62b4c1a7e5c88137ce485;326a9797b0d59b8f6d5a3c384c564b9f;5ffa5b3b330848d39dc1728365dad61c;db8c6ba84f796a2f1fa1497b8dc1aae2;4d4b29abb6b1e580e33c0035c1fc37ad,Discovery,T1057,92604,Processes running for all users were queried with ps command.,medium,Primary trigger evidence for C-LNX-01-CAL-R002,Medium-confidence timestamp-derived label; retained after spot-check.
LBL-000028,ALERT-45EFA995E37102F8,,C-LNX-01,C-LNX-01-CAL-R002,safesoc-lnx-01,2026-05-15T00:26:17.443-0400,attack_like,supporting,caldera_campaign,caldera,MITRE Caldera,,CAL_LNX_OP2 (2026-05-15T04:08:53.929Z),Defense Evasion (ef4d997c-a0d1-4067-9efa-87c58682db71),43b3754c-def4-4699-a673-1d85648fda6a;8478297ebb155b34c412a0fde335eccd;683115a2ceeb045e6ffbf4487322b220;8a60db80ab6f4a6b1db758c95bacfafa;0aaebed766f7120873d5ad90c23355f8;2929fac2296bf1041ba33c86d42d9a5a;c8e46a29cac614806da56b0be6b0e454;b2e76a3113cbfc8e9729b7e170a5a6aa;8e7c28877a9c7826fece190f185b534c;379509c4b83f252bc779446f0512e936;80be956df11e4a384333150807c3ccd9;d38cba2905e62b4c1a7e5c88137ce485;326a9797b0d59b8f6d5a3c384c564b9f;5ffa5b3b330848d39dc1728365dad61c;db8c6ba84f796a2f1fa1497b8dc1aae2;4d4b29abb6b1e580e33c0035c1fc37ad,Discovery,T1057,92604,Processes running for all users were queried with ps command.,medium,Primary trigger evidence for C-LNX-01-CAL-R002,Medium-confidence timestamp-derived label; retained after spot-check.
LBL-000029,ALERT-E1DDFE2BEA2A83C4,,C-LNX-01,C-LNX-01-CAL-R002,safesoc-lnx-01,2026-05-15T00:26:59.493-0400,attack_like,supporting,caldera_campaign,caldera,MITRE Caldera,,CAL_LNX_OP2 (2026-05-15T04:08:53.929Z),Defense Evasion (ef4d997c-a0d1-4067-9efa-87c58682db71),43b3754c-def4-4699-a673-1d85648fda6a;8478297ebb155b34c412a0fde335eccd;683115a2ceeb045e6ffbf4487322b220;8a60db80ab6f4a6b1db758c95bacfafa;0aaebed766f7120873d5ad90c23355f8;2929fac2296bf1041ba33c86d42d9a5a;c8e46a29cac614806da56b0be6b0e454;b2e76a3113cbfc8e9729b7e170a5a6aa;8e7c28877a9c7826fece190f185b534c;379509c4b83f252bc779446f0512e936;80be956df11e4a384333150807c3ccd9;d38cba2905e62b4c1a7e5c88137ce485;326a9797b0d59b8f6d5a3c384c564b9f;5ffa5b3b330848d39dc1728365dad61c;db8c6ba84f796a2f1fa1497b8dc1aae2;4d4b29abb6b1e580e33c0035c1fc37ad,Discovery,T1057,92604,Processes running for all users were queried with ps command.,medium,Primary trigger evidence for C-LNX-01-CAL-R002,Medium-confidence timestamp-derived label; retained after spot-check.
LBL-000030,ALERT-3F74861696BA1246,,C-LNX-01,C-LNX-01-CAL-R002,safesoc-lnx-01,2026-05-15T00:27:45.506-0400,attack_like,supporting,caldera_campaign,caldera,MITRE Caldera,,CAL_LNX_OP2 (2026-05-15T04:08:53.929Z),Defense Evasion (ef4d997c-a0d1-4067-9efa-87c58682db71),43b3754c-def4-4699-a673-1d85648fda6a;8478297ebb155b34c412a0fde335eccd;683115a2ceeb045e6ffbf4487322b220;8a60db80ab6f4a6b1db758c95bacfafa;0aaebed766f7120873d5ad90c23355f8;2929fac2296bf1041ba33c86d42d9a5a;c8e46a29cac614806da56b0be6b0e454;b2e76a3113cbfc8e9729b7e170a5a6aa;8e7c28877a9c7826fece190f185b534c;379509c4b83f252bc779446f0512e936;80be956df11e4a384333150807c3ccd9;d38cba2905e62b4c1a7e5c88137ce485;326a9797b0d59b8f6d5a3c384c564b9f;5ffa5b3b330848d39dc1728365dad61c;db8c6ba84f796a2f1fa1497b8dc1aae2;4d4b29abb6b1e580e33c0035c1fc37ad,Discovery,T1057,92604,Processes running for all users were queried with ps command.,medium,Primary trigger evidence for C-LNX-01-CAL-R002,Medium-confidence timestamp-derived label; retained after spot-check.
LBL-000031,ALERT-8C5FEED7F848D6A3,,C-LNX-01,C-LNX-01-CAL-R002,safesoc-lnx-01,2026-05-15T00:28:31.519-0400,attack_like,supporting,caldera_campaign,caldera,MITRE Caldera,,CAL_LNX_OP2 (2026-05-15T04:08:53.929Z),Defense Evasion (ef4d997c-a0d1-4067-9efa-87c58682db71),43b3754c-def4-4699-a673-1d85648fda6a;8478297ebb155b34c412a0fde335eccd;683115a2ceeb045e6ffbf4487322b220;8a60db80ab6f4a6b1db758c95bacfafa;0aaebed766f7120873d5ad90c23355f8;2929fac2296bf1041ba33c86d42d9a5a;c8e46a29cac614806da56b0be6b0e454;b2e76a3113cbfc8e9729b7e170a5a6aa;8e7c28877a9c7826fece190f185b534c;379509c4b83f252bc779446f0512e936;80be956df11e4a384333150807c3ccd9;d38cba2905e62b4c1a7e5c88137ce485;326a9797b0d59b8f6d5a3c384c564b9f;5ffa5b3b330848d39dc1728365dad61c;db8c6ba84f796a2f1fa1497b8dc1aae2;4d4b29abb6b1e580e33c0035c1fc37ad,Discovery,T1057,92604,Processes running for all users were queried with ps command.,medium,Primary trigger evidence for C-LNX-01-CAL-R002,Medium-confidence timestamp-derived label; retained after spot-check.
LBL-000032,ALERT-6EB90D9669A9EA66,,C-LNX-01,C-LNX-01-CAL-R002,safesoc-lnx-01,2026-05-15T00:29:22.184-0400,attack_like,supporting,caldera_campaign,caldera,MITRE Caldera,,CAL_LNX_OP2 (2026-05-15T04:08:53.929Z),Defense Evasion (ef4d997c-a0d1-4067-9efa-87c58682db71),43b3754c-def4-4699-a673-1d85648fda6a;8478297ebb155b34c412a0fde335eccd;683115a2ceeb045e6ffbf4487322b220;8a60db80ab6f4a6b1db758c95bacfafa;0aaebed766f7120873d5ad90c23355f8;2929fac2296bf1041ba33c86d42d9a5a;c8e46a29cac614806da56b0be6b0e454;b2e76a3113cbfc8e9729b7e170a5a6aa;8e7c28877a9c7826fece190f185b534c;379509c4b83f252bc779446f0512e936;80be956df11e4a384333150807c3ccd9;d38cba2905e62b4c1a7e5c88137ce485;326a9797b0d59b8f6d5a3c384c564b9f;5ffa5b3b330848d39dc1728365dad61c;db8c6ba84f796a2f1fa1497b8dc1aae2;4d4b29abb6b1e580e33c0035c1fc37ad,Discovery,T1057,92604,Processes running for all users were queried with ps command.,medium,Primary trigger evidence for C-LNX-01-CAL-R002,Medium-confidence timestamp-derived label; retained after spot-check.
LBL-000033,ALERT-9BFA3724D0BAC2E6,,C-LNX-01,C-LNX-01-CAL-R002,safesoc-lnx-01,2026-05-15T00:30:07.545-0400,attack_like,supporting,caldera_campaign,caldera,MITRE Caldera,,CAL_LNX_OP2 (2026-05-15T04:08:53.929Z),Defense Evasion (ef4d997c-a0d1-4067-9efa-87c58682db71),43b3754c-def4-4699-a673-1d85648fda6a;8478297ebb155b34c412a0fde335eccd;683115a2ceeb045e6ffbf4487322b220;8a60db80ab6f4a6b1db758c95bacfafa;0aaebed766f7120873d5ad90c23355f8;2929fac2296bf1041ba33c86d42d9a5a;c8e46a29cac614806da56b0be6b0e454;b2e76a3113cbfc8e9729b7e170a5a6aa;8e7c28877a9c7826fece190f185b534c;379509c4b83f252bc779446f0512e936;80be956df11e4a384333150807c3ccd9;d38cba2905e62b4c1a7e5c88137ce485;326a9797b0d59b8f6d5a3c384c564b9f;5ffa5b3b330848d39dc1728365dad61c;db8c6ba84f796a2f1fa1497b8dc1aae2;4d4b29abb6b1e580e33c0035c1fc37ad,Discovery,T1057,92604,Processes running for all users were queried with ps command.,medium,Primary trigger evidence for C-LNX-01-CAL-R002,Medium-confidence timestamp-derived label; retained after spot-check.
LBL-000034,ALERT-72F26E87464E67FC,,C-LNX-01,C-LNX-01-CAL-R002,safesoc-lnx-01,2026-05-15T00:31:11.531-0400,attack_like,supporting,caldera_campaign,caldera,MITRE Caldera,,CAL_LNX_OP2 (2026-05-15T04:08:53.929Z),Defense Evasion (ef4d997c-a0d1-4067-9efa-87c58682db71),43b3754c-def4-4699-a673-1d85648fda6a;8478297ebb155b34c412a0fde335eccd;683115a2ceeb045e6ffbf4487322b220;8a60db80ab6f4a6b1db758c95bacfafa;0aaebed766f7120873d5ad90c23355f8;2929fac2296bf1041ba33c86d42d9a5a;c8e46a29cac614806da56b0be6b0e454;b2e76a3113cbfc8e9729b7e170a5a6aa;8e7c28877a9c7826fece190f185b534c;379509c4b83f252bc779446f0512e936;80be956df11e4a384333150807c3ccd9;d38cba2905e62b4c1a7e5c88137ce485;326a9797b0d59b8f6d5a3c384c564b9f;5ffa5b3b330848d39dc1728365dad61c;db8c6ba84f796a2f1fa1497b8dc1aae2;4d4b29abb6b1e580e33c0035c1fc37ad,Discovery,T1057,92604,Processes running for all users were queried with ps command.,medium,Primary trigger evidence for C-LNX-01-CAL-R002,Medium-confidence timestamp-derived label; retained after spot-check.
LBL-000035,ALERT-9E5D5E7591D2BA84,,C-LNX-01,C-LNX-01-CAL-R002,safesoc-lnx-01,2026-05-15T00:32:03.577-0400,attack_like,supporting,caldera_campaign,caldera,MITRE Caldera,,CAL_LNX_OP2 (2026-05-15T04:08:53.929Z),Defense Evasion (ef4d997c-a0d1-4067-9efa-87c58682db71),43b3754c-def4-4699-a673-1d85648fda6a;8478297ebb155b34c412a0fde335eccd;683115a2ceeb045e6ffbf4487322b220;8a60db80ab6f4a6b1db758c95bacfafa;0aaebed766f7120873d5ad90c23355f8;2929fac2296bf1041ba33c86d42d9a5a;c8e46a29cac614806da56b0be6b0e454;b2e76a3113cbfc8e9729b7e170a5a6aa;8e7c28877a9c7826fece190f185b534c;379509c4b83f252bc779446f0512e936;80be956df11e4a384333150807c3ccd9;d38cba2905e62b4c1a7e5c88137ce485;326a9797b0d59b8f6d5a3c384c564b9f;5ffa5b3b330848d39dc1728365dad61c;db8c6ba84f796a2f1fa1497b8dc1aae2;4d4b29abb6b1e580e33c0035c1fc37ad,Discovery,T1057,92604,Processes running for all users were queried with ps command.,medium,Primary trigger evidence for C-LNX-01-CAL-R002,Medium-confidence timestamp-derived label; retained after spot-check.
LBL-000036,ALERT-F0B0033875C6224D,,C-LNX-01,C-LNX-01-CAL-R002,safesoc-lnx-01,2026-05-15T00:32:42.280-0400,attack_like,supporting,caldera_campaign,caldera,MITRE Caldera,,CAL_LNX_OP2 (2026-05-15T04:08:53.929Z),Defense Evasion (ef4d997c-a0d1-4067-9efa-87c58682db71),43b3754c-def4-4699-a673-1d85648fda6a;8478297ebb155b34c412a0fde335eccd;683115a2ceeb045e6ffbf4487322b220;8a60db80ab6f4a6b1db758c95bacfafa;0aaebed766f7120873d5ad90c23355f8;2929fac2296bf1041ba33c86d42d9a5a;c8e46a29cac614806da56b0be6b0e454;b2e76a3113cbfc8e9729b7e170a5a6aa;8e7c28877a9c7826fece190f185b534c;379509c4b83f252bc779446f0512e936;80be956df11e4a384333150807c3ccd9;d38cba2905e62b4c1a7e5c88137ce485;326a9797b0d59b8f6d5a3c384c564b9f;5ffa5b3b330848d39dc1728365dad61c;db8c6ba84f796a2f1fa1497b8dc1aae2;4d4b29abb6b1e580e33c0035c1fc37ad,Discovery,T1057,92604,Processes running for all users were queried with ps command.,medium,Primary trigger evidence for C-LNX-01-CAL-R002,Medium-confidence timestamp-derived label; retained after spot-check.
LBL-000037,ALERT-561FB6D199940F1C,,C-LNX-01,C-LNX-01-CAL-R002,safesoc-lnx-01,2026-05-15T00:12:25.208-0400,attack_like,duplicate,caldera_campaign,caldera,MITRE Caldera,,CAL_LNX_OP2 (2026-05-15T04:08:53.929Z),Defense Evasion (ef4d997c-a0d1-4067-9efa-87c58682db71),43b3754c-def4-4699-a673-1d85648fda6a;8478297ebb155b34c412a0fde335eccd;683115a2ceeb045e6ffbf4487322b220;8a60db80ab6f4a6b1db758c95bacfafa;0aaebed766f7120873d5ad90c23355f8;2929fac2296bf1041ba33c86d42d9a5a;c8e46a29cac614806da56b0be6b0e454;b2e76a3113cbfc8e9729b7e170a5a6aa;8e7c28877a9c7826fece190f185b534c;379509c4b83f252bc779446f0512e936;80be956df11e4a384333150807c3ccd9;d38cba2905e62b4c1a7e5c88137ce485;326a9797b0d59b8f6d5a3c384c564b9f;5ffa5b3b330848d39dc1728365dad61c;db8c6ba84f796a2f1fa1497b8dc1aae2;4d4b29abb6b1e580e33c0035c1fc37ad,Discovery,T1057,92604,Processes running for all users were queried with ps command.,medium,Primary trigger evidence for C-LNX-01-CAL-R002,Reviewed during Sprint 8 QA. Duplicate correlation reference retained for overlap and alert-fatigue analysis.
LBL-000038,ALERT-D33329D0398DE5E9,,C-LNX-01,C-LNX-01-CAL-R002,safesoc-lnx-01,2026-05-15T00:13:37.238-0400,attack_like,duplicate,caldera_campaign,caldera,MITRE Caldera,,CAL_LNX_OP2 (2026-05-15T04:08:53.929Z),Defense Evasion (ef4d997c-a0d1-4067-9efa-87c58682db71),43b3754c-def4-4699-a673-1d85648fda6a;8478297ebb155b34c412a0fde335eccd;683115a2ceeb045e6ffbf4487322b220;8a60db80ab6f4a6b1db758c95bacfafa;0aaebed766f7120873d5ad90c23355f8;2929fac2296bf1041ba33c86d42d9a5a;c8e46a29cac614806da56b0be6b0e454;b2e76a3113cbfc8e9729b7e170a5a6aa;8e7c28877a9c7826fece190f185b534c;379509c4b83f252bc779446f0512e936;80be956df11e4a384333150807c3ccd9;d38cba2905e62b4c1a7e5c88137ce485;326a9797b0d59b8f6d5a3c384c564b9f;5ffa5b3b330848d39dc1728365dad61c;db8c6ba84f796a2f1fa1497b8dc1aae2;4d4b29abb6b1e580e33c0035c1fc37ad,Discovery,T1057,92604,Processes running for all users were queried with ps command.,medium,Primary trigger evidence for C-LNX-01-CAL-R002,Reviewed during Sprint 8 QA. Duplicate correlation reference retained for overlap and alert-fatigue analysis.
LBL-000039,ALERT-319CCDE655311608,,C-LNX-01,C-LNX-01-CAL-R002,safesoc-lnx-01,2026-05-15T00:14:35.246-0400,attack_like,duplicate,caldera_campaign,caldera,MITRE Caldera,,CAL_LNX_OP2 (2026-05-15T04:08:53.929Z),Defense Evasion (ef4d997c-a0d1-4067-9efa-87c58682db71),43b3754c-def4-4699-a673-1d85648fda6a;8478297ebb155b34c412a0fde335eccd;683115a2ceeb045e6ffbf4487322b220;8a60db80ab6f4a6b1db758c95bacfafa;0aaebed766f7120873d5ad90c23355f8;2929fac2296bf1041ba33c86d42d9a5a;c8e46a29cac614806da56b0be6b0e454;b2e76a3113cbfc8e9729b7e170a5a6aa;8e7c28877a9c7826fece190f185b534c;379509c4b83f252bc779446f0512e936;80be956df11e4a384333150807c3ccd9;d38cba2905e62b4c1a7e5c88137ce485;326a9797b0d59b8f6d5a3c384c564b9f;5ffa5b3b330848d39dc1728365dad61c;db8c6ba84f796a2f1fa1497b8dc1aae2;4d4b29abb6b1e580e33c0035c1fc37ad,Discovery,T1057,92604,Processes running for all users were queried with ps command.,medium,Primary trigger evidence for C-LNX-01-CAL-R002,Reviewed during Sprint 8 QA. Duplicate correlation reference retained for overlap and alert-fatigue analysis.
LBL-000040,ALERT-4E48943D1FB4B605,,C-LNX-01,C-LNX-01-CAL-R002,safesoc-lnx-01,2026-05-15T00:15:35.267-0400,attack_like,duplicate,caldera_campaign,caldera,MITRE Caldera,,CAL_LNX_OP2 (2026-05-15T04:08:53.929Z),Defense Evasion (ef4d997c-a0d1-4067-9efa-87c58682db71),43b3754c-def4-4699-a673-1d85648fda6a;8478297ebb155b34c412a0fde335eccd;683115a2ceeb045e6ffbf4487322b220;8a60db80ab6f4a6b1db758c95bacfafa;0aaebed766f7120873d5ad90c23355f8;2929fac2296bf1041ba33c86d42d9a5a;c8e46a29cac614806da56b0be6b0e454;b2e76a3113cbfc8e9729b7e170a5a6aa;8e7c28877a9c7826fece190f185b534c;379509c4b83f252bc779446f0512e936;80be956df11e4a384333150807c3ccd9;d38cba2905e62b4c1a7e5c88137ce485;326a9797b0d59b8f6d5a3c384c564b9f;5ffa5b3b330848d39dc1728365dad61c;db8c6ba84f796a2f1fa1497b8dc1aae2;4d4b29abb6b1e580e33c0035c1fc37ad,Discovery,T1057,92604,Processes running for all users were queried with ps command.,medium,Primary trigger evidence for C-LNX-01-CAL-R002,Reviewed during Sprint 8 QA. Duplicate correlation reference retained for overlap and alert-fatigue analysis.
LBL-000041,ALERT-A1220A2648FB0DAA,,C-LNX-01,C-LNX-01-CAL-R002,safesoc-lnx-01,2026-05-15T00:16:43.322-0400,attack_like,duplicate,caldera_campaign,caldera,MITRE Caldera,,CAL_LNX_OP2 (2026-05-15T04:08:53.929Z),Defense Evasion (ef4d997c-a0d1-4067-9efa-87c58682db71),43b3754c-def4-4699-a673-1d85648fda6a;8478297ebb155b34c412a0fde335eccd;683115a2ceeb045e6ffbf4487322b220;8a60db80ab6f4a6b1db758c95bacfafa;0aaebed766f7120873d5ad90c23355f8;2929fac2296bf1041ba33c86d42d9a5a;c8e46a29cac614806da56b0be6b0e454;b2e76a3113cbfc8e9729b7e170a5a6aa;8e7c28877a9c7826fece190f185b534c;379509c4b83f252bc779446f0512e936;80be956df11e4a384333150807c3ccd9;d38cba2905e62b4c1a7e5c88137ce485;326a9797b0d59b8f6d5a3c384c564b9f;5ffa5b3b330848d39dc1728365dad61c;db8c6ba84f796a2f1fa1497b8dc1aae2;4d4b29abb6b1e580e33c0035c1fc37ad,Discovery,T1057,92604,Processes running for all users were queried with ps command.,medium,Primary trigger evidence for C-LNX-01-CAL-R002,Reviewed during Sprint 8 QA. Duplicate correlation reference retained for overlap and alert-fatigue analysis.
LBL-000042,ALERT-A591C7557ECCEB16,,C-LNX-01,C-LNX-01-CAL-R002,safesoc-lnx-01,2026-05-15T00:17:47.297-0400,attack_like,duplicate,caldera_campaign,caldera,MITRE Caldera,,CAL_LNX_OP2 (2026-05-15T04:08:53.929Z),Defense Evasion (ef4d997c-a0d1-4067-9efa-87c58682db71),43b3754c-def4-4699-a673-1d85648fda6a;8478297ebb155b34c412a0fde335eccd;683115a2ceeb045e6ffbf4487322b220;8a60db80ab6f4a6b1db758c95bacfafa;0aaebed766f7120873d5ad90c23355f8;2929fac2296bf1041ba33c86d42d9a5a;c8e46a29cac614806da56b0be6b0e454;b2e76a3113cbfc8e9729b7e170a5a6aa;8e7c28877a9c7826fece190f185b534c;379509c4b83f252bc779446f0512e936;80be956df11e4a384333150807c3ccd9;d38cba2905e62b4c1a7e5c88137ce485;326a9797b0d59b8f6d5a3c384c564b9f;5ffa5b3b330848d39dc1728365dad61c;db8c6ba84f796a2f1fa1497b8dc1aae2;4d4b29abb6b1e580e33c0035c1fc37ad,Discovery,T1057,92604,Processes running for all users were queried with ps command.,medium,Primary trigger evidence for C-LNX-01-CAL-R002,Reviewed during Sprint 8 QA. Duplicate correlation reference retained for overlap and alert-fatigue analysis.
LBL-000043,ALERT-8886D78D94AD800D,,C-LNX-01,C-LNX-01-CAL-R002,safesoc-lnx-01,2026-05-15T00:18:55.313-0400,attack_like,duplicate,caldera_campaign,caldera,MITRE Caldera,,CAL_LNX_OP2 (2026-05-15T04:08:53.929Z),Defense Evasion (ef4d997c-a0d1-4067-9efa-87c58682db71),43b3754c-def4-4699-a673-1d85648fda6a;8478297ebb155b34c412a0fde335eccd;683115a2ceeb045e6ffbf4487322b220;8a60db80ab6f4a6b1db758c95bacfafa;0aaebed766f7120873d5ad90c23355f8;2929fac2296bf1041ba33c86d42d9a5a;c8e46a29cac614806da56b0be6b0e454;b2e76a3113cbfc8e9729b7e170a5a6aa;8e7c28877a9c7826fece190f185b534c;379509c4b83f252bc779446f0512e936;80be956df11e4a384333150807c3ccd9;d38cba2905e62b4c1a7e5c88137ce485;326a9797b0d59b8f6d5a3c384c564b9f;5ffa5b3b330848d39dc1728365dad61c;db8c6ba84f796a2f1fa1497b8dc1aae2;4d4b29abb6b1e580e33c0035c1fc37ad,Discovery,T1057,92604,Processes running for all users were queried with ps command.,medium,Primary trigger evidence for C-LNX-01-CAL-R002,Reviewed during Sprint 8 QA. Duplicate correlation reference retained for overlap and alert-fatigue analysis.
LBL-000044,ALERT-56E5215B1774D9BD,,C-LNX-01,C-LNX-01-CAL-R002,safesoc-lnx-01,2026-05-15T00:19:55.349-0400,attack_like,duplicate,caldera_campaign,caldera,MITRE Caldera,,CAL_LNX_OP2 (2026-05-15T04:08:53.929Z),Defense Evasion (ef4d997c-a0d1-4067-9efa-87c58682db71),43b3754c-def4-4699-a673-1d85648fda6a;8478297ebb155b34c412a0fde335eccd;683115a2ceeb045e6ffbf4487322b220;8a60db80ab6f4a6b1db758c95bacfafa;0aaebed766f7120873d5ad90c23355f8;2929fac2296bf1041ba33c86d42d9a5a;c8e46a29cac614806da56b0be6b0e454;b2e76a3113cbfc8e9729b7e170a5a6aa;8e7c28877a9c7826fece190f185b534c;379509c4b83f252bc779446f0512e936;80be956df11e4a384333150807c3ccd9;d38cba2905e62b4c1a7e5c88137ce485;326a9797b0d59b8f6d5a3c384c564b9f;5ffa5b3b330848d39dc1728365dad61c;db8c6ba84f796a2f1fa1497b8dc1aae2;4d4b29abb6b1e580e33c0035c1fc37ad,Discovery,T1057,92604,Processes running for all users were queried with ps command.,medium,Primary trigger evidence for C-LNX-01-CAL-R002,Reviewed during Sprint 8 QA. Duplicate correlation reference retained for overlap and alert-fatigue analysis.
LBL-000045,ALERT-D333DCF417EBA53B,,C-LNX-01,C-LNX-01-CAL-R002,safesoc-lnx-01,2026-05-15T00:20:39.359-0400,attack_like,duplicate,caldera_campaign,caldera,MITRE Caldera,,CAL_LNX_OP2 (2026-05-15T04:08:53.929Z),Defense Evasion (ef4d997c-a0d1-4067-9efa-87c58682db71),43b3754c-def4-4699-a673-1d85648fda6a;8478297ebb155b34c412a0fde335eccd;683115a2ceeb045e6ffbf4487322b220;8a60db80ab6f4a6b1db758c95bacfafa;0aaebed766f7120873d5ad90c23355f8;2929fac2296bf1041ba33c86d42d9a5a;c8e46a29cac614806da56b0be6b0e454;b2e76a3113cbfc8e9729b7e170a5a6aa;8e7c28877a9c7826fece190f185b534c;379509c4b83f252bc779446f0512e936;80be956df11e4a384333150807c3ccd9;d38cba2905e62b4c1a7e5c88137ce485;326a9797b0d59b8f6d5a3c384c564b9f;5ffa5b3b330848d39dc1728365dad61c;db8c6ba84f796a2f1fa1497b8dc1aae2;4d4b29abb6b1e580e33c0035c1fc37ad,Discovery,T1057,92604,Processes running for all users were queried with ps command.,medium,Primary trigger evidence for C-LNX-01-CAL-R002,Reviewed during Sprint 8 QA. Duplicate correlation reference retained for overlap and alert-fatigue analysis.
LBL-000046,ALERT-585DD3F6152E6CA5,,C-LNX-01,C-LNX-01-CAL-R002,safesoc-lnx-01,2026-05-15T00:21:37.372-0400,attack_like,duplicate,caldera_campaign,caldera,MITRE Caldera,,CAL_LNX_OP2 (2026-05-15T04:08:53.929Z),Defense Evasion (ef4d997c-a0d1-4067-9efa-87c58682db71),43b3754c-def4-4699-a673-1d85648fda6a;8478297ebb155b34c412a0fde335eccd;683115a2ceeb045e6ffbf4487322b220;8a60db80ab6f4a6b1db758c95bacfafa;0aaebed766f7120873d5ad90c23355f8;2929fac2296bf1041ba33c86d42d9a5a;c8e46a29cac614806da56b0be6b0e454;b2e76a3113cbfc8e9729b7e170a5a6aa;8e7c28877a9c7826fece190f185b534c;379509c4b83f252bc779446f0512e936;80be956df11e4a384333150807c3ccd9;d38cba2905e62b4c1a7e5c88137ce485;326a9797b0d59b8f6d5a3c384c564b9f;5ffa5b3b330848d39dc1728365dad61c;db8c6ba84f796a2f1fa1497b8dc1aae2;4d4b29abb6b1e580e33c0035c1fc37ad,Discovery,T1057,92604,Processes running for all users were queried with ps command.,medium,Primary trigger evidence for C-LNX-01-CAL-R002,Reviewed during Sprint 8 QA. Duplicate correlation reference retained for overlap and alert-fatigue analysis.
LBL-000047,ALERT-0E36E33EAB78C7F9,,C-LNX-01,C-LNX-01-CAL-R002,safesoc-lnx-01,2026-05-15T00:22:37.386-0400,attack_like,duplicate,caldera_campaign,caldera,MITRE Caldera,,CAL_LNX_OP2 (2026-05-15T04:08:53.929Z),Defense Evasion (ef4d997c-a0d1-4067-9efa-87c58682db71),43b3754c-def4-4699-a673-1d85648fda6a;8478297ebb155b34c412a0fde335eccd;683115a2ceeb045e6ffbf4487322b220;8a60db80ab6f4a6b1db758c95bacfafa;0aaebed766f7120873d5ad90c23355f8;2929fac2296bf1041ba33c86d42d9a5a;c8e46a29cac614806da56b0be6b0e454;b2e76a3113cbfc8e9729b7e170a5a6aa;8e7c28877a9c7826fece190f185b534c;379509c4b83f252bc779446f0512e936;80be956df11e4a384333150807c3ccd9;d38cba2905e62b4c1a7e5c88137ce485;326a9797b0d59b8f6d5a3c384c564b9f;5ffa5b3b330848d39dc1728365dad61c;db8c6ba84f796a2f1fa1497b8dc1aae2;4d4b29abb6b1e580e33c0035c1fc37ad,Discovery,T1057,92604,Processes running for all users were queried with ps command.,medium,Primary trigger evidence for C-LNX-01-CAL-R002,Reviewed during Sprint 8 QA. Duplicate correlation reference retained for overlap and alert-fatigue analysis.
LBL-000048,ALERT-E9DD862B632660E7,,C-LNX-01,C-LNX-01-CAL-R002,safesoc-lnx-01,2026-05-15T00:23:35.406-0400,attack_like,duplicate,caldera_campaign,caldera,MITRE Caldera,,CAL_LNX_OP2 (2026-05-15T04:08:53.929Z),Defense Evasion (ef4d997c-a0d1-4067-9efa-87c58682db71),43b3754c-def4-4699-a673-1d85648fda6a;8478297ebb155b34c412a0fde335eccd;683115a2ceeb045e6ffbf4487322b220;8a60db80ab6f4a6b1db758c95bacfafa;0aaebed766f7120873d5ad90c23355f8;2929fac2296bf1041ba33c86d42d9a5a;c8e46a29cac614806da56b0be6b0e454;b2e76a3113cbfc8e9729b7e170a5a6aa;8e7c28877a9c7826fece190f185b534c;379509c4b83f252bc779446f0512e936;80be956df11e4a384333150807c3ccd9;d38cba2905e62b4c1a7e5c88137ce485;326a9797b0d59b8f6d5a3c384c564b9f;5ffa5b3b330848d39dc1728365dad61c;db8c6ba84f796a2f1fa1497b8dc1aae2;4d4b29abb6b1e580e33c0035c1fc37ad,Discovery,T1057,92604,Processes running for all users were queried with ps command.,medium,Primary trigger evidence for C-LNX-01-CAL-R002,Reviewed during Sprint 8 QA. Duplicate correlation reference retained for overlap and alert-fatigue analysis.
LBL-000049,ALERT-D0A9E728D7C1698C,,C-LNX-01,C-LNX-01-CAL-R002,safesoc-lnx-01,2026-05-15T00:24:29.451-0400,attack_like,duplicate,caldera_campaign,caldera,MITRE Caldera,,CAL_LNX_OP2 (2026-05-15T04:08:53.929Z),Defense Evasion (ef4d997c-a0d1-4067-9efa-87c58682db71),43b3754c-def4-4699-a673-1d85648fda6a;8478297ebb155b34c412a0fde335eccd;683115a2ceeb045e6ffbf4487322b220;8a60db80ab6f4a6b1db758c95bacfafa;0aaebed766f7120873d5ad90c23355f8;2929fac2296bf1041ba33c86d42d9a5a;c8e46a29cac614806da56b0be6b0e454;b2e76a3113cbfc8e9729b7e170a5a6aa;8e7c28877a9c7826fece190f185b534c;379509c4b83f252bc779446f0512e936;80be956df11e4a384333150807c3ccd9;d38cba2905e62b4c1a7e5c88137ce485;326a9797b0d59b8f6d5a3c384c564b9f;5ffa5b3b330848d39dc1728365dad61c;db8c6ba84f796a2f1fa1497b8dc1aae2;4d4b29abb6b1e580e33c0035c1fc37ad,Discovery,T1057,92604,Processes running for all users were queried with ps command.,medium,Primary trigger evidence for C-LNX-01-CAL-R002,Reviewed during Sprint 8 QA. Duplicate correlation reference retained for overlap and alert-fatigue analysis.
LBL-000050,ALERT-E7E9E15ED9F70D35,,C-LNX-01,C-LNX-01-CAL-R002,safesoc-lnx-01,2026-05-15T00:25:35.434-0400,attack_like,duplicate,caldera_campaign,caldera,MITRE Caldera,,CAL_LNX_OP2 (2026-05-15T04:08:53.929Z),Defense Evasion (ef4d997c-a0d1-4067-9efa-87c58682db71),43b3754c-def4-4699-a673-1d85648fda6a;8478297ebb155b34c412a0fde335eccd;683115a2ceeb045e6ffbf4487322b220;8a60db80ab6f4a6b1db758c95bacfafa;0aaebed766f7120873d5ad90c23355f8;2929fac2296bf1041ba33c86d42d9a5a;c8e46a29cac614806da56b0be6b0e454;b2e76a3113cbfc8e9729b7e170a5a6aa;8e7c28877a9c7826fece190f185b534c;379509c4b83f252bc779446f0512e936;80be956df11e4a384333150807c3ccd9;d38cba2905e62b4c1a7e5c88137ce485;326a9797b0d59b8f6d5a3c384c564b9f;5ffa5b3b330848d39dc1728365dad61c;db8c6ba84f796a2f1fa1497b8dc1aae2;4d4b29abb6b1e580e33c0035c1fc37ad,Discovery,T1057,92604,Processes running for all users were queried with ps command.,medium,Primary trigger evidence for C-LNX-01-CAL-R002,Reviewed during Sprint 8 QA. Duplicate correlation reference retained for overlap and alert-fatigue analysis.
LBL-000051,ALERT-45EFA995E37102F8,,C-LNX-01,C-LNX-01-CAL-R002,safesoc-lnx-01,2026-05-15T00:26:17.443-0400,attack_like,duplicate,caldera_campaign,caldera,MITRE Caldera,,CAL_LNX_OP2 (2026-05-15T04:08:53.929Z),Defense Evasion (ef4d997c-a0d1-4067-9efa-87c58682db71),43b3754c-def4-4699-a673-1d85648fda6a;8478297ebb155b34c412a0fde335eccd;683115a2ceeb045e6ffbf4487322b220;8a60db80ab6f4a6b1db758c95bacfafa;0aaebed766f7120873d5ad90c23355f8;2929fac2296bf1041ba33c86d42d9a5a;c8e46a29cac614806da56b0be6b0e454;b2e76a3113cbfc8e9729b7e170a5a6aa;8e7c28877a9c7826fece190f185b534c;379509c4b83f252bc779446f0512e936;80be956df11e4a384333150807c3ccd9;d38cba2905e62b4c1a7e5c88137ce485;326a9797b0d59b8f6d5a3c384c564b9f;5ffa5b3b330848d39dc1728365dad61c;db8c6ba84f796a2f1fa1497b8dc1aae2;4d4b29abb6b1e580e33c0035c1fc37ad,Discovery,T1057,92604,Processes running for all users were queried with ps command.,medium,Primary trigger evidence for C-LNX-01-CAL-R002,Reviewed during Sprint 8 QA. Duplicate correlation reference retained for overlap and alert-fatigue analysis.
LBL-000052,ALERT-E1DDFE2BEA2A83C4,,C-LNX-01,C-LNX-01-CAL-R002,safesoc-lnx-01,2026-05-15T00:26:59.493-0400,attack_like,duplicate,caldera_campaign,caldera,MITRE Caldera,,CAL_LNX_OP2 (2026-05-15T04:08:53.929Z),Defense Evasion (ef4d997c-a0d1-4067-9efa-87c58682db71),43b3754c-def4-4699-a673-1d85648fda6a;8478297ebb155b34c412a0fde335eccd;683115a2ceeb045e6ffbf4487322b220;8a60db80ab6f4a6b1db758c95bacfafa;0aaebed766f7120873d5ad90c23355f8;2929fac2296bf1041ba33c86d42d9a5a;c8e46a29cac614806da56b0be6b0e454;b2e76a3113cbfc8e9729b7e170a5a6aa;8e7c28877a9c7826fece190f185b534c;379509c4b83f252bc779446f0512e936;80be956df11e4a384333150807c3ccd9;d38cba2905e62b4c1a7e5c88137ce485;326a9797b0d59b8f6d5a3c384c564b9f;5ffa5b3b330848d39dc1728365dad61c;db8c6ba84f796a2f1fa1497b8dc1aae2;4d4b29abb6b1e580e33c0035c1fc37ad,Discovery,T1057,92604,Processes running for all users were queried with ps command.,medium,Primary trigger evidence for C-LNX-01-CAL-R002,Reviewed during Sprint 8 QA. Duplicate correlation reference retained for overlap and alert-fatigue analysis.
LBL-000053,ALERT-3F74861696BA1246,,C-LNX-01,C-LNX-01-CAL-R002,safesoc-lnx-01,2026-05-15T00:27:45.506-0400,attack_like,duplicate,caldera_campaign,caldera,MITRE Caldera,,CAL_LNX_OP2 (2026-05-15T04:08:53.929Z),Defense Evasion (ef4d997c-a0d1-4067-9efa-87c58682db71),43b3754c-def4-4699-a673-1d85648fda6a;8478297ebb155b34c412a0fde335eccd;683115a2ceeb045e6ffbf4487322b220;8a60db80ab6f4a6b1db758c95bacfafa;0aaebed766f7120873d5ad90c23355f8;2929fac2296bf1041ba33c86d42d9a5a;c8e46a29cac614806da56b0be6b0e454;b2e76a3113cbfc8e9729b7e170a5a6aa;8e7c28877a9c7826fece190f185b534c;379509c4b83f252bc779446f0512e936;80be956df11e4a384333150807c3ccd9;d38cba2905e62b4c1a7e5c88137ce485;326a9797b0d59b8f6d5a3c384c564b9f;5ffa5b3b330848d39dc1728365dad61c;db8c6ba84f796a2f1fa1497b8dc1aae2;4d4b29abb6b1e580e33c0035c1fc37ad,Discovery,T1057,92604,Processes running for all users were queried with ps command.,medium,Primary trigger evidence for C-LNX-01-CAL-R002,Reviewed during Sprint 8 QA. Duplicate correlation reference retained for overlap and alert-fatigue analysis.
LBL-000054,ALERT-8C5FEED7F848D6A3,,C-LNX-01,C-LNX-01-CAL-R002,safesoc-lnx-01,2026-05-15T00:28:31.519-0400,attack_like,duplicate,caldera_campaign,caldera,MITRE Caldera,,CAL_LNX_OP2 (2026-05-15T04:08:53.929Z),Defense Evasion (ef4d997c-a0d1-4067-9efa-87c58682db71),43b3754c-def4-4699-a673-1d85648fda6a;8478297ebb155b34c412a0fde335eccd;683115a2ceeb045e6ffbf4487322b220;8a60db80ab6f4a6b1db758c95bacfafa;0aaebed766f7120873d5ad90c23355f8;2929fac2296bf1041ba33c86d42d9a5a;c8e46a29cac614806da56b0be6b0e454;b2e76a3113cbfc8e9729b7e170a5a6aa;8e7c28877a9c7826fece190f185b534c;379509c4b83f252bc779446f0512e936;80be956df11e4a384333150807c3ccd9;d38cba2905e62b4c1a7e5c88137ce485;326a9797b0d59b8f6d5a3c384c564b9f;5ffa5b3b330848d39dc1728365dad61c;db8c6ba84f796a2f1fa1497b8dc1aae2;4d4b29abb6b1e580e33c0035c1fc37ad,Discovery,T1057,92604,Processes running for all users were queried with ps command.,medium,Primary trigger evidence for C-LNX-01-CAL-R002,Reviewed during Sprint 8 QA. Duplicate correlation reference retained for overlap and alert-fatigue analysis.
LBL-000055,ALERT-6EB90D9669A9EA66,,C-LNX-01,C-LNX-01-CAL-R002,safesoc-lnx-01,2026-05-15T00:29:22.184-0400,attack_like,duplicate,caldera_campaign,caldera,MITRE Caldera,,CAL_LNX_OP2 (2026-05-15T04:08:53.929Z),Defense Evasion (ef4d997c-a0d1-4067-9efa-87c58682db71),43b3754c-def4-4699-a673-1d85648fda6a;8478297ebb155b34c412a0fde335eccd;683115a2ceeb045e6ffbf4487322b220;8a60db80ab6f4a6b1db758c95bacfafa;0aaebed766f7120873d5ad90c23355f8;2929fac2296bf1041ba33c86d42d9a5a;c8e46a29cac614806da56b0be6b0e454;b2e76a3113cbfc8e9729b7e170a5a6aa;8e7c28877a9c7826fece190f185b534c;379509c4b83f252bc779446f0512e936;80be956df11e4a384333150807c3ccd9;d38cba2905e62b4c1a7e5c88137ce485;326a9797b0d59b8f6d5a3c384c564b9f;5ffa5b3b330848d39dc1728365dad61c;db8c6ba84f796a2f1fa1497b8dc1aae2;4d4b29abb6b1e580e33c0035c1fc37ad,Discovery,T1057,92604,Processes running for all users were queried with ps command.,medium,Primary trigger evidence for C-LNX-01-CAL-R002,Reviewed during Sprint 8 QA. Duplicate correlation reference retained for overlap and alert-fatigue analysis.
LBL-000056,ALERT-9BFA3724D0BAC2E6,,C-LNX-01,C-LNX-01-CAL-R002,safesoc-lnx-01,2026-05-15T00:30:07.545-0400,attack_like,duplicate,caldera_campaign,caldera,MITRE Caldera,,CAL_LNX_OP2 (2026-05-15T04:08:53.929Z),Defense Evasion (ef4d997c-a0d1-4067-9efa-87c58682db71),43b3754c-def4-4699-a673-1d85648fda6a;8478297ebb155b34c412a0fde335eccd;683115a2ceeb045e6ffbf4487322b220;8a60db80ab6f4a6b1db758c95bacfafa;0aaebed766f7120873d5ad90c23355f8;2929fac2296bf1041ba33c86d42d9a5a;c8e46a29cac614806da56b0be6b0e454;b2e76a3113cbfc8e9729b7e170a5a6aa;8e7c28877a9c7826fece190f185b534c;379509c4b83f252bc779446f0512e936;80be956df11e4a384333150807c3ccd9;d38cba2905e62b4c1a7e5c88137ce485;326a9797b0d59b8f6d5a3c384c564b9f;5ffa5b3b330848d39dc1728365dad61c;db8c6ba84f796a2f1fa1497b8dc1aae2;4d4b29abb6b1e580e33c0035c1fc37ad,Discovery,T1057,92604,Processes running for all users were queried with ps command.,medium,Primary trigger evidence for C-LNX-01-CAL-R002,Reviewed during Sprint 8 QA. Duplicate correlation reference retained for overlap and alert-fatigue analysis.
LBL-000057,ALERT-72F26E87464E67FC,,C-LNX-01,C-LNX-01-CAL-R002,safesoc-lnx-01,2026-05-15T00:31:11.531-0400,attack_like,duplicate,caldera_campaign,caldera,MITRE Caldera,,CAL_LNX_OP2 (2026-05-15T04:08:53.929Z),Defense Evasion (ef4d997c-a0d1-4067-9efa-87c58682db71),43b3754c-def4-4699-a673-1d85648fda6a;8478297ebb155b34c412a0fde335eccd;683115a2ceeb045e6ffbf4487322b220;8a60db80ab6f4a6b1db758c95bacfafa;0aaebed766f7120873d5ad90c23355f8;2929fac2296bf1041ba33c86d42d9a5a;c8e46a29cac614806da56b0be6b0e454;b2e76a3113cbfc8e9729b7e170a5a6aa;8e7c28877a9c7826fece190f185b534c;379509c4b83f252bc779446f0512e936;80be956df11e4a384333150807c3ccd9;d38cba2905e62b4c1a7e5c88137ce485;326a9797b0d59b8f6d5a3c384c564b9f;5ffa5b3b330848d39dc1728365dad61c;db8c6ba84f796a2f1fa1497b8dc1aae2;4d4b29abb6b1e580e33c0035c1fc37ad,Discovery,T1057,92604,Processes running for all users were queried with ps command.,medium,Primary trigger evidence for C-LNX-01-CAL-R002,Reviewed during Sprint 8 QA. Duplicate correlation reference retained for overlap and alert-fatigue analysis.
LBL-000058,ALERT-9E5D5E7591D2BA84,,C-LNX-01,C-LNX-01-CAL-R002,safesoc-lnx-01,2026-05-15T00:32:03.577-0400,attack_like,duplicate,caldera_campaign,caldera,MITRE Caldera,,CAL_LNX_OP2 (2026-05-15T04:08:53.929Z),Defense Evasion (ef4d997c-a0d1-4067-9efa-87c58682db71),43b3754c-def4-4699-a673-1d85648fda6a;8478297ebb155b34c412a0fde335eccd;683115a2ceeb045e6ffbf4487322b220;8a60db80ab6f4a6b1db758c95bacfafa;0aaebed766f7120873d5ad90c23355f8;2929fac2296bf1041ba33c86d42d9a5a;c8e46a29cac614806da56b0be6b0e454;b2e76a3113cbfc8e9729b7e170a5a6aa;8e7c28877a9c7826fece190f185b534c;379509c4b83f252bc779446f0512e936;80be956df11e4a384333150807c3ccd9;d38cba2905e62b4c1a7e5c88137ce485;326a9797b0d59b8f6d5a3c384c564b9f;5ffa5b3b330848d39dc1728365dad61c;db8c6ba84f796a2f1fa1497b8dc1aae2;4d4b29abb6b1e580e33c0035c1fc37ad,Discovery,T1057,92604,Processes running for all users were queried with ps command.,medium,Primary trigger evidence for C-LNX-01-CAL-R002,Reviewed during Sprint 8 QA. Duplicate correlation reference retained for overlap and alert-fatigue analysis.
LBL-000059,ALERT-F0B0033875C6224D,,C-LNX-01,C-LNX-01-CAL-R002,safesoc-lnx-01,2026-05-15T00:32:42.280-0400,attack_like,duplicate,caldera_campaign,caldera,MITRE Caldera,,CAL_LNX_OP2 (2026-05-15T04:08:53.929Z),Defense Evasion (ef4d997c-a0d1-4067-9efa-87c58682db71),43b3754c-def4-4699-a673-1d85648fda6a;8478297ebb155b34c412a0fde335eccd;683115a2ceeb045e6ffbf4487322b220;8a60db80ab6f4a6b1db758c95bacfafa;0aaebed766f7120873d5ad90c23355f8;2929fac2296bf1041ba33c86d42d9a5a;c8e46a29cac614806da56b0be6b0e454;b2e76a3113cbfc8e9729b7e170a5a6aa;8e7c28877a9c7826fece190f185b534c;379509c4b83f252bc779446f0512e936;80be956df11e4a384333150807c3ccd9;d38cba2905e62b4c1a7e5c88137ce485;326a9797b0d59b8f6d5a3c384c564b9f;5ffa5b3b330848d39dc1728365dad61c;db8c6ba84f796a2f1fa1497b8dc1aae2;4d4b29abb6b1e580e33c0035c1fc37ad,Discovery,T1057,92604,Processes running for all users were queried with ps command.,medium,Primary trigger evidence for C-LNX-01-CAL-R002,Reviewed during Sprint 8 QA. Duplicate correlation reference retained for overlap and alert-fatigue analysis.
LBL-000060,ALERT-445EBFAE665C8BF8,,C-LNX-01,C-LNX-01-CAL-R003,safesoc-lnx-01,2026-05-15T00:00:17.017-0400,attack_like,trigger,caldera_campaign,caldera,MITRE Caldera,,CAL_LNX_OP3 (2026-05-15T04:09:53.102Z),Discovery (0f4c3c67-845e-49a0-927e-90ed33c044e0),c0da588f-79f0-4263-8998-7496b1a40596;c1cd6388-3ced-48c7-a511-0434c6ba8f48;3b5db901-2cb8-4df7-8043-c4628a6a5d5a;5c4dd985-89e3-4590-9b57-71fed66ff4e2,Discovery,T1057,92604,Processes running for all users were queried with ps command.,high,Primary trigger evidence for C-LNX-01-CAL-R003,Reviewed during Sprint 8 QA. Primary trigger evidence retained.
LBL-000061,ALERT-B11027386A50F2C0,,C-LNX-01,C-LNX-01-CAL-R003,safesoc-lnx-01,2026-05-15T00:00:21.067-0400,attack_like,trigger,caldera_campaign,caldera,MITRE Caldera,,CAL_LNX_OP3 (2026-05-15T04:09:53.102Z),Discovery (0f4c3c67-845e-49a0-927e-90ed33c044e0),c0da588f-79f0-4263-8998-7496b1a40596;c1cd6388-3ced-48c7-a511-0434c6ba8f48;3b5db901-2cb8-4df7-8043-c4628a6a5d5a;5c4dd985-89e3-4590-9b57-71fed66ff4e2,Campaign,T1110.001/T1548.003/T1082/T1033/T1016/T1053.003,80730,Auditd: SELinux permission check.,high,Primary trigger evidence for C-LNX-01-CAL-R003,Reviewed during Sprint 8 QA. Primary trigger evidence retained.
LBL-000062,ALERT-561FB6D199940F1C,,C-LNX-01,C-LNX-01-CAL-R003,safesoc-lnx-01,2026-05-15T00:12:25.208-0400,attack_like,duplicate,caldera_campaign,caldera,MITRE Caldera,,CAL_LNX_OP3 (2026-05-15T04:09:53.102Z),Discovery (0f4c3c67-845e-49a0-927e-90ed33c044e0),c0da588f-79f0-4263-8998-7496b1a40596;c1cd6388-3ced-48c7-a511-0434c6ba8f48;3b5db901-2cb8-4df7-8043-c4628a6a5d5a;5c4dd985-89e3-4590-9b57-71fed66ff4e2,Discovery,T1057,92604,Processes running for all users were queried with ps command.,medium,Primary trigger evidence for C-LNX-01-CAL-R003,Reviewed during Sprint 8 QA. Duplicate correlation reference retained for overlap and alert-fatigue analysis.
LBL-000063,ALERT-D33329D0398DE5E9,,C-LNX-01,C-LNX-01-CAL-R003,safesoc-lnx-01,2026-05-15T00:13:37.238-0400,attack_like,duplicate,caldera_campaign,caldera,MITRE Caldera,,CAL_LNX_OP3 (2026-05-15T04:09:53.102Z),Discovery (0f4c3c67-845e-49a0-927e-90ed33c044e0),c0da588f-79f0-4263-8998-7496b1a40596;c1cd6388-3ced-48c7-a511-0434c6ba8f48;3b5db901-2cb8-4df7-8043-c4628a6a5d5a;5c4dd985-89e3-4590-9b57-71fed66ff4e2,Discovery,T1057,92604,Processes running for all users were queried with ps command.,medium,Primary trigger evidence for C-LNX-01-CAL-R003,Reviewed during Sprint 8 QA. Duplicate correlation reference retained for overlap and alert-fatigue analysis.
LBL-000064,ALERT-319CCDE655311608,,C-LNX-01,C-LNX-01-CAL-R003,safesoc-lnx-01,2026-05-15T00:14:35.246-0400,attack_like,duplicate,caldera_campaign,caldera,MITRE Caldera,,CAL_LNX_OP3 (2026-05-15T04:09:53.102Z),Discovery (0f4c3c67-845e-49a0-927e-90ed33c044e0),c0da588f-79f0-4263-8998-7496b1a40596;c1cd6388-3ced-48c7-a511-0434c6ba8f48;3b5db901-2cb8-4df7-8043-c4628a6a5d5a;5c4dd985-89e3-4590-9b57-71fed66ff4e2,Discovery,T1057,92604,Processes running for all users were queried with ps command.,medium,Primary trigger evidence for C-LNX-01-CAL-R003,Reviewed during Sprint 8 QA. Duplicate correlation reference retained for overlap and alert-fatigue analysis.
LBL-000065,ALERT-4E48943D1FB4B605,,C-LNX-01,C-LNX-01-CAL-R003,safesoc-lnx-01,2026-05-15T00:15:35.267-0400,attack_like,duplicate,caldera_campaign,caldera,MITRE Caldera,,CAL_LNX_OP3 (2026-05-15T04:09:53.102Z),Discovery (0f4c3c67-845e-49a0-927e-90ed33c044e0),c0da588f-79f0-4263-8998-7496b1a40596;c1cd6388-3ced-48c7-a511-0434c6ba8f48;3b5db901-2cb8-4df7-8043-c4628a6a5d5a;5c4dd985-89e3-4590-9b57-71fed66ff4e2,Discovery,T1057,92604,Processes running for all users were queried with ps command.,medium,Primary trigger evidence for C-LNX-01-CAL-R003,Reviewed during Sprint 8 QA. Duplicate correlation reference retained for overlap and alert-fatigue analysis.
LBL-000066,ALERT-A1220A2648FB0DAA,,C-LNX-01,C-LNX-01-CAL-R003,safesoc-lnx-01,2026-05-15T00:16:43.322-0400,attack_like,duplicate,caldera_campaign,caldera,MITRE Caldera,,CAL_LNX_OP3 (2026-05-15T04:09:53.102Z),Discovery (0f4c3c67-845e-49a0-927e-90ed33c044e0),c0da588f-79f0-4263-8998-7496b1a40596;c1cd6388-3ced-48c7-a511-0434c6ba8f48;3b5db901-2cb8-4df7-8043-c4628a6a5d5a;5c4dd985-89e3-4590-9b57-71fed66ff4e2,Discovery,T1057,92604,Processes running for all users were queried with ps command.,medium,Primary trigger evidence for C-LNX-01-CAL-R003,Reviewed during Sprint 8 QA. Duplicate correlation reference retained for overlap and alert-fatigue analysis.
LBL-000067,ALERT-A591C7557ECCEB16,,C-LNX-01,C-LNX-01-CAL-R003,safesoc-lnx-01,2026-05-15T00:17:47.297-0400,attack_like,duplicate,caldera_campaign,caldera,MITRE Caldera,,CAL_LNX_OP3 (2026-05-15T04:09:53.102Z),Discovery (0f4c3c67-845e-49a0-927e-90ed33c044e0),c0da588f-79f0-4263-8998-7496b1a40596;c1cd6388-3ced-48c7-a511-0434c6ba8f48;3b5db901-2cb8-4df7-8043-c4628a6a5d5a;5c4dd985-89e3-4590-9b57-71fed66ff4e2,Discovery,T1057,92604,Processes running for all users were queried with ps command.,medium,Primary trigger evidence for C-LNX-01-CAL-R003,Reviewed during Sprint 8 QA. Duplicate correlation reference retained for overlap and alert-fatigue analysis.
LBL-000068,ALERT-8886D78D94AD800D,,C-LNX-01,C-LNX-01-CAL-R003,safesoc-lnx-01,2026-05-15T00:18:55.313-0400,attack_like,duplicate,caldera_campaign,caldera,MITRE Caldera,,CAL_LNX_OP3 (2026-05-15T04:09:53.102Z),Discovery (0f4c3c67-845e-49a0-927e-90ed33c044e0),c0da588f-79f0-4263-8998-7496b1a40596;c1cd6388-3ced-48c7-a511-0434c6ba8f48;3b5db901-2cb8-4df7-8043-c4628a6a5d5a;5c4dd985-89e3-4590-9b57-71fed66ff4e2,Discovery,T1057,92604,Processes running for all users were queried with ps command.,medium,Primary trigger evidence for C-LNX-01-CAL-R003,Reviewed during Sprint 8 QA. Duplicate correlation reference retained for overlap and alert-fatigue analysis.
LBL-000069,ALERT-56E5215B1774D9BD,,C-LNX-01,C-LNX-01-CAL-R003,safesoc-lnx-01,2026-05-15T00:19:55.349-0400,attack_like,duplicate,caldera_campaign,caldera,MITRE Caldera,,CAL_LNX_OP3 (2026-05-15T04:09:53.102Z),Discovery (0f4c3c67-845e-49a0-927e-90ed33c044e0),c0da588f-79f0-4263-8998-7496b1a40596;c1cd6388-3ced-48c7-a511-0434c6ba8f48;3b5db901-2cb8-4df7-8043-c4628a6a5d5a;5c4dd985-89e3-4590-9b57-71fed66ff4e2,Discovery,T1057,92604,Processes running for all users were queried with ps command.,medium,Primary trigger evidence for C-LNX-01-CAL-R003,Reviewed during Sprint 8 QA. Duplicate correlation reference retained for overlap and alert-fatigue analysis.
LBL-000070,ALERT-D333DCF417EBA53B,,C-LNX-01,C-LNX-01-CAL-R003,safesoc-lnx-01,2026-05-15T00:20:39.359-0400,attack_like,duplicate,caldera_campaign,caldera,MITRE Caldera,,CAL_LNX_OP3 (2026-05-15T04:09:53.102Z),Discovery (0f4c3c67-845e-49a0-927e-90ed33c044e0),c0da588f-79f0-4263-8998-7496b1a40596;c1cd6388-3ced-48c7-a511-0434c6ba8f48;3b5db901-2cb8-4df7-8043-c4628a6a5d5a;5c4dd985-89e3-4590-9b57-71fed66ff4e2,Discovery,T1057,92604,Processes running for all users were queried with ps command.,medium,Primary trigger evidence for C-LNX-01-CAL-R003,Reviewed during Sprint 8 QA. Duplicate correlation reference retained for overlap and alert-fatigue analysis.
LBL-000071,ALERT-585DD3F6152E6CA5,,C-LNX-01,C-LNX-01-CAL-R003,safesoc-lnx-01,2026-05-15T00:21:37.372-0400,attack_like,duplicate,caldera_campaign,caldera,MITRE Caldera,,CAL_LNX_OP3 (2026-05-15T04:09:53.102Z),Discovery (0f4c3c67-845e-49a0-927e-90ed33c044e0),c0da588f-79f0-4263-8998-7496b1a40596;c1cd6388-3ced-48c7-a511-0434c6ba8f48;3b5db901-2cb8-4df7-8043-c4628a6a5d5a;5c4dd985-89e3-4590-9b57-71fed66ff4e2,Discovery,T1057,92604,Processes running for all users were queried with ps command.,medium,Primary trigger evidence for C-LNX-01-CAL-R003,Reviewed during Sprint 8 QA. Duplicate correlation reference retained for overlap and alert-fatigue analysis.
LBL-000072,ALERT-0E36E33EAB78C7F9,,C-LNX-01,C-LNX-01-CAL-R003,safesoc-lnx-01,2026-05-15T00:22:37.386-0400,attack_like,duplicate,caldera_campaign,caldera,MITRE Caldera,,CAL_LNX_OP3 (2026-05-15T04:09:53.102Z),Discovery (0f4c3c67-845e-49a0-927e-90ed33c044e0),c0da588f-79f0-4263-8998-7496b1a40596;c1cd6388-3ced-48c7-a511-0434c6ba8f48;3b5db901-2cb8-4df7-8043-c4628a6a5d5a;5c4dd985-89e3-4590-9b57-71fed66ff4e2,Discovery,T1057,92604,Processes running for all users were queried with ps command.,medium,Primary trigger evidence for C-LNX-01-CAL-R003,Reviewed during Sprint 8 QA. Duplicate correlation reference retained for overlap and alert-fatigue analysis.
LBL-000073,ALERT-E9DD862B632660E7,,C-LNX-01,C-LNX-01-CAL-R003,safesoc-lnx-01,2026-05-15T00:23:35.406-0400,attack_like,duplicate,caldera_campaign,caldera,MITRE Caldera,,CAL_LNX_OP3 (2026-05-15T04:09:53.102Z),Discovery (0f4c3c67-845e-49a0-927e-90ed33c044e0),c0da588f-79f0-4263-8998-7496b1a40596;c1cd6388-3ced-48c7-a511-0434c6ba8f48;3b5db901-2cb8-4df7-8043-c4628a6a5d5a;5c4dd985-89e3-4590-9b57-71fed66ff4e2,Discovery,T1057,92604,Processes running for all users were queried with ps command.,medium,Primary trigger evidence for C-LNX-01-CAL-R003,Reviewed during Sprint 8 QA. Duplicate correlation reference retained for overlap and alert-fatigue analysis.
LBL-000074,ALERT-D0A9E728D7C1698C,,C-LNX-01,C-LNX-01-CAL-R003,safesoc-lnx-01,2026-05-15T00:24:29.451-0400,attack_like,duplicate,caldera_campaign,caldera,MITRE Caldera,,CAL_LNX_OP3 (2026-05-15T04:09:53.102Z),Discovery (0f4c3c67-845e-49a0-927e-90ed33c044e0),c0da588f-79f0-4263-8998-7496b1a40596;c1cd6388-3ced-48c7-a511-0434c6ba8f48;3b5db901-2cb8-4df7-8043-c4628a6a5d5a;5c4dd985-89e3-4590-9b57-71fed66ff4e2,Discovery,T1057,92604,Processes running for all users were queried with ps command.,medium,Primary trigger evidence for C-LNX-01-CAL-R003,Reviewed during Sprint 8 QA. Duplicate correlation reference retained for overlap and alert-fatigue analysis.
LBL-000075,ALERT-E7E9E15ED9F70D35,,C-LNX-01,C-LNX-01-CAL-R003,safesoc-lnx-01,2026-05-15T00:25:35.434-0400,attack_like,duplicate,caldera_campaign,caldera,MITRE Caldera,,CAL_LNX_OP3 (2026-05-15T04:09:53.102Z),Discovery (0f4c3c67-845e-49a0-927e-90ed33c044e0),c0da588f-79f0-4263-8998-7496b1a40596;c1cd6388-3ced-48c7-a511-0434c6ba8f48;3b5db901-2cb8-4df7-8043-c4628a6a5d5a;5c4dd985-89e3-4590-9b57-71fed66ff4e2,Discovery,T1057,92604,Processes running for all users were queried with ps command.,medium,Primary trigger evidence for C-LNX-01-CAL-R003,Reviewed during Sprint 8 QA. Duplicate correlation reference retained for overlap and alert-fatigue analysis.
LBL-000076,ALERT-45EFA995E37102F8,,C-LNX-01,C-LNX-01-CAL-R003,safesoc-lnx-01,2026-05-15T00:26:17.443-0400,attack_like,duplicate,caldera_campaign,caldera,MITRE Caldera,,CAL_LNX_OP3 (2026-05-15T04:09:53.102Z),Discovery (0f4c3c67-845e-49a0-927e-90ed33c044e0),c0da588f-79f0-4263-8998-7496b1a40596;c1cd6388-3ced-48c7-a511-0434c6ba8f48;3b5db901-2cb8-4df7-8043-c4628a6a5d5a;5c4dd985-89e3-4590-9b57-71fed66ff4e2,Discovery,T1057,92604,Processes running for all users were queried with ps command.,medium,Primary trigger evidence for C-LNX-01-CAL-R003,Reviewed during Sprint 8 QA. Duplicate correlation reference retained for overlap and alert-fatigue analysis.
LBL-000077,ALERT-E1DDFE2BEA2A83C4,,C-LNX-01,C-LNX-01-CAL-R003,safesoc-lnx-01,2026-05-15T00:26:59.493-0400,attack_like,duplicate,caldera_campaign,caldera,MITRE Caldera,,CAL_LNX_OP3 (2026-05-15T04:09:53.102Z),Discovery (0f4c3c67-845e-49a0-927e-90ed33c044e0),c0da588f-79f0-4263-8998-7496b1a40596;c1cd6388-3ced-48c7-a511-0434c6ba8f48;3b5db901-2cb8-4df7-8043-c4628a6a5d5a;5c4dd985-89e3-4590-9b57-71fed66ff4e2,Discovery,T1057,92604,Processes running for all users were queried with ps command.,medium,Primary trigger evidence for C-LNX-01-CAL-R003,Reviewed during Sprint 8 QA. Duplicate correlation reference retained for overlap and alert-fatigue analysis.
LBL-000078,ALERT-3F74861696BA1246,,C-LNX-01,C-LNX-01-CAL-R003,safesoc-lnx-01,2026-05-15T00:27:45.506-0400,attack_like,duplicate,caldera_campaign,caldera,MITRE Caldera,,CAL_LNX_OP3 (2026-05-15T04:09:53.102Z),Discovery (0f4c3c67-845e-49a0-927e-90ed33c044e0),c0da588f-79f0-4263-8998-7496b1a40596;c1cd6388-3ced-48c7-a511-0434c6ba8f48;3b5db901-2cb8-4df7-8043-c4628a6a5d5a;5c4dd985-89e3-4590-9b57-71fed66ff4e2,Discovery,T1057,92604,Processes running for all users were queried with ps command.,medium,Primary trigger evidence for C-LNX-01-CAL-R003,Reviewed during Sprint 8 QA. Duplicate correlation reference retained for overlap and alert-fatigue analysis.
LBL-000079,ALERT-8C5FEED7F848D6A3,,C-LNX-01,C-LNX-01-CAL-R003,safesoc-lnx-01,2026-05-15T00:28:31.519-0400,attack_like,duplicate,caldera_campaign,caldera,MITRE Caldera,,CAL_LNX_OP3 (2026-05-15T04:09:53.102Z),Discovery (0f4c3c67-845e-49a0-927e-90ed33c044e0),c0da588f-79f0-4263-8998-7496b1a40596;c1cd6388-3ced-48c7-a511-0434c6ba8f48;3b5db901-2cb8-4df7-8043-c4628a6a5d5a;5c4dd985-89e3-4590-9b57-71fed66ff4e2,Discovery,T1057,92604,Processes running for all users were queried with ps command.,medium,Primary trigger evidence for C-LNX-01-CAL-R003,Reviewed during Sprint 8 QA. Duplicate correlation reference retained for overlap and alert-fatigue analysis.
LBL-000080,ALERT-6EB90D9669A9EA66,,C-LNX-01,C-LNX-01-CAL-R003,safesoc-lnx-01,2026-05-15T00:29:22.184-0400,attack_like,duplicate,caldera_campaign,caldera,MITRE Caldera,,CAL_LNX_OP3 (2026-05-15T04:09:53.102Z),Discovery (0f4c3c67-845e-49a0-927e-90ed33c044e0),c0da588f-79f0-4263-8998-7496b1a40596;c1cd6388-3ced-48c7-a511-0434c6ba8f48;3b5db901-2cb8-4df7-8043-c4628a6a5d5a;5c4dd985-89e3-4590-9b57-71fed66ff4e2,Discovery,T1057,92604,Processes running for all users were queried with ps command.,medium,Primary trigger evidence for C-LNX-01-CAL-R003,Reviewed during Sprint 8 QA. Duplicate correlation reference retained for overlap and alert-fatigue analysis.
LBL-000081,ALERT-9BFA3724D0BAC2E6,,C-LNX-01,C-LNX-01-CAL-R003,safesoc-lnx-01,2026-05-15T00:30:07.545-0400,attack_like,duplicate,caldera_campaign,caldera,MITRE Caldera,,CAL_LNX_OP3 (2026-05-15T04:09:53.102Z),Discovery (0f4c3c67-845e-49a0-927e-90ed33c044e0),c0da588f-79f0-4263-8998-7496b1a40596;c1cd6388-3ced-48c7-a511-0434c6ba8f48;3b5db901-2cb8-4df7-8043-c4628a6a5d5a;5c4dd985-89e3-4590-9b57-71fed66ff4e2,Discovery,T1057,92604,Processes running for all users were queried with ps command.,medium,Primary trigger evidence for C-LNX-01-CAL-R003,Reviewed during Sprint 8 QA. Duplicate correlation reference retained for overlap and alert-fatigue analysis.
LBL-000082,ALERT-72F26E87464E67FC,,C-LNX-01,C-LNX-01-CAL-R003,safesoc-lnx-01,2026-05-15T00:31:11.531-0400,attack_like,duplicate,caldera_campaign,caldera,MITRE Caldera,,CAL_LNX_OP3 (2026-05-15T04:09:53.102Z),Discovery (0f4c3c67-845e-49a0-927e-90ed33c044e0),c0da588f-79f0-4263-8998-7496b1a40596;c1cd6388-3ced-48c7-a511-0434c6ba8f48;3b5db901-2cb8-4df7-8043-c4628a6a5d5a;5c4dd985-89e3-4590-9b57-71fed66ff4e2,Discovery,T1057,92604,Processes running for all users were queried with ps command.,medium,Primary trigger evidence for C-LNX-01-CAL-R003,Reviewed during Sprint 8 QA. Duplicate correlation reference retained for overlap and alert-fatigue analysis.
LBL-000083,ALERT-9E5D5E7591D2BA84,,C-LNX-01,C-LNX-01-CAL-R003,safesoc-lnx-01,2026-05-15T00:32:03.577-0400,attack_like,duplicate,caldera_campaign,caldera,MITRE Caldera,,CAL_LNX_OP3 (2026-05-15T04:09:53.102Z),Discovery (0f4c3c67-845e-49a0-927e-90ed33c044e0),c0da588f-79f0-4263-8998-7496b1a40596;c1cd6388-3ced-48c7-a511-0434c6ba8f48;3b5db901-2cb8-4df7-8043-c4628a6a5d5a;5c4dd985-89e3-4590-9b57-71fed66ff4e2,Discovery,T1057,92604,Processes running for all users were queried with ps command.,medium,Primary trigger evidence for C-LNX-01-CAL-R003,Reviewed during Sprint 8 QA. Duplicate correlation reference retained for overlap and alert-fatigue analysis.
LBL-000084,ALERT-F0B0033875C6224D,,C-LNX-01,C-LNX-01-CAL-R003,safesoc-lnx-01,2026-05-15T00:32:42.280-0400,attack_like,duplicate,caldera_campaign,caldera,MITRE Caldera,,CAL_LNX_OP3 (2026-05-15T04:09:53.102Z),Discovery (0f4c3c67-845e-49a0-927e-90ed33c044e0),c0da588f-79f0-4263-8998-7496b1a40596;c1cd6388-3ced-48c7-a511-0434c6ba8f48;3b5db901-2cb8-4df7-8043-c4628a6a5d5a;5c4dd985-89e3-4590-9b57-71fed66ff4e2,Discovery,T1057,92604,Processes running for all users were queried with ps command.,medium,Primary trigger evidence for C-LNX-01-CAL-R003,Reviewed during Sprint 8 QA. Duplicate correlation reference retained for overlap and alert-fatigue analysis.
LBL-000085,ALERT-7DDC62E1001D0CE7,,C-LNX-01,C-LNX-01-CAL-R003,safesoc-lnx-01,2026-05-15T00:33:42.303-0400,attack_like,supporting,caldera_campaign,caldera,MITRE Caldera,,CAL_LNX_OP3 (2026-05-15T04:09:53.102Z),Discovery (0f4c3c67-845e-49a0-927e-90ed33c044e0),c0da588f-79f0-4263-8998-7496b1a40596;c1cd6388-3ced-48c7-a511-0434c6ba8f48;3b5db901-2cb8-4df7-8043-c4628a6a5d5a;5c4dd985-89e3-4590-9b57-71fed66ff4e2,Discovery,T1057,92604,Processes running for all users were queried with ps command.,medium,Primary trigger evidence for C-LNX-01-CAL-R003,Medium-confidence timestamp-derived label; retained after spot-check.
LBL-000086,ALERT-9866AAFBF724F412,,C-LNX-01,C-LNX-01-CAL-R003,safesoc-lnx-01,2026-05-15T00:34:20.313-0400,attack_like,supporting,caldera_campaign,caldera,MITRE Caldera,,CAL_LNX_OP3 (2026-05-15T04:09:53.102Z),Discovery (0f4c3c67-845e-49a0-927e-90ed33c044e0),c0da588f-79f0-4263-8998-7496b1a40596;c1cd6388-3ced-48c7-a511-0434c6ba8f48;3b5db901-2cb8-4df7-8043-c4628a6a5d5a;5c4dd985-89e3-4590-9b57-71fed66ff4e2,Discovery,T1057,92604,Processes running for all users were queried with ps command.,medium,Primary trigger evidence for C-LNX-01-CAL-R003,Medium-confidence timestamp-derived label; retained after spot-check.
LBL-000087,ALERT-F3DE08BDD78AA429,,C-LNX-01,C-LNX-01-CAL-R003,safesoc-lnx-01,2026-05-15T00:35:07.631-0400,attack_like,supporting,caldera_campaign,caldera,MITRE Caldera,,CAL_LNX_OP3 (2026-05-15T04:09:53.102Z),Discovery (0f4c3c67-845e-49a0-927e-90ed33c044e0),c0da588f-79f0-4263-8998-7496b1a40596;c1cd6388-3ced-48c7-a511-0434c6ba8f48;3b5db901-2cb8-4df7-8043-c4628a6a5d5a;5c4dd985-89e3-4590-9b57-71fed66ff4e2,Discovery,T1057,92604,Processes running for all users were queried with ps command.,medium,Primary trigger evidence for C-LNX-01-CAL-R003,Medium-confidence timestamp-derived label; retained after spot-check.
LBL-000088,ALERT-D7F767709CF40AC5,,C-LNX-01,C-LNX-01-CAL-R003,safesoc-lnx-01,2026-05-15T00:36:04.301-0400,attack_like,supporting,caldera_campaign,caldera,MITRE Caldera,,CAL_LNX_OP3 (2026-05-15T04:09:53.102Z),Discovery (0f4c3c67-845e-49a0-927e-90ed33c044e0),c0da588f-79f0-4263-8998-7496b1a40596;c1cd6388-3ced-48c7-a511-0434c6ba8f48;3b5db901-2cb8-4df7-8043-c4628a6a5d5a;5c4dd985-89e3-4590-9b57-71fed66ff4e2,Discovery,T1057,92604,Processes running for all users were queried with ps command.,medium,Primary trigger evidence for C-LNX-01-CAL-R003,Medium-confidence timestamp-derived label; retained after spot-check.
LBL-000089,ALERT-10696EE951A4101E,,C-LNX-01,C-LNX-01-CAL-R003,safesoc-lnx-01,2026-05-15T00:36:50.358-0400,attack_like,supporting,caldera_campaign,caldera,MITRE Caldera,,CAL_LNX_OP3 (2026-05-15T04:09:53.102Z),Discovery (0f4c3c67-845e-49a0-927e-90ed33c044e0),c0da588f-79f0-4263-8998-7496b1a40596;c1cd6388-3ced-48c7-a511-0434c6ba8f48;3b5db901-2cb8-4df7-8043-c4628a6a5d5a;5c4dd985-89e3-4590-9b57-71fed66ff4e2,Discovery,T1057,92604,Processes running for all users were queried with ps command.,medium,Primary trigger evidence for C-LNX-01-CAL-R003,Medium-confidence timestamp-derived label; retained after spot-check.
LBL-000090,ALERT-52E11ECC383CB932,,C-LNX-01,C-LNX-01-CAL-R003,safesoc-lnx-01,2026-05-15T00:37:35.672-0400,attack_like,supporting,caldera_campaign,caldera,MITRE Caldera,,CAL_LNX_OP3 (2026-05-15T04:09:53.102Z),Discovery (0f4c3c67-845e-49a0-927e-90ed33c044e0),c0da588f-79f0-4263-8998-7496b1a40596;c1cd6388-3ced-48c7-a511-0434c6ba8f48;3b5db901-2cb8-4df7-8043-c4628a6a5d5a;5c4dd985-89e3-4590-9b57-71fed66ff4e2,Discovery,T1057,92604,Processes running for all users were queried with ps command.,medium,Primary trigger evidence for C-LNX-01-CAL-R003,Medium-confidence timestamp-derived label; retained after spot-check.
LBL-000091,ALERT-E672B0161554767A,,C-LNX-01,C-LNX-01-CAL-R003,safesoc-lnx-01,2026-05-15T00:38:28.388-0400,attack_like,supporting,caldera_campaign,caldera,MITRE Caldera,,CAL_LNX_OP3 (2026-05-15T04:09:53.102Z),Discovery (0f4c3c67-845e-49a0-927e-90ed33c044e0),c0da588f-79f0-4263-8998-7496b1a40596;c1cd6388-3ced-48c7-a511-0434c6ba8f48;3b5db901-2cb8-4df7-8043-c4628a6a5d5a;5c4dd985-89e3-4590-9b57-71fed66ff4e2,Discovery,T1057,92604,Processes running for all users were queried with ps command.,medium,Primary trigger evidence for C-LNX-01-CAL-R003,Medium-confidence timestamp-derived label; retained after spot-check.
LBL-000092,ALERT-6EC4F61199F29F68,,C-LNX-01,C-LNX-01-CAL-R003,safesoc-lnx-01,2026-05-15T00:39:27.738-0400,attack_like,supporting,caldera_campaign,caldera,MITRE Caldera,,CAL_LNX_OP3 (2026-05-15T04:09:53.102Z),Discovery (0f4c3c67-845e-49a0-927e-90ed33c044e0),c0da588f-79f0-4263-8998-7496b1a40596;c1cd6388-3ced-48c7-a511-0434c6ba8f48;3b5db901-2cb8-4df7-8043-c4628a6a5d5a;5c4dd985-89e3-4590-9b57-71fed66ff4e2,Discovery,T1057,92604,Processes running for all users were queried with ps command.,medium,Primary trigger evidence for C-LNX-01-CAL-R003,Medium-confidence timestamp-derived label; retained after spot-check.
LBL-000093,ALERT-4BED18B3EE6420A6,,C-LNX-01,C-LNX-01-CAL-R003,safesoc-lnx-01,2026-05-15T00:40:08.392-0400,attack_like,supporting,caldera_campaign,caldera,MITRE Caldera,,CAL_LNX_OP3 (2026-05-15T04:09:53.102Z),Discovery (0f4c3c67-845e-49a0-927e-90ed33c044e0),c0da588f-79f0-4263-8998-7496b1a40596;c1cd6388-3ced-48c7-a511-0434c6ba8f48;3b5db901-2cb8-4df7-8043-c4628a6a5d5a;5c4dd985-89e3-4590-9b57-71fed66ff4e2,Discovery,T1057,92604,Processes running for all users were queried with ps command.,medium,Primary trigger evidence for C-LNX-01-CAL-R003,Medium-confidence timestamp-derived label; retained after spot-check.
LBL-000094,ALERT-F02BE2253997F44A,,C-LNX-01,C-LNX-01-CAL-R003,safesoc-lnx-01,2026-05-15T00:41:07.725-0400,attack_like,supporting,caldera_campaign,caldera,MITRE Caldera,,CAL_LNX_OP3 (2026-05-15T04:09:53.102Z),Discovery (0f4c3c67-845e-49a0-927e-90ed33c044e0),c0da588f-79f0-4263-8998-7496b1a40596;c1cd6388-3ced-48c7-a511-0434c6ba8f48;3b5db901-2cb8-4df7-8043-c4628a6a5d5a;5c4dd985-89e3-4590-9b57-71fed66ff4e2,Discovery,T1057,92604,Processes running for all users were queried with ps command.,medium,Primary trigger evidence for C-LNX-01-CAL-R003,Medium-confidence timestamp-derived label; retained after spot-check.
LBL-000095,ALERT-0F57925BED3D00B2,,C-LNX-01,C-LNX-01-CAL-R003,safesoc-lnx-01,2026-05-15T00:42:09.736-0400,attack_like,supporting,caldera_campaign,caldera,MITRE Caldera,,CAL_LNX_OP3 (2026-05-15T04:09:53.102Z),Discovery (0f4c3c67-845e-49a0-927e-90ed33c044e0),c0da588f-79f0-4263-8998-7496b1a40596;c1cd6388-3ced-48c7-a511-0434c6ba8f48;3b5db901-2cb8-4df7-8043-c4628a6a5d5a;5c4dd985-89e3-4590-9b57-71fed66ff4e2,Discovery,T1057,92604,Processes running for all users were queried with ps command.,medium,Primary trigger evidence for C-LNX-01-CAL-R003,Medium-confidence timestamp-derived label; retained after spot-check.
LBL-000096,ALERT-29EB000C0A6C8CA7,,C-LNX-01,C-LNX-01-CAL-R003,safesoc-lnx-01,2026-05-15T00:43:10.437-0400,attack_like,supporting,caldera_campaign,caldera,MITRE Caldera,,CAL_LNX_OP3 (2026-05-15T04:09:53.102Z),Discovery (0f4c3c67-845e-49a0-927e-90ed33c044e0),c0da588f-79f0-4263-8998-7496b1a40596;c1cd6388-3ced-48c7-a511-0434c6ba8f48;3b5db901-2cb8-4df7-8043-c4628a6a5d5a;5c4dd985-89e3-4590-9b57-71fed66ff4e2,Discovery,T1057,92604,Processes running for all users were queried with ps command.,medium,Primary trigger evidence for C-LNX-01-CAL-R003,Medium-confidence timestamp-derived label; retained after spot-check.
LBL-000097,ALERT-FB9B90C624B63F0B,,C-LNX-01,C-LNX-01-CAL-R003,safesoc-lnx-01,2026-05-15T00:43:47.804-0400,attack_like,supporting,caldera_campaign,caldera,MITRE Caldera,,CAL_LNX_OP3 (2026-05-15T04:09:53.102Z),Discovery (0f4c3c67-845e-49a0-927e-90ed33c044e0),c0da588f-79f0-4263-8998-7496b1a40596;c1cd6388-3ced-48c7-a511-0434c6ba8f48;3b5db901-2cb8-4df7-8043-c4628a6a5d5a;5c4dd985-89e3-4590-9b57-71fed66ff4e2,Discovery,T1057,92604,Processes running for all users were queried with ps command.,medium,Primary trigger evidence for C-LNX-01-CAL-R003,Medium-confidence timestamp-derived label; retained after spot-check.
LBL-000098,ALERT-0425721CB796C438,,C-LNX-01,C-LNX-01-CAL-R003,safesoc-lnx-01,2026-05-15T00:44:43.818-0400,attack_like,supporting,caldera_campaign,caldera,MITRE Caldera,,CAL_LNX_OP3 (2026-05-15T04:09:53.102Z),Discovery (0f4c3c67-845e-49a0-927e-90ed33c044e0),c0da588f-79f0-4263-8998-7496b1a40596;c1cd6388-3ced-48c7-a511-0434c6ba8f48;3b5db901-2cb8-4df7-8043-c4628a6a5d5a;5c4dd985-89e3-4590-9b57-71fed66ff4e2,Discovery,T1057,92604,Processes running for all users were queried with ps command.,medium,Primary trigger evidence for C-LNX-01-CAL-R003,Medium-confidence timestamp-derived label; retained after spot-check.
LBL-000099,ALERT-972B3F8C6FB1288B,,C-LNX-01,C-LNX-01-CAL-R003,safesoc-lnx-01,2026-05-15T00:45:36.485-0400,attack_like,supporting,caldera_campaign,caldera,MITRE Caldera,,CAL_LNX_OP3 (2026-05-15T04:09:53.102Z),Discovery (0f4c3c67-845e-49a0-927e-90ed33c044e0),c0da588f-79f0-4263-8998-7496b1a40596;c1cd6388-3ced-48c7-a511-0434c6ba8f48;3b5db901-2cb8-4df7-8043-c4628a6a5d5a;5c4dd985-89e3-4590-9b57-71fed66ff4e2,Discovery,T1057,92604,Processes running for all users were queried with ps command.,medium,Supporting telemetry for C-LNX-01-CAL-R003,Medium-confidence timestamp-derived label; retained after spot-check.
LBL-000100,ALERT-2E8CE9F4E335CC50,,C-LNX-01,C-LNX-01-CAL-R003,safesoc-lnx-01,2026-05-15T00:46:22.534-0400,attack_like,supporting,caldera_campaign,caldera,MITRE Caldera,,CAL_LNX_OP3 (2026-05-15T04:09:53.102Z),Discovery (0f4c3c67-845e-49a0-927e-90ed33c044e0),c0da588f-79f0-4263-8998-7496b1a40596;c1cd6388-3ced-48c7-a511-0434c6ba8f48;3b5db901-2cb8-4df7-8043-c4628a6a5d5a;5c4dd985-89e3-4590-9b57-71fed66ff4e2,Discovery,T1057,92604,Processes running for all users were queried with ps command.,medium,Primary trigger evidence for C-LNX-01-CAL-R003,Medium-confidence timestamp-derived label; retained after spot-check.
LBL-000101,ALERT-919CC0AC33F6DA19,,C-LNX-01,C-LNX-01-CAL-R003,safesoc-lnx-01,2026-05-15T00:47:18.510-0400,attack_like,supporting,caldera_campaign,caldera,MITRE Caldera,,CAL_LNX_OP3 (2026-05-15T04:09:53.102Z),Discovery (0f4c3c67-845e-49a0-927e-90ed33c044e0),c0da588f-79f0-4263-8998-7496b1a40596;c1cd6388-3ced-48c7-a511-0434c6ba8f48;3b5db901-2cb8-4df7-8043-c4628a6a5d5a;5c4dd985-89e3-4590-9b57-71fed66ff4e2,Discovery,T1057,92604,Processes running for all users were queried with ps command.,medium,Primary trigger evidence for C-LNX-01-CAL-R003,Medium-confidence timestamp-derived label; retained after spot-check.
LBL-000102,ALERT-E9391FBFA28E0F80,,C-LNX-01,C-LNX-01-CAL-R003,safesoc-lnx-01,2026-05-15T00:47:51.834-0400,attack_like,duplicate,caldera_campaign,caldera,MITRE Caldera,,CAL_LNX_OP3 (2026-05-15T04:09:53.102Z),Discovery (0f4c3c67-845e-49a0-927e-90ed33c044e0),c0da588f-79f0-4263-8998-7496b1a40596;c1cd6388-3ced-48c7-a511-0434c6ba8f48;3b5db901-2cb8-4df7-8043-c4628a6a5d5a;5c4dd985-89e3-4590-9b57-71fed66ff4e2,Discovery,T1057,92604,Processes running for all users were queried with ps command.,medium,Duplicate repeated telemetry for C-LNX-01-CAL-R003,Reviewed during Sprint 8 QA. Duplicate correlation reference retained for overlap and alert-fatigue analysis.
LBL-000103,ALERT-5B22611803697B4C,,C-LNX-01,C-LNX-01-CAL-R003,safesoc-lnx-01,2026-05-15T00:48:53.889-0400,attack_like,supporting,caldera_campaign,caldera,MITRE Caldera,,CAL_LNX_OP3 (2026-05-15T04:09:53.102Z),Discovery (0f4c3c67-845e-49a0-927e-90ed33c044e0),c0da588f-79f0-4263-8998-7496b1a40596;c1cd6388-3ced-48c7-a511-0434c6ba8f48;3b5db901-2cb8-4df7-8043-c4628a6a5d5a;5c4dd985-89e3-4590-9b57-71fed66ff4e2,Discovery,T1057,92604,Processes running for all users were queried with ps command.,medium,Primary trigger evidence for C-LNX-01-CAL-R003,Medium-confidence timestamp-derived label; retained after spot-check.
LBL-000104,ALERT-599856B22432307F,,C-LNX-01,C-LNX-01-CAL-R003,safesoc-lnx-01,2026-05-15T00:49:49.910-0400,attack_like,supporting,caldera_campaign,caldera,MITRE Caldera,,CAL_LNX_OP3 (2026-05-15T04:09:53.102Z),Discovery (0f4c3c67-845e-49a0-927e-90ed33c044e0),c0da588f-79f0-4263-8998-7496b1a40596;c1cd6388-3ced-48c7-a511-0434c6ba8f48;3b5db901-2cb8-4df7-8043-c4628a6a5d5a;5c4dd985-89e3-4590-9b57-71fed66ff4e2,Discovery,T1057,92604,Processes running for all users were queried with ps command.,medium,Primary trigger evidence for C-LNX-01-CAL-R003,Medium-confidence timestamp-derived label; retained after spot-check.
LBL-000105,ALERT-4A4308F60C18E377,,C-LNX-01,C-LNX-01-CAL-R003,safesoc-lnx-01,2026-05-15T00:50:41.923-0400,attack_like,supporting,caldera_campaign,caldera,MITRE Caldera,,CAL_LNX_OP3 (2026-05-15T04:09:53.102Z),Discovery (0f4c3c67-845e-49a0-927e-90ed33c044e0),c0da588f-79f0-4263-8998-7496b1a40596;c1cd6388-3ced-48c7-a511-0434c6ba8f48;3b5db901-2cb8-4df7-8043-c4628a6a5d5a;5c4dd985-89e3-4590-9b57-71fed66ff4e2,Discovery,T1057,92604,Processes running for all users were queried with ps command.,medium,Primary trigger evidence for C-LNX-01-CAL-R003,Medium-confidence timestamp-derived label; retained after spot-check.
LBL-000106,ALERT-564143E5F4909BB3,,C-LNX-01,C-LNX-01-CAL-R003,safesoc-lnx-01,2026-05-15T00:51:31.933-0400,attack_like,supporting,caldera_campaign,caldera,MITRE Caldera,,CAL_LNX_OP3 (2026-05-15T04:09:53.102Z),Discovery (0f4c3c67-845e-49a0-927e-90ed33c044e0),c0da588f-79f0-4263-8998-7496b1a40596;c1cd6388-3ced-48c7-a511-0434c6ba8f48;3b5db901-2cb8-4df7-8043-c4628a6a5d5a;5c4dd985-89e3-4590-9b57-71fed66ff4e2,Discovery,T1057,92604,Processes running for all users were queried with ps command.,medium,Primary trigger evidence for C-LNX-01-CAL-R003,Medium-confidence timestamp-derived label; retained after spot-check.
LBL-000107,ALERT-0EA1ABDA3F8B8416,,C-LNX-01,C-LNX-01-CAL-R003,safesoc-lnx-01,2026-05-15T00:52:31.930-0400,attack_like,supporting,caldera_campaign,caldera,MITRE Caldera,,CAL_LNX_OP3 (2026-05-15T04:09:53.102Z),Discovery (0f4c3c67-845e-49a0-927e-90ed33c044e0),c0da588f-79f0-4263-8998-7496b1a40596;c1cd6388-3ced-48c7-a511-0434c6ba8f48;3b5db901-2cb8-4df7-8043-c4628a6a5d5a;5c4dd985-89e3-4590-9b57-71fed66ff4e2,Discovery,T1057,92604,Processes running for all users were queried with ps command.,medium,Primary trigger evidence for C-LNX-01-CAL-R003,Medium-confidence timestamp-derived label; retained after spot-check.
LBL-000108,ALERT-ACC16580B4FF4CF4,,C-LNX-01,C-LNX-01-CAL-R003,safesoc-lnx-01,2026-05-15T00:53:10.631-0400,attack_like,supporting,caldera_campaign,caldera,MITRE Caldera,,CAL_LNX_OP3 (2026-05-15T04:09:53.102Z),Discovery (0f4c3c67-845e-49a0-927e-90ed33c044e0),c0da588f-79f0-4263-8998-7496b1a40596;c1cd6388-3ced-48c7-a511-0434c6ba8f48;3b5db901-2cb8-4df7-8043-c4628a6a5d5a;5c4dd985-89e3-4590-9b57-71fed66ff4e2,Discovery,T1057,92604,Processes running for all users were queried with ps command.,medium,Primary trigger evidence for C-LNX-01-CAL-R003,Medium-confidence timestamp-derived label; retained after spot-check.
LBL-000109,ALERT-E0A836B687040340,,C-LNX-01,C-LNX-01-CAL-R003,safesoc-lnx-01,2026-05-15T00:53:55.987-0400,attack_like,supporting,caldera_campaign,caldera,MITRE Caldera,,CAL_LNX_OP3 (2026-05-15T04:09:53.102Z),Discovery (0f4c3c67-845e-49a0-927e-90ed33c044e0),c0da588f-79f0-4263-8998-7496b1a40596;c1cd6388-3ced-48c7-a511-0434c6ba8f48;3b5db901-2cb8-4df7-8043-c4628a6a5d5a;5c4dd985-89e3-4590-9b57-71fed66ff4e2,Discovery,T1057,92604,Processes running for all users were queried with ps command.,medium,Primary trigger evidence for C-LNX-01-CAL-R003,Medium-confidence timestamp-derived label; retained after spot-check.
LBL-000110,ALERT-856AC44E235682C9,,C-LNX-01,C-LNX-01-CAL-R003,safesoc-lnx-01,2026-05-15T00:54:54.005-0400,attack_like,supporting,caldera_campaign,caldera,MITRE Caldera,,CAL_LNX_OP3 (2026-05-15T04:09:53.102Z),Discovery (0f4c3c67-845e-49a0-927e-90ed33c044e0),c0da588f-79f0-4263-8998-7496b1a40596;c1cd6388-3ced-48c7-a511-0434c6ba8f48;3b5db901-2cb8-4df7-8043-c4628a6a5d5a;5c4dd985-89e3-4590-9b57-71fed66ff4e2,Discovery,T1057,92604,Processes running for all users were queried with ps command.,medium,Primary trigger evidence for C-LNX-01-CAL-R003,Medium-confidence timestamp-derived label; retained after spot-check.
LBL-000111,ALERT-DD345CD878810EDD,,C-LNX-01,C-LNX-01-CAL-R003,safesoc-lnx-01,2026-05-15T00:55:36.666-0400,attack_like,supporting,caldera_campaign,caldera,MITRE Caldera,,CAL_LNX_OP3 (2026-05-15T04:09:53.102Z),Discovery (0f4c3c67-845e-49a0-927e-90ed33c044e0),c0da588f-79f0-4263-8998-7496b1a40596;c1cd6388-3ced-48c7-a511-0434c6ba8f48;3b5db901-2cb8-4df7-8043-c4628a6a5d5a;5c4dd985-89e3-4590-9b57-71fed66ff4e2,Discovery,T1057,92604,Processes running for all users were queried with ps command.,medium,Primary trigger evidence for C-LNX-01-CAL-R003,Medium-confidence timestamp-derived label; retained after spot-check.
LBL-000112,ALERT-445EBFAE665C8BF8,,C-LNX-01,C-LNX-01-CAL-R003,safesoc-lnx-01,2026-05-15T00:00:17.017-0400,attack_like,duplicate,caldera_campaign,caldera,MITRE Caldera,,CAL_LNX_OP3 (2026-05-15T04:09:53.102Z),Discovery (0f4c3c67-845e-49a0-927e-90ed33c044e0),c0da588f-79f0-4263-8998-7496b1a40596;c1cd6388-3ced-48c7-a511-0434c6ba8f48;3b5db901-2cb8-4df7-8043-c4628a6a5d5a;5c4dd985-89e3-4590-9b57-71fed66ff4e2,Discovery,T1057,92604,Processes running for all users were queried with ps command.,medium,Primary trigger evidence for C-LNX-01-CAL-R003,Reviewed during Sprint 8 QA. Duplicate correlation reference retained for overlap and alert-fatigue analysis.
LBL-000113,ALERT-B11027386A50F2C0,,C-LNX-01,C-LNX-01-CAL-R003,safesoc-lnx-01,2026-05-15T00:00:21.067-0400,attack_like,duplicate,caldera_campaign,caldera,MITRE Caldera,,CAL_LNX_OP3 (2026-05-15T04:09:53.102Z),Discovery (0f4c3c67-845e-49a0-927e-90ed33c044e0),c0da588f-79f0-4263-8998-7496b1a40596;c1cd6388-3ced-48c7-a511-0434c6ba8f48;3b5db901-2cb8-4df7-8043-c4628a6a5d5a;5c4dd985-89e3-4590-9b57-71fed66ff4e2,Campaign,T1110.001/T1548.003/T1082/T1033/T1016/T1053.003,80730,Auditd: SELinux permission check.,medium,Primary trigger evidence for C-LNX-01-CAL-R003,Reviewed during Sprint 8 QA. Duplicate correlation reference retained for overlap and alert-fatigue analysis.
LBL-000114,ALERT-561FB6D199940F1C,,C-LNX-01,C-LNX-01-CAL-R003,safesoc-lnx-01,2026-05-15T00:12:25.208-0400,attack_like,duplicate,caldera_campaign,caldera,MITRE Caldera,,CAL_LNX_OP3 (2026-05-15T04:09:53.102Z),Discovery (0f4c3c67-845e-49a0-927e-90ed33c044e0),c0da588f-79f0-4263-8998-7496b1a40596;c1cd6388-3ced-48c7-a511-0434c6ba8f48;3b5db901-2cb8-4df7-8043-c4628a6a5d5a;5c4dd985-89e3-4590-9b57-71fed66ff4e2,Discovery,T1057,92604,Processes running for all users were queried with ps command.,medium,Primary trigger evidence for C-LNX-01-CAL-R003,Reviewed during Sprint 8 QA. Duplicate correlation reference retained for overlap and alert-fatigue analysis.
LBL-000115,ALERT-D33329D0398DE5E9,,C-LNX-01,C-LNX-01-CAL-R003,safesoc-lnx-01,2026-05-15T00:13:37.238-0400,attack_like,duplicate,caldera_campaign,caldera,MITRE Caldera,,CAL_LNX_OP3 (2026-05-15T04:09:53.102Z),Discovery (0f4c3c67-845e-49a0-927e-90ed33c044e0),c0da588f-79f0-4263-8998-7496b1a40596;c1cd6388-3ced-48c7-a511-0434c6ba8f48;3b5db901-2cb8-4df7-8043-c4628a6a5d5a;5c4dd985-89e3-4590-9b57-71fed66ff4e2,Discovery,T1057,92604,Processes running for all users were queried with ps command.,medium,Primary trigger evidence for C-LNX-01-CAL-R003,Reviewed during Sprint 8 QA. Duplicate correlation reference retained for overlap and alert-fatigue analysis.
LBL-000116,ALERT-319CCDE655311608,,C-LNX-01,C-LNX-01-CAL-R003,safesoc-lnx-01,2026-05-15T00:14:35.246-0400,attack_like,duplicate,caldera_campaign,caldera,MITRE Caldera,,CAL_LNX_OP3 (2026-05-15T04:09:53.102Z),Discovery (0f4c3c67-845e-49a0-927e-90ed33c044e0),c0da588f-79f0-4263-8998-7496b1a40596;c1cd6388-3ced-48c7-a511-0434c6ba8f48;3b5db901-2cb8-4df7-8043-c4628a6a5d5a;5c4dd985-89e3-4590-9b57-71fed66ff4e2,Discovery,T1057,92604,Processes running for all users were queried with ps command.,medium,Primary trigger evidence for C-LNX-01-CAL-R003,Reviewed during Sprint 8 QA. Duplicate correlation reference retained for overlap and alert-fatigue analysis.
LBL-000117,ALERT-4E48943D1FB4B605,,C-LNX-01,C-LNX-01-CAL-R003,safesoc-lnx-01,2026-05-15T00:15:35.267-0400,attack_like,duplicate,caldera_campaign,caldera,MITRE Caldera,,CAL_LNX_OP3 (2026-05-15T04:09:53.102Z),Discovery (0f4c3c67-845e-49a0-927e-90ed33c044e0),c0da588f-79f0-4263-8998-7496b1a40596;c1cd6388-3ced-48c7-a511-0434c6ba8f48;3b5db901-2cb8-4df7-8043-c4628a6a5d5a;5c4dd985-89e3-4590-9b57-71fed66ff4e2,Discovery,T1057,92604,Processes running for all users were queried with ps command.,medium,Primary trigger evidence for C-LNX-01-CAL-R003,Reviewed during Sprint 8 QA. Duplicate correlation reference retained for overlap and alert-fatigue analysis.
LBL-000118,ALERT-A1220A2648FB0DAA,,C-LNX-01,C-LNX-01-CAL-R003,safesoc-lnx-01,2026-05-15T00:16:43.322-0400,attack_like,duplicate,caldera_campaign,caldera,MITRE Caldera,,CAL_LNX_OP3 (2026-05-15T04:09:53.102Z),Discovery (0f4c3c67-845e-49a0-927e-90ed33c044e0),c0da588f-79f0-4263-8998-7496b1a40596;c1cd6388-3ced-48c7-a511-0434c6ba8f48;3b5db901-2cb8-4df7-8043-c4628a6a5d5a;5c4dd985-89e3-4590-9b57-71fed66ff4e2,Discovery,T1057,92604,Processes running for all users were queried with ps command.,medium,Primary trigger evidence for C-LNX-01-CAL-R003,Reviewed during Sprint 8 QA. Duplicate correlation reference retained for overlap and alert-fatigue analysis.
LBL-000119,ALERT-A591C7557ECCEB16,,C-LNX-01,C-LNX-01-CAL-R003,safesoc-lnx-01,2026-05-15T00:17:47.297-0400,attack_like,duplicate,caldera_campaign,caldera,MITRE Caldera,,CAL_LNX_OP3 (2026-05-15T04:09:53.102Z),Discovery (0f4c3c67-845e-49a0-927e-90ed33c044e0),c0da588f-79f0-4263-8998-7496b1a40596;c1cd6388-3ced-48c7-a511-0434c6ba8f48;3b5db901-2cb8-4df7-8043-c4628a6a5d5a;5c4dd985-89e3-4590-9b57-71fed66ff4e2,Discovery,T1057,92604,Processes running for all users were queried with ps command.,medium,Primary trigger evidence for C-LNX-01-CAL-R003,Reviewed during Sprint 8 QA. Duplicate correlation reference retained for overlap and alert-fatigue analysis.
LBL-000120,ALERT-8886D78D94AD800D,,C-LNX-01,C-LNX-01-CAL-R003,safesoc-lnx-01,2026-05-15T00:18:55.313-0400,attack_like,duplicate,caldera_campaign,caldera,MITRE Caldera,,CAL_LNX_OP3 (2026-05-15T04:09:53.102Z),Discovery (0f4c3c67-845e-49a0-927e-90ed33c044e0),c0da588f-79f0-4263-8998-7496b1a40596;c1cd6388-3ced-48c7-a511-0434c6ba8f48;3b5db901-2cb8-4df7-8043-c4628a6a5d5a;5c4dd985-89e3-4590-9b57-71fed66ff4e2,Discovery,T1057,92604,Processes running for all users were queried with ps command.,medium,Primary trigger evidence for C-LNX-01-CAL-R003,Reviewed during Sprint 8 QA. Duplicate correlation reference retained for overlap and alert-fatigue analysis.
LBL-000121,ALERT-56E5215B1774D9BD,,C-LNX-01,C-LNX-01-CAL-R003,safesoc-lnx-01,2026-05-15T00:19:55.349-0400,attack_like,duplicate,caldera_campaign,caldera,MITRE Caldera,,CAL_LNX_OP3 (2026-05-15T04:09:53.102Z),Discovery (0f4c3c67-845e-49a0-927e-90ed33c044e0),c0da588f-79f0-4263-8998-7496b1a40596;c1cd6388-3ced-48c7-a511-0434c6ba8f48;3b5db901-2cb8-4df7-8043-c4628a6a5d5a;5c4dd985-89e3-4590-9b57-71fed66ff4e2,Discovery,T1057,92604,Processes running for all users were queried with ps command.,medium,Primary trigger evidence for C-LNX-01-CAL-R003,Reviewed during Sprint 8 QA. Duplicate correlation reference retained for overlap and alert-fatigue analysis.
LBL-000122,ALERT-D333DCF417EBA53B,,C-LNX-01,C-LNX-01-CAL-R003,safesoc-lnx-01,2026-05-15T00:20:39.359-0400,attack_like,duplicate,caldera_campaign,caldera,MITRE Caldera,,CAL_LNX_OP3 (2026-05-15T04:09:53.102Z),Discovery (0f4c3c67-845e-49a0-927e-90ed33c044e0),c0da588f-79f0-4263-8998-7496b1a40596;c1cd6388-3ced-48c7-a511-0434c6ba8f48;3b5db901-2cb8-4df7-8043-c4628a6a5d5a;5c4dd985-89e3-4590-9b57-71fed66ff4e2,Discovery,T1057,92604,Processes running for all users were queried with ps command.,medium,Primary trigger evidence for C-LNX-01-CAL-R003,Reviewed during Sprint 8 QA. Duplicate correlation reference retained for overlap and alert-fatigue analysis.
LBL-000123,ALERT-585DD3F6152E6CA5,,C-LNX-01,C-LNX-01-CAL-R003,safesoc-lnx-01,2026-05-15T00:21:37.372-0400,attack_like,duplicate,caldera_campaign,caldera,MITRE Caldera,,CAL_LNX_OP3 (2026-05-15T04:09:53.102Z),Discovery (0f4c3c67-845e-49a0-927e-90ed33c044e0),c0da588f-79f0-4263-8998-7496b1a40596;c1cd6388-3ced-48c7-a511-0434c6ba8f48;3b5db901-2cb8-4df7-8043-c4628a6a5d5a;5c4dd985-89e3-4590-9b57-71fed66ff4e2,Discovery,T1057,92604,Processes running for all users were queried with ps command.,medium,Primary trigger evidence for C-LNX-01-CAL-R003,Reviewed during Sprint 8 QA. Duplicate correlation reference retained for overlap and alert-fatigue analysis.
LBL-000124,ALERT-0E36E33EAB78C7F9,,C-LNX-01,C-LNX-01-CAL-R003,safesoc-lnx-01,2026-05-15T00:22:37.386-0400,attack_like,duplicate,caldera_campaign,caldera,MITRE Caldera,,CAL_LNX_OP3 (2026-05-15T04:09:53.102Z),Discovery (0f4c3c67-845e-49a0-927e-90ed33c044e0),c0da588f-79f0-4263-8998-7496b1a40596;c1cd6388-3ced-48c7-a511-0434c6ba8f48;3b5db901-2cb8-4df7-8043-c4628a6a5d5a;5c4dd985-89e3-4590-9b57-71fed66ff4e2,Discovery,T1057,92604,Processes running for all users were queried with ps command.,medium,Primary trigger evidence for C-LNX-01-CAL-R003,Reviewed during Sprint 8 QA. Duplicate correlation reference retained for overlap and alert-fatigue analysis.
LBL-000125,ALERT-E9DD862B632660E7,,C-LNX-01,C-LNX-01-CAL-R003,safesoc-lnx-01,2026-05-15T00:23:35.406-0400,attack_like,duplicate,caldera_campaign,caldera,MITRE Caldera,,CAL_LNX_OP3 (2026-05-15T04:09:53.102Z),Discovery (0f4c3c67-845e-49a0-927e-90ed33c044e0),c0da588f-79f0-4263-8998-7496b1a40596;c1cd6388-3ced-48c7-a511-0434c6ba8f48;3b5db901-2cb8-4df7-8043-c4628a6a5d5a;5c4dd985-89e3-4590-9b57-71fed66ff4e2,Discovery,T1057,92604,Processes running for all users were queried with ps command.,medium,Primary trigger evidence for C-LNX-01-CAL-R003,Reviewed during Sprint 8 QA. Duplicate correlation reference retained for overlap and alert-fatigue analysis.
LBL-000126,ALERT-D0A9E728D7C1698C,,C-LNX-01,C-LNX-01-CAL-R003,safesoc-lnx-01,2026-05-15T00:24:29.451-0400,attack_like,duplicate,caldera_campaign,caldera,MITRE Caldera,,CAL_LNX_OP3 (2026-05-15T04:09:53.102Z),Discovery (0f4c3c67-845e-49a0-927e-90ed33c044e0),c0da588f-79f0-4263-8998-7496b1a40596;c1cd6388-3ced-48c7-a511-0434c6ba8f48;3b5db901-2cb8-4df7-8043-c4628a6a5d5a;5c4dd985-89e3-4590-9b57-71fed66ff4e2,Discovery,T1057,92604,Processes running for all users were queried with ps command.,medium,Primary trigger evidence for C-LNX-01-CAL-R003,Reviewed during Sprint 8 QA. Duplicate correlation reference retained for overlap and alert-fatigue analysis.
LBL-000127,ALERT-E7E9E15ED9F70D35,,C-LNX-01,C-LNX-01-CAL-R003,safesoc-lnx-01,2026-05-15T00:25:35.434-0400,attack_like,duplicate,caldera_campaign,caldera,MITRE Caldera,,CAL_LNX_OP3 (2026-05-15T04:09:53.102Z),Discovery (0f4c3c67-845e-49a0-927e-90ed33c044e0),c0da588f-79f0-4263-8998-7496b1a40596;c1cd6388-3ced-48c7-a511-0434c6ba8f48;3b5db901-2cb8-4df7-8043-c4628a6a5d5a;5c4dd985-89e3-4590-9b57-71fed66ff4e2,Discovery,T1057,92604,Processes running for all users were queried with ps command.,medium,Primary trigger evidence for C-LNX-01-CAL-R003,Reviewed during Sprint 8 QA. Duplicate correlation reference retained for overlap and alert-fatigue analysis.
LBL-000128,ALERT-45EFA995E37102F8,,C-LNX-01,C-LNX-01-CAL-R003,safesoc-lnx-01,2026-05-15T00:26:17.443-0400,attack_like,duplicate,caldera_campaign,caldera,MITRE Caldera,,CAL_LNX_OP3 (2026-05-15T04:09:53.102Z),Discovery (0f4c3c67-845e-49a0-927e-90ed33c044e0),c0da588f-79f0-4263-8998-7496b1a40596;c1cd6388-3ced-48c7-a511-0434c6ba8f48;3b5db901-2cb8-4df7-8043-c4628a6a5d5a;5c4dd985-89e3-4590-9b57-71fed66ff4e2,Discovery,T1057,92604,Processes running for all users were queried with ps command.,medium,Primary trigger evidence for C-LNX-01-CAL-R003,Reviewed during Sprint 8 QA. Duplicate correlation reference retained for overlap and alert-fatigue analysis.
LBL-000129,ALERT-E1DDFE2BEA2A83C4,,C-LNX-01,C-LNX-01-CAL-R003,safesoc-lnx-01,2026-05-15T00:26:59.493-0400,attack_like,duplicate,caldera_campaign,caldera,MITRE Caldera,,CAL_LNX_OP3 (2026-05-15T04:09:53.102Z),Discovery (0f4c3c67-845e-49a0-927e-90ed33c044e0),c0da588f-79f0-4263-8998-7496b1a40596;c1cd6388-3ced-48c7-a511-0434c6ba8f48;3b5db901-2cb8-4df7-8043-c4628a6a5d5a;5c4dd985-89e3-4590-9b57-71fed66ff4e2,Discovery,T1057,92604,Processes running for all users were queried with ps command.,medium,Primary trigger evidence for C-LNX-01-CAL-R003,Reviewed during Sprint 8 QA. Duplicate correlation reference retained for overlap and alert-fatigue analysis.
LBL-000130,ALERT-3F74861696BA1246,,C-LNX-01,C-LNX-01-CAL-R003,safesoc-lnx-01,2026-05-15T00:27:45.506-0400,attack_like,duplicate,caldera_campaign,caldera,MITRE Caldera,,CAL_LNX_OP3 (2026-05-15T04:09:53.102Z),Discovery (0f4c3c67-845e-49a0-927e-90ed33c044e0),c0da588f-79f0-4263-8998-7496b1a40596;c1cd6388-3ced-48c7-a511-0434c6ba8f48;3b5db901-2cb8-4df7-8043-c4628a6a5d5a;5c4dd985-89e3-4590-9b57-71fed66ff4e2,Discovery,T1057,92604,Processes running for all users were queried with ps command.,medium,Primary trigger evidence for C-LNX-01-CAL-R003,Reviewed during Sprint 8 QA. Duplicate correlation reference retained for overlap and alert-fatigue analysis.
LBL-000131,ALERT-8C5FEED7F848D6A3,,C-LNX-01,C-LNX-01-CAL-R003,safesoc-lnx-01,2026-05-15T00:28:31.519-0400,attack_like,duplicate,caldera_campaign,caldera,MITRE Caldera,,CAL_LNX_OP3 (2026-05-15T04:09:53.102Z),Discovery (0f4c3c67-845e-49a0-927e-90ed33c044e0),c0da588f-79f0-4263-8998-7496b1a40596;c1cd6388-3ced-48c7-a511-0434c6ba8f48;3b5db901-2cb8-4df7-8043-c4628a6a5d5a;5c4dd985-89e3-4590-9b57-71fed66ff4e2,Discovery,T1057,92604,Processes running for all users were queried with ps command.,medium,Primary trigger evidence for C-LNX-01-CAL-R003,Reviewed during Sprint 8 QA. Duplicate correlation reference retained for overlap and alert-fatigue analysis.
LBL-000132,ALERT-6EB90D9669A9EA66,,C-LNX-01,C-LNX-01-CAL-R003,safesoc-lnx-01,2026-05-15T00:29:22.184-0400,attack_like,duplicate,caldera_campaign,caldera,MITRE Caldera,,CAL_LNX_OP3 (2026-05-15T04:09:53.102Z),Discovery (0f4c3c67-845e-49a0-927e-90ed33c044e0),c0da588f-79f0-4263-8998-7496b1a40596;c1cd6388-3ced-48c7-a511-0434c6ba8f48;3b5db901-2cb8-4df7-8043-c4628a6a5d5a;5c4dd985-89e3-4590-9b57-71fed66ff4e2,Discovery,T1057,92604,Processes running for all users were queried with ps command.,medium,Primary trigger evidence for C-LNX-01-CAL-R003,Reviewed during Sprint 8 QA. Duplicate correlation reference retained for overlap and alert-fatigue analysis.
LBL-000133,ALERT-9BFA3724D0BAC2E6,,C-LNX-01,C-LNX-01-CAL-R003,safesoc-lnx-01,2026-05-15T00:30:07.545-0400,attack_like,duplicate,caldera_campaign,caldera,MITRE Caldera,,CAL_LNX_OP3 (2026-05-15T04:09:53.102Z),Discovery (0f4c3c67-845e-49a0-927e-90ed33c044e0),c0da588f-79f0-4263-8998-7496b1a40596;c1cd6388-3ced-48c7-a511-0434c6ba8f48;3b5db901-2cb8-4df7-8043-c4628a6a5d5a;5c4dd985-89e3-4590-9b57-71fed66ff4e2,Discovery,T1057,92604,Processes running for all users were queried with ps command.,medium,Primary trigger evidence for C-LNX-01-CAL-R003,Reviewed during Sprint 8 QA. Duplicate correlation reference retained for overlap and alert-fatigue analysis.
LBL-000134,ALERT-72F26E87464E67FC,,C-LNX-01,C-LNX-01-CAL-R003,safesoc-lnx-01,2026-05-15T00:31:11.531-0400,attack_like,duplicate,caldera_campaign,caldera,MITRE Caldera,,CAL_LNX_OP3 (2026-05-15T04:09:53.102Z),Discovery (0f4c3c67-845e-49a0-927e-90ed33c044e0),c0da588f-79f0-4263-8998-7496b1a40596;c1cd6388-3ced-48c7-a511-0434c6ba8f48;3b5db901-2cb8-4df7-8043-c4628a6a5d5a;5c4dd985-89e3-4590-9b57-71fed66ff4e2,Discovery,T1057,92604,Processes running for all users were queried with ps command.,medium,Primary trigger evidence for C-LNX-01-CAL-R003,Reviewed during Sprint 8 QA. Duplicate correlation reference retained for overlap and alert-fatigue analysis.
LBL-000135,ALERT-9E5D5E7591D2BA84,,C-LNX-01,C-LNX-01-CAL-R003,safesoc-lnx-01,2026-05-15T00:32:03.577-0400,attack_like,duplicate,caldera_campaign,caldera,MITRE Caldera,,CAL_LNX_OP3 (2026-05-15T04:09:53.102Z),Discovery (0f4c3c67-845e-49a0-927e-90ed33c044e0),c0da588f-79f0-4263-8998-7496b1a40596;c1cd6388-3ced-48c7-a511-0434c6ba8f48;3b5db901-2cb8-4df7-8043-c4628a6a5d5a;5c4dd985-89e3-4590-9b57-71fed66ff4e2,Discovery,T1057,92604,Processes running for all users were queried with ps command.,medium,Primary trigger evidence for C-LNX-01-CAL-R003,Reviewed during Sprint 8 QA. Duplicate correlation reference retained for overlap and alert-fatigue analysis.
LBL-000136,ALERT-F0B0033875C6224D,,C-LNX-01,C-LNX-01-CAL-R003,safesoc-lnx-01,2026-05-15T00:32:42.280-0400,attack_like,duplicate,caldera_campaign,caldera,MITRE Caldera,,CAL_LNX_OP3 (2026-05-15T04:09:53.102Z),Discovery (0f4c3c67-845e-49a0-927e-90ed33c044e0),c0da588f-79f0-4263-8998-7496b1a40596;c1cd6388-3ced-48c7-a511-0434c6ba8f48;3b5db901-2cb8-4df7-8043-c4628a6a5d5a;5c4dd985-89e3-4590-9b57-71fed66ff4e2,Discovery,T1057,92604,Processes running for all users were queried with ps command.,medium,Primary trigger evidence for C-LNX-01-CAL-R003,Reviewed during Sprint 8 QA. Duplicate correlation reference retained for overlap and alert-fatigue analysis.
LBL-000137,ALERT-7DDC62E1001D0CE7,,C-LNX-01,C-LNX-01-CAL-R003,safesoc-lnx-01,2026-05-15T00:33:42.303-0400,attack_like,duplicate,caldera_campaign,caldera,MITRE Caldera,,CAL_LNX_OP3 (2026-05-15T04:09:53.102Z),Discovery (0f4c3c67-845e-49a0-927e-90ed33c044e0),c0da588f-79f0-4263-8998-7496b1a40596;c1cd6388-3ced-48c7-a511-0434c6ba8f48;3b5db901-2cb8-4df7-8043-c4628a6a5d5a;5c4dd985-89e3-4590-9b57-71fed66ff4e2,Discovery,T1057,92604,Processes running for all users were queried with ps command.,medium,Primary trigger evidence for C-LNX-01-CAL-R003,Reviewed during Sprint 8 QA. Duplicate correlation reference retained for overlap and alert-fatigue analysis.
LBL-000138,ALERT-9866AAFBF724F412,,C-LNX-01,C-LNX-01-CAL-R003,safesoc-lnx-01,2026-05-15T00:34:20.313-0400,attack_like,duplicate,caldera_campaign,caldera,MITRE Caldera,,CAL_LNX_OP3 (2026-05-15T04:09:53.102Z),Discovery (0f4c3c67-845e-49a0-927e-90ed33c044e0),c0da588f-79f0-4263-8998-7496b1a40596;c1cd6388-3ced-48c7-a511-0434c6ba8f48;3b5db901-2cb8-4df7-8043-c4628a6a5d5a;5c4dd985-89e3-4590-9b57-71fed66ff4e2,Discovery,T1057,92604,Processes running for all users were queried with ps command.,medium,Primary trigger evidence for C-LNX-01-CAL-R003,Reviewed during Sprint 8 QA. Duplicate correlation reference retained for overlap and alert-fatigue analysis.
LBL-000139,ALERT-F3DE08BDD78AA429,,C-LNX-01,C-LNX-01-CAL-R003,safesoc-lnx-01,2026-05-15T00:35:07.631-0400,attack_like,duplicate,caldera_campaign,caldera,MITRE Caldera,,CAL_LNX_OP3 (2026-05-15T04:09:53.102Z),Discovery (0f4c3c67-845e-49a0-927e-90ed33c044e0),c0da588f-79f0-4263-8998-7496b1a40596;c1cd6388-3ced-48c7-a511-0434c6ba8f48;3b5db901-2cb8-4df7-8043-c4628a6a5d5a;5c4dd985-89e3-4590-9b57-71fed66ff4e2,Discovery,T1057,92604,Processes running for all users were queried with ps command.,medium,Primary trigger evidence for C-LNX-01-CAL-R003,Reviewed during Sprint 8 QA. Duplicate correlation reference retained for overlap and alert-fatigue analysis.
LBL-000140,ALERT-D7F767709CF40AC5,,C-LNX-01,C-LNX-01-CAL-R003,safesoc-lnx-01,2026-05-15T00:36:04.301-0400,attack_like,duplicate,caldera_campaign,caldera,MITRE Caldera,,CAL_LNX_OP3 (2026-05-15T04:09:53.102Z),Discovery (0f4c3c67-845e-49a0-927e-90ed33c044e0),c0da588f-79f0-4263-8998-7496b1a40596;c1cd6388-3ced-48c7-a511-0434c6ba8f48;3b5db901-2cb8-4df7-8043-c4628a6a5d5a;5c4dd985-89e3-4590-9b57-71fed66ff4e2,Discovery,T1057,92604,Processes running for all users were queried with ps command.,medium,Primary trigger evidence for C-LNX-01-CAL-R003,Reviewed during Sprint 8 QA. Duplicate correlation reference retained for overlap and alert-fatigue analysis.
LBL-000141,ALERT-10696EE951A4101E,,C-LNX-01,C-LNX-01-CAL-R003,safesoc-lnx-01,2026-05-15T00:36:50.358-0400,attack_like,duplicate,caldera_campaign,caldera,MITRE Caldera,,CAL_LNX_OP3 (2026-05-15T04:09:53.102Z),Discovery (0f4c3c67-845e-49a0-927e-90ed33c044e0),c0da588f-79f0-4263-8998-7496b1a40596;c1cd6388-3ced-48c7-a511-0434c6ba8f48;3b5db901-2cb8-4df7-8043-c4628a6a5d5a;5c4dd985-89e3-4590-9b57-71fed66ff4e2,Discovery,T1057,92604,Processes running for all users were queried with ps command.,medium,Primary trigger evidence for C-LNX-01-CAL-R003,Reviewed during Sprint 8 QA. Duplicate correlation reference retained for overlap and alert-fatigue analysis.
LBL-000142,ALERT-52E11ECC383CB932,,C-LNX-01,C-LNX-01-CAL-R003,safesoc-lnx-01,2026-05-15T00:37:35.672-0400,attack_like,duplicate,caldera_campaign,caldera,MITRE Caldera,,CAL_LNX_OP3 (2026-05-15T04:09:53.102Z),Discovery (0f4c3c67-845e-49a0-927e-90ed33c044e0),c0da588f-79f0-4263-8998-7496b1a40596;c1cd6388-3ced-48c7-a511-0434c6ba8f48;3b5db901-2cb8-4df7-8043-c4628a6a5d5a;5c4dd985-89e3-4590-9b57-71fed66ff4e2,Discovery,T1057,92604,Processes running for all users were queried with ps command.,medium,Primary trigger evidence for C-LNX-01-CAL-R003,Reviewed during Sprint 8 QA. Duplicate correlation reference retained for overlap and alert-fatigue analysis.
LBL-000143,ALERT-E672B0161554767A,,C-LNX-01,C-LNX-01-CAL-R003,safesoc-lnx-01,2026-05-15T00:38:28.388-0400,attack_like,duplicate,caldera_campaign,caldera,MITRE Caldera,,CAL_LNX_OP3 (2026-05-15T04:09:53.102Z),Discovery (0f4c3c67-845e-49a0-927e-90ed33c044e0),c0da588f-79f0-4263-8998-7496b1a40596;c1cd6388-3ced-48c7-a511-0434c6ba8f48;3b5db901-2cb8-4df7-8043-c4628a6a5d5a;5c4dd985-89e3-4590-9b57-71fed66ff4e2,Discovery,T1057,92604,Processes running for all users were queried with ps command.,medium,Primary trigger evidence for C-LNX-01-CAL-R003,Reviewed during Sprint 8 QA. Duplicate correlation reference retained for overlap and alert-fatigue analysis.
LBL-000144,ALERT-6EC4F61199F29F68,,C-LNX-01,C-LNX-01-CAL-R003,safesoc-lnx-01,2026-05-15T00:39:27.738-0400,attack_like,duplicate,caldera_campaign,caldera,MITRE Caldera,,CAL_LNX_OP3 (2026-05-15T04:09:53.102Z),Discovery (0f4c3c67-845e-49a0-927e-90ed33c044e0),c0da588f-79f0-4263-8998-7496b1a40596;c1cd6388-3ced-48c7-a511-0434c6ba8f48;3b5db901-2cb8-4df7-8043-c4628a6a5d5a;5c4dd985-89e3-4590-9b57-71fed66ff4e2,Discovery,T1057,92604,Processes running for all users were queried with ps command.,medium,Primary trigger evidence for C-LNX-01-CAL-R003,Reviewed during Sprint 8 QA. Duplicate correlation reference retained for overlap and alert-fatigue analysis.
LBL-000145,ALERT-4BED18B3EE6420A6,,C-LNX-01,C-LNX-01-CAL-R003,safesoc-lnx-01,2026-05-15T00:40:08.392-0400,attack_like,duplicate,caldera_campaign,caldera,MITRE Caldera,,CAL_LNX_OP3 (2026-05-15T04:09:53.102Z),Discovery (0f4c3c67-845e-49a0-927e-90ed33c044e0),c0da588f-79f0-4263-8998-7496b1a40596;c1cd6388-3ced-48c7-a511-0434c6ba8f48;3b5db901-2cb8-4df7-8043-c4628a6a5d5a;5c4dd985-89e3-4590-9b57-71fed66ff4e2,Discovery,T1057,92604,Processes running for all users were queried with ps command.,medium,Primary trigger evidence for C-LNX-01-CAL-R003,Reviewed during Sprint 8 QA. Duplicate correlation reference retained for overlap and alert-fatigue analysis.
LBL-000146,ALERT-F02BE2253997F44A,,C-LNX-01,C-LNX-01-CAL-R003,safesoc-lnx-01,2026-05-15T00:41:07.725-0400,attack_like,duplicate,caldera_campaign,caldera,MITRE Caldera,,CAL_LNX_OP3 (2026-05-15T04:09:53.102Z),Discovery (0f4c3c67-845e-49a0-927e-90ed33c044e0),c0da588f-79f0-4263-8998-7496b1a40596;c1cd6388-3ced-48c7-a511-0434c6ba8f48;3b5db901-2cb8-4df7-8043-c4628a6a5d5a;5c4dd985-89e3-4590-9b57-71fed66ff4e2,Discovery,T1057,92604,Processes running for all users were queried with ps command.,medium,Primary trigger evidence for C-LNX-01-CAL-R003,Reviewed during Sprint 8 QA. Duplicate correlation reference retained for overlap and alert-fatigue analysis.
LBL-000147,ALERT-0F57925BED3D00B2,,C-LNX-01,C-LNX-01-CAL-R003,safesoc-lnx-01,2026-05-15T00:42:09.736-0400,attack_like,duplicate,caldera_campaign,caldera,MITRE Caldera,,CAL_LNX_OP3 (2026-05-15T04:09:53.102Z),Discovery (0f4c3c67-845e-49a0-927e-90ed33c044e0),c0da588f-79f0-4263-8998-7496b1a40596;c1cd6388-3ced-48c7-a511-0434c6ba8f48;3b5db901-2cb8-4df7-8043-c4628a6a5d5a;5c4dd985-89e3-4590-9b57-71fed66ff4e2,Discovery,T1057,92604,Processes running for all users were queried with ps command.,medium,Primary trigger evidence for C-LNX-01-CAL-R003,Reviewed during Sprint 8 QA. Duplicate correlation reference retained for overlap and alert-fatigue analysis.
LBL-000148,ALERT-29EB000C0A6C8CA7,,C-LNX-01,C-LNX-01-CAL-R003,safesoc-lnx-01,2026-05-15T00:43:10.437-0400,attack_like,duplicate,caldera_campaign,caldera,MITRE Caldera,,CAL_LNX_OP3 (2026-05-15T04:09:53.102Z),Discovery (0f4c3c67-845e-49a0-927e-90ed33c044e0),c0da588f-79f0-4263-8998-7496b1a40596;c1cd6388-3ced-48c7-a511-0434c6ba8f48;3b5db901-2cb8-4df7-8043-c4628a6a5d5a;5c4dd985-89e3-4590-9b57-71fed66ff4e2,Discovery,T1057,92604,Processes running for all users were queried with ps command.,medium,Primary trigger evidence for C-LNX-01-CAL-R003,Reviewed during Sprint 8 QA. Duplicate correlation reference retained for overlap and alert-fatigue analysis.
LBL-000149,ALERT-FB9B90C624B63F0B,,C-LNX-01,C-LNX-01-CAL-R003,safesoc-lnx-01,2026-05-15T00:43:47.804-0400,attack_like,duplicate,caldera_campaign,caldera,MITRE Caldera,,CAL_LNX_OP3 (2026-05-15T04:09:53.102Z),Discovery (0f4c3c67-845e-49a0-927e-90ed33c044e0),c0da588f-79f0-4263-8998-7496b1a40596;c1cd6388-3ced-48c7-a511-0434c6ba8f48;3b5db901-2cb8-4df7-8043-c4628a6a5d5a;5c4dd985-89e3-4590-9b57-71fed66ff4e2,Discovery,T1057,92604,Processes running for all users were queried with ps command.,medium,Primary trigger evidence for C-LNX-01-CAL-R003,Reviewed during Sprint 8 QA. Duplicate correlation reference retained for overlap and alert-fatigue analysis.
LBL-000150,ALERT-0425721CB796C438,,C-LNX-01,C-LNX-01-CAL-R003,safesoc-lnx-01,2026-05-15T00:44:43.818-0400,attack_like,duplicate,caldera_campaign,caldera,MITRE Caldera,,CAL_LNX_OP3 (2026-05-15T04:09:53.102Z),Discovery (0f4c3c67-845e-49a0-927e-90ed33c044e0),c0da588f-79f0-4263-8998-7496b1a40596;c1cd6388-3ced-48c7-a511-0434c6ba8f48;3b5db901-2cb8-4df7-8043-c4628a6a5d5a;5c4dd985-89e3-4590-9b57-71fed66ff4e2,Discovery,T1057,92604,Processes running for all users were queried with ps command.,medium,Primary trigger evidence for C-LNX-01-CAL-R003,Reviewed during Sprint 8 QA. Duplicate correlation reference retained for overlap and alert-fatigue analysis.
LBL-000151,ALERT-972B3F8C6FB1288B,,C-LNX-01,C-LNX-01-CAL-R003,safesoc-lnx-01,2026-05-15T00:45:36.485-0400,attack_like,duplicate,caldera_campaign,caldera,MITRE Caldera,,CAL_LNX_OP3 (2026-05-15T04:09:53.102Z),Discovery (0f4c3c67-845e-49a0-927e-90ed33c044e0),c0da588f-79f0-4263-8998-7496b1a40596;c1cd6388-3ced-48c7-a511-0434c6ba8f48;3b5db901-2cb8-4df7-8043-c4628a6a5d5a;5c4dd985-89e3-4590-9b57-71fed66ff4e2,Discovery,T1057,92604,Processes running for all users were queried with ps command.,medium,Duplicate repeated telemetry for C-LNX-01-CAL-R003,Reviewed during Sprint 8 QA. Duplicate correlation reference retained for overlap and alert-fatigue analysis.
LBL-000152,ALERT-2E8CE9F4E335CC50,,C-LNX-01,C-LNX-01-CAL-R003,safesoc-lnx-01,2026-05-15T00:46:22.534-0400,attack_like,duplicate,caldera_campaign,caldera,MITRE Caldera,,CAL_LNX_OP3 (2026-05-15T04:09:53.102Z),Discovery (0f4c3c67-845e-49a0-927e-90ed33c044e0),c0da588f-79f0-4263-8998-7496b1a40596;c1cd6388-3ced-48c7-a511-0434c6ba8f48;3b5db901-2cb8-4df7-8043-c4628a6a5d5a;5c4dd985-89e3-4590-9b57-71fed66ff4e2,Discovery,T1057,92604,Processes running for all users were queried with ps command.,medium,Primary trigger evidence for C-LNX-01-CAL-R003,Reviewed during Sprint 8 QA. Duplicate correlation reference retained for overlap and alert-fatigue analysis.
LBL-000153,ALERT-919CC0AC33F6DA19,,C-LNX-01,C-LNX-01-CAL-R003,safesoc-lnx-01,2026-05-15T00:47:18.510-0400,attack_like,duplicate,caldera_campaign,caldera,MITRE Caldera,,CAL_LNX_OP3 (2026-05-15T04:09:53.102Z),Discovery (0f4c3c67-845e-49a0-927e-90ed33c044e0),c0da588f-79f0-4263-8998-7496b1a40596;c1cd6388-3ced-48c7-a511-0434c6ba8f48;3b5db901-2cb8-4df7-8043-c4628a6a5d5a;5c4dd985-89e3-4590-9b57-71fed66ff4e2,Discovery,T1057,92604,Processes running for all users were queried with ps command.,medium,Primary trigger evidence for C-LNX-01-CAL-R003,Reviewed during Sprint 8 QA. Duplicate correlation reference retained for overlap and alert-fatigue analysis.
LBL-000154,ALERT-E9391FBFA28E0F80,,C-LNX-01,C-LNX-01-CAL-R003,safesoc-lnx-01,2026-05-15T00:47:51.834-0400,attack_like,duplicate,caldera_campaign,caldera,MITRE Caldera,,CAL_LNX_OP3 (2026-05-15T04:09:53.102Z),Discovery (0f4c3c67-845e-49a0-927e-90ed33c044e0),c0da588f-79f0-4263-8998-7496b1a40596;c1cd6388-3ced-48c7-a511-0434c6ba8f48;3b5db901-2cb8-4df7-8043-c4628a6a5d5a;5c4dd985-89e3-4590-9b57-71fed66ff4e2,Discovery,T1057,92604,Processes running for all users were queried with ps command.,medium,Duplicate repeated telemetry for C-LNX-01-CAL-R003,Reviewed during Sprint 8 QA. Duplicate correlation reference retained for overlap and alert-fatigue analysis.
LBL-000155,ALERT-5B22611803697B4C,,C-LNX-01,C-LNX-01-CAL-R003,safesoc-lnx-01,2026-05-15T00:48:53.889-0400,attack_like,duplicate,caldera_campaign,caldera,MITRE Caldera,,CAL_LNX_OP3 (2026-05-15T04:09:53.102Z),Discovery (0f4c3c67-845e-49a0-927e-90ed33c044e0),c0da588f-79f0-4263-8998-7496b1a40596;c1cd6388-3ced-48c7-a511-0434c6ba8f48;3b5db901-2cb8-4df7-8043-c4628a6a5d5a;5c4dd985-89e3-4590-9b57-71fed66ff4e2,Discovery,T1057,92604,Processes running for all users were queried with ps command.,medium,Primary trigger evidence for C-LNX-01-CAL-R003,Reviewed during Sprint 8 QA. Duplicate correlation reference retained for overlap and alert-fatigue analysis.
LBL-000156,ALERT-599856B22432307F,,C-LNX-01,C-LNX-01-CAL-R003,safesoc-lnx-01,2026-05-15T00:49:49.910-0400,attack_like,duplicate,caldera_campaign,caldera,MITRE Caldera,,CAL_LNX_OP3 (2026-05-15T04:09:53.102Z),Discovery (0f4c3c67-845e-49a0-927e-90ed33c044e0),c0da588f-79f0-4263-8998-7496b1a40596;c1cd6388-3ced-48c7-a511-0434c6ba8f48;3b5db901-2cb8-4df7-8043-c4628a6a5d5a;5c4dd985-89e3-4590-9b57-71fed66ff4e2,Discovery,T1057,92604,Processes running for all users were queried with ps command.,medium,Primary trigger evidence for C-LNX-01-CAL-R003,Reviewed during Sprint 8 QA. Duplicate correlation reference retained for overlap and alert-fatigue analysis.
LBL-000157,ALERT-4A4308F60C18E377,,C-LNX-01,C-LNX-01-CAL-R003,safesoc-lnx-01,2026-05-15T00:50:41.923-0400,attack_like,duplicate,caldera_campaign,caldera,MITRE Caldera,,CAL_LNX_OP3 (2026-05-15T04:09:53.102Z),Discovery (0f4c3c67-845e-49a0-927e-90ed33c044e0),c0da588f-79f0-4263-8998-7496b1a40596;c1cd6388-3ced-48c7-a511-0434c6ba8f48;3b5db901-2cb8-4df7-8043-c4628a6a5d5a;5c4dd985-89e3-4590-9b57-71fed66ff4e2,Discovery,T1057,92604,Processes running for all users were queried with ps command.,medium,Primary trigger evidence for C-LNX-01-CAL-R003,Reviewed during Sprint 8 QA. Duplicate correlation reference retained for overlap and alert-fatigue analysis.
LBL-000158,ALERT-564143E5F4909BB3,,C-LNX-01,C-LNX-01-CAL-R003,safesoc-lnx-01,2026-05-15T00:51:31.933-0400,attack_like,duplicate,caldera_campaign,caldera,MITRE Caldera,,CAL_LNX_OP3 (2026-05-15T04:09:53.102Z),Discovery (0f4c3c67-845e-49a0-927e-90ed33c044e0),c0da588f-79f0-4263-8998-7496b1a40596;c1cd6388-3ced-48c7-a511-0434c6ba8f48;3b5db901-2cb8-4df7-8043-c4628a6a5d5a;5c4dd985-89e3-4590-9b57-71fed66ff4e2,Discovery,T1057,92604,Processes running for all users were queried with ps command.,medium,Primary trigger evidence for C-LNX-01-CAL-R003,Reviewed during Sprint 8 QA. Duplicate correlation reference retained for overlap and alert-fatigue analysis.
LBL-000159,ALERT-0EA1ABDA3F8B8416,,C-LNX-01,C-LNX-01-CAL-R003,safesoc-lnx-01,2026-05-15T00:52:31.930-0400,attack_like,duplicate,caldera_campaign,caldera,MITRE Caldera,,CAL_LNX_OP3 (2026-05-15T04:09:53.102Z),Discovery (0f4c3c67-845e-49a0-927e-90ed33c044e0),c0da588f-79f0-4263-8998-7496b1a40596;c1cd6388-3ced-48c7-a511-0434c6ba8f48;3b5db901-2cb8-4df7-8043-c4628a6a5d5a;5c4dd985-89e3-4590-9b57-71fed66ff4e2,Discovery,T1057,92604,Processes running for all users were queried with ps command.,medium,Primary trigger evidence for C-LNX-01-CAL-R003,Reviewed during Sprint 8 QA. Duplicate correlation reference retained for overlap and alert-fatigue analysis.
LBL-000160,ALERT-ACC16580B4FF4CF4,,C-LNX-01,C-LNX-01-CAL-R003,safesoc-lnx-01,2026-05-15T00:53:10.631-0400,attack_like,duplicate,caldera_campaign,caldera,MITRE Caldera,,CAL_LNX_OP3 (2026-05-15T04:09:53.102Z),Discovery (0f4c3c67-845e-49a0-927e-90ed33c044e0),c0da588f-79f0-4263-8998-7496b1a40596;c1cd6388-3ced-48c7-a511-0434c6ba8f48;3b5db901-2cb8-4df7-8043-c4628a6a5d5a;5c4dd985-89e3-4590-9b57-71fed66ff4e2,Discovery,T1057,92604,Processes running for all users were queried with ps command.,medium,Primary trigger evidence for C-LNX-01-CAL-R003,Reviewed during Sprint 8 QA. Duplicate correlation reference retained for overlap and alert-fatigue analysis.
LBL-000161,ALERT-E0A836B687040340,,C-LNX-01,C-LNX-01-CAL-R003,safesoc-lnx-01,2026-05-15T00:53:55.987-0400,attack_like,duplicate,caldera_campaign,caldera,MITRE Caldera,,CAL_LNX_OP3 (2026-05-15T04:09:53.102Z),Discovery (0f4c3c67-845e-49a0-927e-90ed33c044e0),c0da588f-79f0-4263-8998-7496b1a40596;c1cd6388-3ced-48c7-a511-0434c6ba8f48;3b5db901-2cb8-4df7-8043-c4628a6a5d5a;5c4dd985-89e3-4590-9b57-71fed66ff4e2,Discovery,T1057,92604,Processes running for all users were queried with ps command.,medium,Primary trigger evidence for C-LNX-01-CAL-R003,Reviewed during Sprint 8 QA. Duplicate correlation reference retained for overlap and alert-fatigue analysis.
LBL-000162,ALERT-856AC44E235682C9,,C-LNX-01,C-LNX-01-CAL-R003,safesoc-lnx-01,2026-05-15T00:54:54.005-0400,attack_like,duplicate,caldera_campaign,caldera,MITRE Caldera,,CAL_LNX_OP3 (2026-05-15T04:09:53.102Z),Discovery (0f4c3c67-845e-49a0-927e-90ed33c044e0),c0da588f-79f0-4263-8998-7496b1a40596;c1cd6388-3ced-48c7-a511-0434c6ba8f48;3b5db901-2cb8-4df7-8043-c4628a6a5d5a;5c4dd985-89e3-4590-9b57-71fed66ff4e2,Discovery,T1057,92604,Processes running for all users were queried with ps command.,medium,Primary trigger evidence for C-LNX-01-CAL-R003,Reviewed during Sprint 8 QA. Duplicate correlation reference retained for overlap and alert-fatigue analysis.
LBL-000163,ALERT-DD345CD878810EDD,,C-LNX-01,C-LNX-01-CAL-R003,safesoc-lnx-01,2026-05-15T00:55:36.666-0400,attack_like,duplicate,caldera_campaign,caldera,MITRE Caldera,,CAL_LNX_OP3 (2026-05-15T04:09:53.102Z),Discovery (0f4c3c67-845e-49a0-927e-90ed33c044e0),c0da588f-79f0-4263-8998-7496b1a40596;c1cd6388-3ced-48c7-a511-0434c6ba8f48;3b5db901-2cb8-4df7-8043-c4628a6a5d5a;5c4dd985-89e3-4590-9b57-71fed66ff4e2,Discovery,T1057,92604,Processes running for all users were queried with ps command.,medium,Primary trigger evidence for C-LNX-01-CAL-R003,Reviewed during Sprint 8 QA. Duplicate correlation reference retained for overlap and alert-fatigue analysis.
LBL-000164,ALERT-8CC19D87B23E8B95,,C-LNX-01,C-LNX-01-CAL-R003,safesoc-lnx-01,2026-05-15T00:00:01.795-0400,attack_like,supporting,caldera_campaign,caldera,MITRE Caldera,,CAL_LNX_OP3 (2026-05-15T04:09:53.102Z),Discovery (0f4c3c67-845e-49a0-927e-90ed33c044e0),c0da588f-79f0-4263-8998-7496b1a40596;c1cd6388-3ced-48c7-a511-0434c6ba8f48;3b5db901-2cb8-4df7-8043-c4628a6a5d5a;5c4dd985-89e3-4590-9b57-71fed66ff4e2,Campaign,T1110.001/T1548.003/T1082/T1033/T1016/T1053.003,80730,Auditd: SELinux permission check.,medium,Supporting telemetry for C-LNX-01-CAL-R003,Medium-confidence timestamp-derived label; retained after spot-check.
LBL-000165,ALERT-241E8920F35C2DA1,,C-WIN-01,C-WIN-01-CAL-R001,safesoc-win-01,2026-05-14T20:08:30.984-0400,attack_like,trigger,caldera_campaign,caldera,MITRE Caldera,,C-WIN-01-CAL-R001,Thief (1a98b8e6-18ce-4617-8cc5-e65a1a9d490e),6469befa-748a-4b9c-a96d-f191fde47d89;90c2efaa-8205-480d-8bb6-61d90dbaf81b;4e97e699-93d7-4040-b5a3-2e906a58199e;300157e5-f4ad-4569-b533-9d1fa0e74d74;ea713bc4-63f0-491c-9a6f-0b01d560b87e,Defense Evasion,T1070.004,92021,Powershell was used to delete files or directories,high,Supporting telemetry for C-WIN-01-CAL-R001,Reviewed during Sprint 8 QA. Primary trigger evidence retained.
LBL-000166,ALERT-4F934C1BC754D7EF,,C-WIN-01,C-WIN-01-CAL-R001,safesoc-win-01,2026-05-14T20:09:36.451-0400,attack_like,trigger,caldera_campaign,caldera,MITRE Caldera,,C-WIN-01-CAL-R001,Thief (1a98b8e6-18ce-4617-8cc5-e65a1a9d490e),6469befa-748a-4b9c-a96d-f191fde47d89;90c2efaa-8205-480d-8bb6-61d90dbaf81b;4e97e699-93d7-4040-b5a3-2e906a58199e;300157e5-f4ad-4569-b533-9d1fa0e74d74;ea713bc4-63f0-491c-9a6f-0b01d560b87e,Privilege Escalation/Persistence,T1546.011,92058,Application Compatibility Database launched,high,Supporting telemetry for C-WIN-01-CAL-R001,Reviewed during Sprint 8 QA. Primary trigger evidence retained.
LBL-000167,ALERT-3DFDAB4E9559DAFC,,C-WIN-01,C-WIN-01-CAL-R002,safesoc-win-01,2026-05-14T20:45:58.997-0400,attack_like,trigger,caldera_campaign,caldera,MITRE Caldera,,C-WIN-01-CAL-R002,You Shall (Not) Bypass (c724545d-a4cc-492e-8075-2ab9a699c847),665432a4-42e7-4ee1-af19-a9a8c9455d0c;95ad5d69-563e-477b-802b-4855bfb3be09;e99cce5c-cb7e-4a6e-8a09-1609a221b90a;e3db134c-4aed-4c5a-9607-c50183c9ef9e,Defense Evasion,T1070.004,92021,Powershell was used to delete files or directories,high,Supporting telemetry for C-WIN-01-CAL-R002,Reviewed during Sprint 8 QA. Primary trigger evidence retained.
LBL-000168,ALERT-42D9340D3CF83762,,C-WIN-01,C-WIN-01-CAL-R002,safesoc-win-01,2026-05-14T20:46:37.048-0400,attack_like,trigger,caldera_campaign,caldera,MITRE Caldera,,C-WIN-01-CAL-R002,You Shall (Not) Bypass (c724545d-a4cc-492e-8075-2ab9a699c847),665432a4-42e7-4ee1-af19-a9a8c9455d0c;95ad5d69-563e-477b-802b-4855bfb3be09;e99cce5c-cb7e-4a6e-8a09-1609a221b90a;e3db134c-4aed-4c5a-9607-c50183c9ef9e,Execution,T1059.003,92004,Powershell process spawned Windows command shell instance,high,Supporting telemetry for C-WIN-01-CAL-R002,Reviewed during Sprint 8 QA. Primary trigger evidence retained.
LBL-000169,ALERT-E40DEFEAF83C1E68,,C-WIN-01,C-WIN-01-CAL-R002,safesoc-win-01,2026-05-14T20:46:37.452-0400,attack_like,supporting,caldera_campaign,caldera,MITRE Caldera,,C-WIN-01-CAL-R002,You Shall (Not) Bypass (c724545d-a4cc-492e-8075-2ab9a699c847),665432a4-42e7-4ee1-af19-a9a8c9455d0c;95ad5d69-563e-477b-802b-4855bfb3be09;e99cce5c-cb7e-4a6e-8a09-1609a221b90a;e3db134c-4aed-4c5a-9607-c50183c9ef9e,Campaign,T1059.001/T1082/T1033/T1016/T1053.005/T1560.001,62123,Windows Defender: Antimalware platform detected  potentially unwanted software (),medium,Supporting telemetry for C-WIN-01-CAL-R002,Medium-confidence timestamp-derived label; retained after spot-check.
LBL-000170,ALERT-E1FF02B179F073BC,,C-WIN-01,C-WIN-01-CAL-R002,safesoc-win-01,2026-05-14T20:46:51.515-0400,attack_like,duplicate,caldera_campaign,caldera,MITRE Caldera,,C-WIN-01-CAL-R002,You Shall (Not) Bypass (c724545d-a4cc-492e-8075-2ab9a699c847),665432a4-42e7-4ee1-af19-a9a8c9455d0c;95ad5d69-563e-477b-802b-4855bfb3be09;e99cce5c-cb7e-4a6e-8a09-1609a221b90a;e3db134c-4aed-4c5a-9607-c50183c9ef9e,Campaign,T1059.001/T1082/T1033/T1016/T1053.005/T1560.001,62123,Windows Defender: Antimalware platform detected  potentially unwanted software (),medium,Duplicate repeated telemetry for C-WIN-01-CAL-R002,Reviewed during Sprint 8 QA. Duplicate correlation reference retained for overlap and alert-fatigue analysis.
LBL-000171,ALERT-1B9F355D1DC23D02,,C-WIN-01,C-WIN-01-CAL-R002,safesoc-win-01,2026-05-14T20:46:51.517-0400,attack_like,supporting,caldera_campaign,caldera,MITRE Caldera,,C-WIN-01-CAL-R002,You Shall (Not) Bypass (c724545d-a4cc-492e-8075-2ab9a699c847),665432a4-42e7-4ee1-af19-a9a8c9455d0c;95ad5d69-563e-477b-802b-4855bfb3be09;e99cce5c-cb7e-4a6e-8a09-1609a221b90a;e3db134c-4aed-4c5a-9607-c50183c9ef9e,Campaign,T1059.001/T1082/T1033/T1016/T1053.005/T1560.001,62124,Windows Defender: Antimalware platform performed an action to protect you from potentially unwanted software (),medium,Supporting telemetry for C-WIN-01-CAL-R002,Medium-confidence timestamp-derived label; retained after spot-check.
LBL-000172,ALERT-0BB2D7F4C63BC8C3,,C-WIN-01,C-WIN-01-CAL-R002,safesoc-win-01,2026-05-14T20:47:29.069-0400,attack_like,duplicate,caldera_campaign,caldera,MITRE Caldera,,C-WIN-01-CAL-R002,You Shall (Not) Bypass (c724545d-a4cc-492e-8075-2ab9a699c847),665432a4-42e7-4ee1-af19-a9a8c9455d0c;95ad5d69-563e-477b-802b-4855bfb3be09;e99cce5c-cb7e-4a6e-8a09-1609a221b90a;e3db134c-4aed-4c5a-9607-c50183c9ef9e,Defense Evasion,T1070.004,92021,Powershell was used to delete files or directories,medium,Duplicate repeated telemetry for C-WIN-01-CAL-R002,Reviewed during Sprint 8 QA. Duplicate correlation reference retained for overlap and alert-fatigue analysis.
LBL-000173,ALERT-5B67C23CBE5BA9DA,,C-WIN-01,C-WIN-01-CAL-R002,safesoc-win-01,2026-05-14T20:47:29.714-0400,attack_like,duplicate,caldera_campaign,caldera,MITRE Caldera,,C-WIN-01-CAL-R002,You Shall (Not) Bypass (c724545d-a4cc-492e-8075-2ab9a699c847),665432a4-42e7-4ee1-af19-a9a8c9455d0c;95ad5d69-563e-477b-802b-4855bfb3be09;e99cce5c-cb7e-4a6e-8a09-1609a221b90a;e3db134c-4aed-4c5a-9607-c50183c9ef9e,Campaign,T1059.001/T1082/T1033/T1016/T1053.005/T1560.001,62123,Windows Defender: Antimalware platform detected  potentially unwanted software (),medium,Duplicate repeated telemetry for C-WIN-01-CAL-R002,Reviewed during Sprint 8 QA. Duplicate correlation reference retained for overlap and alert-fatigue analysis.
LBL-000174,ALERT-E67DFBFEE5EC95C9,,C-WIN-01,C-WIN-01-CAL-R002,safesoc-win-01,2026-05-14T20:47:42.695-0400,attack_like,duplicate,caldera_campaign,caldera,MITRE Caldera,,C-WIN-01-CAL-R002,You Shall (Not) Bypass (c724545d-a4cc-492e-8075-2ab9a699c847),665432a4-42e7-4ee1-af19-a9a8c9455d0c;95ad5d69-563e-477b-802b-4855bfb3be09;e99cce5c-cb7e-4a6e-8a09-1609a221b90a;e3db134c-4aed-4c5a-9607-c50183c9ef9e,Campaign,T1059.001/T1082/T1033/T1016/T1053.005/T1560.001,62124,Windows Defender: Antimalware platform performed an action to protect you from potentially unwanted software (),medium,Duplicate repeated telemetry for C-WIN-01-CAL-R002,Reviewed during Sprint 8 QA. Duplicate correlation reference retained for overlap and alert-fatigue analysis.
LBL-000175,ALERT-4F09B55198EF9E18,,C-WIN-01,C-WIN-01-CAL-R002,safesoc-win-01,2026-05-14T20:48:15.090-0400,attack_like,supporting,caldera_campaign,caldera,MITRE Caldera,,C-WIN-01-CAL-R002,You Shall (Not) Bypass (c724545d-a4cc-492e-8075-2ab9a699c847),665432a4-42e7-4ee1-af19-a9a8c9455d0c;95ad5d69-563e-477b-802b-4855bfb3be09;e99cce5c-cb7e-4a6e-8a09-1609a221b90a;e3db134c-4aed-4c5a-9607-c50183c9ef9e,Execution,T1059.001,92029,Powershell executed script from suspicious location,medium,Supporting telemetry for C-WIN-01-CAL-R002,Medium-confidence timestamp-derived label; retained after spot-check.
LBL-000176,ALERT-D3F89CEDA28377BE,,C-WIN-01,C-WIN-01-CAL-R002,safesoc-win-01,2026-05-14T20:48:15.094-0400,attack_like,supporting,caldera_campaign,caldera,MITRE Caldera,,C-WIN-01-CAL-R002,You Shall (Not) Bypass (c724545d-a4cc-492e-8075-2ab9a699c847),665432a4-42e7-4ee1-af19-a9a8c9455d0c;95ad5d69-563e-477b-802b-4855bfb3be09;e99cce5c-cb7e-4a6e-8a09-1609a221b90a;e3db134c-4aed-4c5a-9607-c50183c9ef9e,Execution,T1059.001,92027,Powershell process spawned powershell instance,medium,Supporting telemetry for C-WIN-01-CAL-R002,Medium-confidence timestamp-derived label; retained after spot-check.
LBL-000177,ALERT-E24EB852CA6D13FA,S01,,S01-ART-R001,safesoc-win-01,2026-05-14T18:21:29.564-0400,attack_like,trigger,atomic_validation,atomic_red_team,Atomic Red Team,T1059.001,,,,Discovery/Execution,T1087/T1059.001,92033,Discovery activity spawned via powershell execution,high,Supporting telemetry for S01-ART-R001,Reviewed during Sprint 8 QA. Primary trigger evidence retained.
LBL-000178,ALERT-6BCE8985DD9D00FB,S01,,S01-ART-R001,safesoc-win-01,2026-05-14T18:21:29.593-0400,unrelated_background,unrelated,atomic_validation,atomic_red_team,Atomic Red Team,T1059.001,,,,Discovery,T1087,92031,Discovery activity executed,medium,Background alert inside S01-ART-R001 time window,Medium-confidence timestamp-derived unrelated/background label; retained after Sprint 8 spot-check.
LBL-000179,ALERT-9E81834E9BF6C30C,S01,,S01-ART-R001,safesoc-win-01,2026-05-14T18:27:22.542-0400,attack_like,supporting,atomic_validation,atomic_red_team,Atomic Red Team,T1059.001,,,,Defense Evasion,T1070.004,92021,Powershell was used to delete files or directories,medium,Supporting telemetry for S01-ART-R001,Medium-confidence timestamp-derived label; retained after spot-check.
LBL-000180,ALERT-B6BF48E23EC3B438,S01,,S01-ART-R001,safesoc-win-01,2026-05-14T18:27:24.148-0400,attack_like,supporting,atomic_validation,atomic_red_team,Atomic Red Team,T1059.001,,,,Execution,T1059.001,92066,C:\\Windows\\SysWOW64\\SecEdit.exe binary in a suspicious location launched by C:\\Windows\\SysWOW64\\WindowsPowerShell\\v1.0\\powershell.exe,medium,Supporting telemetry for S01-ART-R001,Medium-confidence timestamp-derived label; retained after spot-check.
LBL-000181,ALERT-E5E4B6F2D41717CE,S01,,S01-ART-R001,safesoc-win-01,2026-05-14T18:27:25.315-0400,attack_like,duplicate,atomic_validation,atomic_red_team,Atomic Red Team,T1059.001,,,,Defense Evasion,T1070.004,92021,Powershell was used to delete files or directories,medium,Duplicate repeated telemetry for S01-ART-R001,Reviewed during Sprint 8 QA. Duplicate correlation reference retained for overlap and alert-fatigue analysis.
LBL-000182,ALERT-3B389E7C40E54E20,S01,,S01-ART-R001,safesoc-win-01,2026-05-14T18:27:25.344-0400,attack_like,duplicate,atomic_validation,atomic_red_team,Atomic Red Team,T1059.001,,,,Execution,T1059.001,92066,C:\\Windows\\SysWOW64\\SecEdit.exe binary in a suspicious location launched by C:\\Windows\\SysWOW64\\WindowsPowerShell\\v1.0\\powershell.exe,medium,Duplicate repeated telemetry for S01-ART-R001,Reviewed during Sprint 8 QA. Duplicate correlation reference retained for overlap and alert-fatigue analysis.
LBL-000183,ALERT-2A5360900AD00180,S01,,S01-ART-R001,safesoc-win-01,2026-05-14T18:27:26.578-0400,attack_like,duplicate,atomic_validation,atomic_red_team,Atomic Red Team,T1059.001,,,,Defense Evasion,T1070.004,92021,Powershell was used to delete files or directories,medium,Duplicate repeated telemetry for S01-ART-R001,Reviewed during Sprint 8 QA. Duplicate correlation reference retained for overlap and alert-fatigue analysis.
LBL-000184,ALERT-40278F6DA081083B,S01,,S01-ART-R001,safesoc-win-01,2026-05-14T18:27:26.582-0400,attack_like,duplicate,atomic_validation,atomic_red_team,Atomic Red Team,T1059.001,,,,Execution,T1059.001,92066,C:\\Windows\\SysWOW64\\SecEdit.exe binary in a suspicious location launched by C:\\Windows\\SysWOW64\\WindowsPowerShell\\v1.0\\powershell.exe,medium,Duplicate repeated telemetry for S01-ART-R001,Reviewed during Sprint 8 QA. Duplicate correlation reference retained for overlap and alert-fatigue analysis.
LBL-000185,ALERT-EE6AB8F5D152C84A,S01,,S01-ART-R001,safesoc-win-01,2026-05-14T18:27:27.775-0400,attack_like,duplicate,atomic_validation,atomic_red_team,Atomic Red Team,T1059.001,,,,Defense Evasion,T1070.004,92021,Powershell was used to delete files or directories,medium,Duplicate repeated telemetry for S01-ART-R001,Reviewed during Sprint 8 QA. Duplicate correlation reference retained for overlap and alert-fatigue analysis.
LBL-000186,ALERT-B5E64ADDD32339AF,S01,,S01-ART-R001,safesoc-win-01,2026-05-14T18:27:27.788-0400,attack_like,duplicate,atomic_validation,atomic_red_team,Atomic Red Team,T1059.001,,,,Execution,T1059.001,92066,C:\\Windows\\SysWOW64\\SecEdit.exe binary in a suspicious location launched by C:\\Windows\\SysWOW64\\WindowsPowerShell\\v1.0\\powershell.exe,medium,Duplicate repeated telemetry for S01-ART-R001,Reviewed during Sprint 8 QA. Duplicate correlation reference retained for overlap and alert-fatigue analysis.
LBL-000187,ALERT-C8CF0F3D84EAFBB9,S01,,S01-ART-R001,safesoc-win-01,2026-05-14T18:27:29.063-0400,attack_like,duplicate,atomic_validation,atomic_red_team,Atomic Red Team,T1059.001,,,,Defense Evasion,T1070.004,92021,Powershell was used to delete files or directories,medium,Duplicate repeated telemetry for S01-ART-R001,Reviewed during Sprint 8 QA. Duplicate correlation reference retained for overlap and alert-fatigue analysis.
LBL-000188,ALERT-E507695BA2EA5C21,S01,,S01-ART-R001,safesoc-win-01,2026-05-14T18:27:29.109-0400,attack_like,duplicate,atomic_validation,atomic_red_team,Atomic Red Team,T1059.001,,,,Execution,T1059.001,92066,C:\\Windows\\SysWOW64\\SecEdit.exe binary in a suspicious location launched by C:\\Windows\\SysWOW64\\WindowsPowerShell\\v1.0\\powershell.exe,medium,Duplicate repeated telemetry for S01-ART-R001,Reviewed during Sprint 8 QA. Duplicate correlation reference retained for overlap and alert-fatigue analysis.
LBL-000189,ALERT-249626574C110878,S01,,S01-ART-R001,safesoc-win-01,2026-05-14T18:27:30.382-0400,attack_like,duplicate,atomic_validation,atomic_red_team,Atomic Red Team,T1059.001,,,,Defense Evasion,T1070.004,92021,Powershell was used to delete files or directories,medium,Duplicate repeated telemetry for S01-ART-R001,Reviewed during Sprint 8 QA. Duplicate correlation reference retained for overlap and alert-fatigue analysis.
LBL-000190,ALERT-46EA158D85B8F76F,S01,,S01-ART-R001,safesoc-win-01,2026-05-14T18:27:30.427-0400,attack_like,duplicate,atomic_validation,atomic_red_team,Atomic Red Team,T1059.001,,,,Execution,T1059.001,92066,C:\\Windows\\SysWOW64\\SecEdit.exe binary in a suspicious location launched by C:\\Windows\\SysWOW64\\WindowsPowerShell\\v1.0\\powershell.exe,medium,Duplicate repeated telemetry for S01-ART-R001,Reviewed during Sprint 8 QA. Duplicate correlation reference retained for overlap and alert-fatigue analysis.
LBL-000191,ALERT-DCABB53231EA3EA2,S01,,S01-ART-R001,safesoc-win-01,2026-05-14T18:27:31.811-0400,attack_like,duplicate,atomic_validation,atomic_red_team,Atomic Red Team,T1059.001,,,,Defense Evasion,T1070.004,92021,Powershell was used to delete files or directories,medium,Duplicate repeated telemetry for S01-ART-R001,Reviewed during Sprint 8 QA. Duplicate correlation reference retained for overlap and alert-fatigue analysis.
LBL-000192,ALERT-D1D8BC2ADAD974A8,S01,,S01-ART-R001,safesoc-win-01,2026-05-14T18:27:31.858-0400,attack_like,duplicate,atomic_validation,atomic_red_team,Atomic Red Team,T1059.001,,,,Execution,T1059.001,92066,C:\\Windows\\SysWOW64\\SecEdit.exe binary in a suspicious location launched by C:\\Windows\\SysWOW64\\WindowsPowerShell\\v1.0\\powershell.exe,medium,Duplicate repeated telemetry for S01-ART-R001,Reviewed during Sprint 8 QA. Duplicate correlation reference retained for overlap and alert-fatigue analysis.
LBL-000193,ALERT-E9DE7AA21941DE66,S01,,S01-ART-R001,safesoc-win-01,2026-05-14T18:27:33.195-0400,attack_like,duplicate,atomic_validation,atomic_red_team,Atomic Red Team,T1059.001,,,,Defense Evasion,T1070.004,92021,Powershell was used to delete files or directories,medium,Duplicate repeated telemetry for S01-ART-R001,Reviewed during Sprint 8 QA. Duplicate correlation reference retained for overlap and alert-fatigue analysis.
LBL-000194,ALERT-E571FCED542E953C,S01,,S01-ART-R001,safesoc-win-01,2026-05-14T18:27:33.245-0400,attack_like,duplicate,atomic_validation,atomic_red_team,Atomic Red Team,T1059.001,,,,Execution,T1059.001,92066,C:\\Windows\\SysWOW64\\SecEdit.exe binary in a suspicious location launched by C:\\Windows\\SysWOW64\\WindowsPowerShell\\v1.0\\powershell.exe,medium,Duplicate repeated telemetry for S01-ART-R001,Reviewed during Sprint 8 QA. Duplicate correlation reference retained for overlap and alert-fatigue analysis.
LBL-000195,ALERT-240F855565506C86,S01,,S01-ART-R001,safesoc-win-01,2026-05-14T18:27:36.078-0400,attack_like,duplicate,atomic_validation,atomic_red_team,Atomic Red Team,T1059.001,,,,Discovery,T1087,92031,Discovery activity executed,medium,Duplicate repeated telemetry for S01-ART-R001,Reviewed during Sprint 8 QA. Duplicate correlation reference retained for overlap and alert-fatigue analysis.
LBL-000196,ALERT-00F0FC17A23D909B,S01,,S01-ART-R001,safesoc-win-01,2026-05-14T18:27:36.127-0400,attack_like,duplicate,atomic_validation,atomic_red_team,Atomic Red Team,T1059.001,,,,Discovery,T1087,92031,Discovery activity executed,medium,Duplicate repeated telemetry for S01-ART-R001,Reviewed during Sprint 8 QA. Duplicate correlation reference retained for overlap and alert-fatigue analysis.
LBL-000197,ALERT-01F1761453AFF7CE,S01,,S01-ART-R001,safesoc-win-01,2026-05-14T18:27:36.207-0400,attack_like,duplicate,atomic_validation,atomic_red_team,Atomic Red Team,T1059.001,,,,Discovery,T1087,92031,Discovery activity executed,medium,Duplicate repeated telemetry for S01-ART-R001,Reviewed during Sprint 8 QA. Duplicate correlation reference retained for overlap and alert-fatigue analysis.
LBL-000198,ALERT-16D1B7E7D6B6161A,S01,,S01-ART-R001,safesoc-win-01,2026-05-14T18:27:36.240-0400,attack_like,duplicate,atomic_validation,atomic_red_team,Atomic Red Team,T1059.001,,,,Discovery,T1087,92031,Discovery activity executed,medium,Duplicate repeated telemetry for S01-ART-R001,Reviewed during Sprint 8 QA. Duplicate correlation reference retained for overlap and alert-fatigue analysis.
LBL-000199,ALERT-7ABE50FA6F77102A,S01,,S01-ART-R001,safesoc-win-01,2026-05-14T18:29:34.495-0400,attack_like,supporting,atomic_validation,atomic_red_team,Atomic Red Team,T1059.001,,,,Execution,T1059.003,92052,Windows command prompt started by an abnormal process,medium,Supporting telemetry for S01-ART-R001,Medium-confidence timestamp-derived label; retained after spot-check.
LBL-000200,ALERT-B56038E825C98246,S01,,S01-ART-R001,safesoc-win-01,2026-05-14T18:29:34.513-0400,unrelated_background,unrelated,atomic_validation,atomic_red_team,Atomic Red Team,T1059.001,,,,Discovery/Execution,T1087/T1059.003,92032,Suspicious Windows cmd shell execution,medium,Background alert inside S01-ART-R001 time window,Medium-confidence timestamp-derived unrelated/background label; retained after Sprint 8 spot-check.
LBL-000201,ALERT-E24EB852CA6D13FA,S02,,S02-ART-R001,safesoc-win-01,2026-05-14T18:21:29.564-0400,attack_like,duplicate,atomic_validation,atomic_red_team,Atomic Red Team,T1082/T1033/T1016,,,,Discovery/Execution,T1087/T1059.001,92033,Discovery activity spawned via powershell execution,medium,Supporting telemetry for S02-ART-R001,Reviewed during Sprint 8 QA. Duplicate correlation reference retained for overlap and alert-fatigue analysis.
LBL-000202,ALERT-6BCE8985DD9D00FB,S02,,S02-ART-R001,safesoc-win-01,2026-05-14T18:21:29.593-0400,unrelated_background,unrelated,atomic_validation,atomic_red_team,Atomic Red Team,T1082/T1033/T1016,,,,Discovery,T1087,92031,Discovery activity executed,medium,Background alert inside S02-ART-R001 time window,Medium-confidence timestamp-derived unrelated/background label; retained after Sprint 8 spot-check.
LBL-000203,ALERT-9E81834E9BF6C30C,S02,,S02-ART-R001,safesoc-win-01,2026-05-14T18:27:22.542-0400,attack_like,duplicate,atomic_validation,atomic_red_team,Atomic Red Team,T1082/T1033/T1016,,,,Defense Evasion,T1070.004,92021,Powershell was used to delete files or directories,medium,Supporting telemetry for S02-ART-R001,Reviewed during Sprint 8 QA. Duplicate correlation reference retained for overlap and alert-fatigue analysis.
LBL-000204,ALERT-B6BF48E23EC3B438,S02,,S02-ART-R001,safesoc-win-01,2026-05-14T18:27:24.148-0400,attack_like,duplicate,atomic_validation,atomic_red_team,Atomic Red Team,T1082/T1033/T1016,,,,Execution,T1059.001,92066,C:\\Windows\\SysWOW64\\SecEdit.exe binary in a suspicious location launched by C:\\Windows\\SysWOW64\\WindowsPowerShell\\v1.0\\powershell.exe,medium,Supporting telemetry for S02-ART-R001,Reviewed during Sprint 8 QA. Duplicate correlation reference retained for overlap and alert-fatigue analysis.
LBL-000205,ALERT-E5E4B6F2D41717CE,S02,,S02-ART-R001,safesoc-win-01,2026-05-14T18:27:25.315-0400,attack_like,duplicate,atomic_validation,atomic_red_team,Atomic Red Team,T1082/T1033/T1016,,,,Defense Evasion,T1070.004,92021,Powershell was used to delete files or directories,medium,Duplicate repeated telemetry for S02-ART-R001,Reviewed during Sprint 8 QA. Duplicate correlation reference retained for overlap and alert-fatigue analysis.
LBL-000206,ALERT-3B389E7C40E54E20,S02,,S02-ART-R001,safesoc-win-01,2026-05-14T18:27:25.344-0400,attack_like,duplicate,atomic_validation,atomic_red_team,Atomic Red Team,T1082/T1033/T1016,,,,Execution,T1059.001,92066,C:\\Windows\\SysWOW64\\SecEdit.exe binary in a suspicious location launched by C:\\Windows\\SysWOW64\\WindowsPowerShell\\v1.0\\powershell.exe,medium,Duplicate repeated telemetry for S02-ART-R001,Reviewed during Sprint 8 QA. Duplicate correlation reference retained for overlap and alert-fatigue analysis.
LBL-000207,ALERT-2A5360900AD00180,S02,,S02-ART-R001,safesoc-win-01,2026-05-14T18:27:26.578-0400,attack_like,duplicate,atomic_validation,atomic_red_team,Atomic Red Team,T1082/T1033/T1016,,,,Defense Evasion,T1070.004,92021,Powershell was used to delete files or directories,medium,Duplicate repeated telemetry for S02-ART-R001,Reviewed during Sprint 8 QA. Duplicate correlation reference retained for overlap and alert-fatigue analysis.
LBL-000208,ALERT-40278F6DA081083B,S02,,S02-ART-R001,safesoc-win-01,2026-05-14T18:27:26.582-0400,attack_like,duplicate,atomic_validation,atomic_red_team,Atomic Red Team,T1082/T1033/T1016,,,,Execution,T1059.001,92066,C:\\Windows\\SysWOW64\\SecEdit.exe binary in a suspicious location launched by C:\\Windows\\SysWOW64\\WindowsPowerShell\\v1.0\\powershell.exe,medium,Duplicate repeated telemetry for S02-ART-R001,Reviewed during Sprint 8 QA. Duplicate correlation reference retained for overlap and alert-fatigue analysis.
LBL-000209,ALERT-EE6AB8F5D152C84A,S02,,S02-ART-R001,safesoc-win-01,2026-05-14T18:27:27.775-0400,attack_like,duplicate,atomic_validation,atomic_red_team,Atomic Red Team,T1082/T1033/T1016,,,,Defense Evasion,T1070.004,92021,Powershell was used to delete files or directories,medium,Duplicate repeated telemetry for S02-ART-R001,Reviewed during Sprint 8 QA. Duplicate correlation reference retained for overlap and alert-fatigue analysis.
LBL-000210,ALERT-B5E64ADDD32339AF,S02,,S02-ART-R001,safesoc-win-01,2026-05-14T18:27:27.788-0400,attack_like,duplicate,atomic_validation,atomic_red_team,Atomic Red Team,T1082/T1033/T1016,,,,Execution,T1059.001,92066,C:\\Windows\\SysWOW64\\SecEdit.exe binary in a suspicious location launched by C:\\Windows\\SysWOW64\\WindowsPowerShell\\v1.0\\powershell.exe,medium,Duplicate repeated telemetry for S02-ART-R001,Reviewed during Sprint 8 QA. Duplicate correlation reference retained for overlap and alert-fatigue analysis.
LBL-000211,ALERT-C8CF0F3D84EAFBB9,S02,,S02-ART-R001,safesoc-win-01,2026-05-14T18:27:29.063-0400,attack_like,duplicate,atomic_validation,atomic_red_team,Atomic Red Team,T1082/T1033/T1016,,,,Defense Evasion,T1070.004,92021,Powershell was used to delete files or directories,medium,Duplicate repeated telemetry for S02-ART-R001,Reviewed during Sprint 8 QA. Duplicate correlation reference retained for overlap and alert-fatigue analysis.
LBL-000212,ALERT-E507695BA2EA5C21,S02,,S02-ART-R001,safesoc-win-01,2026-05-14T18:27:29.109-0400,attack_like,duplicate,atomic_validation,atomic_red_team,Atomic Red Team,T1082/T1033/T1016,,,,Execution,T1059.001,92066,C:\\Windows\\SysWOW64\\SecEdit.exe binary in a suspicious location launched by C:\\Windows\\SysWOW64\\WindowsPowerShell\\v1.0\\powershell.exe,medium,Duplicate repeated telemetry for S02-ART-R001,Reviewed during Sprint 8 QA. Duplicate correlation reference retained for overlap and alert-fatigue analysis.
LBL-000213,ALERT-249626574C110878,S02,,S02-ART-R001,safesoc-win-01,2026-05-14T18:27:30.382-0400,attack_like,duplicate,atomic_validation,atomic_red_team,Atomic Red Team,T1082/T1033/T1016,,,,Defense Evasion,T1070.004,92021,Powershell was used to delete files or directories,medium,Duplicate repeated telemetry for S02-ART-R001,Reviewed during Sprint 8 QA. Duplicate correlation reference retained for overlap and alert-fatigue analysis.
LBL-000214,ALERT-46EA158D85B8F76F,S02,,S02-ART-R001,safesoc-win-01,2026-05-14T18:27:30.427-0400,attack_like,duplicate,atomic_validation,atomic_red_team,Atomic Red Team,T1082/T1033/T1016,,,,Execution,T1059.001,92066,C:\\Windows\\SysWOW64\\SecEdit.exe binary in a suspicious location launched by C:\\Windows\\SysWOW64\\WindowsPowerShell\\v1.0\\powershell.exe,medium,Duplicate repeated telemetry for S02-ART-R001,Reviewed during Sprint 8 QA. Duplicate correlation reference retained for overlap and alert-fatigue analysis.
LBL-000215,ALERT-DCABB53231EA3EA2,S02,,S02-ART-R001,safesoc-win-01,2026-05-14T18:27:31.811-0400,attack_like,duplicate,atomic_validation,atomic_red_team,Atomic Red Team,T1082/T1033/T1016,,,,Defense Evasion,T1070.004,92021,Powershell was used to delete files or directories,medium,Duplicate repeated telemetry for S02-ART-R001,Reviewed during Sprint 8 QA. Duplicate correlation reference retained for overlap and alert-fatigue analysis.
LBL-000216,ALERT-D1D8BC2ADAD974A8,S02,,S02-ART-R001,safesoc-win-01,2026-05-14T18:27:31.858-0400,attack_like,duplicate,atomic_validation,atomic_red_team,Atomic Red Team,T1082/T1033/T1016,,,,Execution,T1059.001,92066,C:\\Windows\\SysWOW64\\SecEdit.exe binary in a suspicious location launched by C:\\Windows\\SysWOW64\\WindowsPowerShell\\v1.0\\powershell.exe,medium,Duplicate repeated telemetry for S02-ART-R001,Reviewed during Sprint 8 QA. Duplicate correlation reference retained for overlap and alert-fatigue analysis.
LBL-000217,ALERT-E9DE7AA21941DE66,S02,,S02-ART-R001,safesoc-win-01,2026-05-14T18:27:33.195-0400,attack_like,duplicate,atomic_validation,atomic_red_team,Atomic Red Team,T1082/T1033/T1016,,,,Defense Evasion,T1070.004,92021,Powershell was used to delete files or directories,medium,Duplicate repeated telemetry for S02-ART-R001,Reviewed during Sprint 8 QA. Duplicate correlation reference retained for overlap and alert-fatigue analysis.
LBL-000218,ALERT-E571FCED542E953C,S02,,S02-ART-R001,safesoc-win-01,2026-05-14T18:27:33.245-0400,attack_like,duplicate,atomic_validation,atomic_red_team,Atomic Red Team,T1082/T1033/T1016,,,,Execution,T1059.001,92066,C:\\Windows\\SysWOW64\\SecEdit.exe binary in a suspicious location launched by C:\\Windows\\SysWOW64\\WindowsPowerShell\\v1.0\\powershell.exe,medium,Duplicate repeated telemetry for S02-ART-R001,Reviewed during Sprint 8 QA. Duplicate correlation reference retained for overlap and alert-fatigue analysis.
LBL-000219,ALERT-240F855565506C86,S02,,S02-ART-R001,safesoc-win-01,2026-05-14T18:27:36.078-0400,attack_like,duplicate,atomic_validation,atomic_red_team,Atomic Red Team,T1082/T1033/T1016,,,,Discovery,T1087,92031,Discovery activity executed,medium,Duplicate repeated telemetry for S02-ART-R001,Reviewed during Sprint 8 QA. Duplicate correlation reference retained for overlap and alert-fatigue analysis.
LBL-000220,ALERT-00F0FC17A23D909B,S02,,S02-ART-R001,safesoc-win-01,2026-05-14T18:27:36.127-0400,attack_like,duplicate,atomic_validation,atomic_red_team,Atomic Red Team,T1082/T1033/T1016,,,,Discovery,T1087,92031,Discovery activity executed,medium,Duplicate repeated telemetry for S02-ART-R001,Reviewed during Sprint 8 QA. Duplicate correlation reference retained for overlap and alert-fatigue analysis.
LBL-000221,ALERT-01F1761453AFF7CE,S02,,S02-ART-R001,safesoc-win-01,2026-05-14T18:27:36.207-0400,attack_like,duplicate,atomic_validation,atomic_red_team,Atomic Red Team,T1082/T1033/T1016,,,,Discovery,T1087,92031,Discovery activity executed,medium,Duplicate repeated telemetry for S02-ART-R001,Reviewed during Sprint 8 QA. Duplicate correlation reference retained for overlap and alert-fatigue analysis.
LBL-000222,ALERT-16D1B7E7D6B6161A,S02,,S02-ART-R001,safesoc-win-01,2026-05-14T18:27:36.240-0400,attack_like,duplicate,atomic_validation,atomic_red_team,Atomic Red Team,T1082/T1033/T1016,,,,Discovery,T1087,92031,Discovery activity executed,medium,Duplicate repeated telemetry for S02-ART-R001,Reviewed during Sprint 8 QA. Duplicate correlation reference retained for overlap and alert-fatigue analysis.
LBL-000223,ALERT-7ABE50FA6F77102A,S02,,S02-ART-R001,safesoc-win-01,2026-05-14T18:29:34.495-0400,attack_like,duplicate,atomic_validation,atomic_red_team,Atomic Red Team,T1082/T1033/T1016,,,,Execution,T1059.003,92052,Windows command prompt started by an abnormal process,medium,Supporting telemetry for S02-ART-R001,Reviewed during Sprint 8 QA. Duplicate correlation reference retained for overlap and alert-fatigue analysis.
LBL-000224,ALERT-B56038E825C98246,S02,,S02-ART-R001,safesoc-win-01,2026-05-14T18:29:34.513-0400,unrelated_background,unrelated,atomic_validation,atomic_red_team,Atomic Red Team,T1082/T1033/T1016,,,,Discovery/Execution,T1087/T1059.003,92032,Suspicious Windows cmd shell execution,medium,Background alert inside S02-ART-R001 time window,Medium-confidence timestamp-derived unrelated/background label; retained after Sprint 8 spot-check.
LBL-000225,ALERT-BC4DAC4A4440C939,S02,,S02-ART-R001,safesoc-win-01,2026-05-14T18:32:12.005-0400,attack_like,duplicate,atomic_validation,atomic_red_team,Atomic Red Team,T1082/T1033/T1016,,,,Execution,T1059.003,92052,Windows command prompt started by an abnormal process,medium,Duplicate repeated telemetry for S02-ART-R001,Reviewed during Sprint 8 QA. Duplicate correlation reference retained for overlap and alert-fatigue analysis.
LBL-000226,ALERT-A24C16982EAFE1DE,S02,,S02-ART-R001,safesoc-win-01,2026-05-14T18:34:10.791-0400,unrelated_background,unrelated,atomic_validation,atomic_red_team,Atomic Red Team,T1082/T1033/T1016,,,,Discovery,T1082/T1033/T1016,60642,Software protection service scheduled successfully.,medium,Background alert inside S02-ART-R001 time window,Medium-confidence timestamp-derived unrelated/background label; retained after Sprint 8 spot-check.
LBL-000227,ALERT-342C5B66225F7CE0,S02,,S02-ART-R001,safesoc-win-01,2026-05-14T18:34:55.379-0400,attack_like,trigger,atomic_validation,atomic_red_team,Atomic Red Team,T1082/T1033/T1016,,,,Execution,T1059.001,92027,Powershell process spawned powershell instance,high,Supporting telemetry for S02-ART-R001,Reviewed during Sprint 8 QA. Primary trigger evidence retained.
LBL-000228,ALERT-B6C671251BE41A9A,S02,,S02-ART-R001,safesoc-win-01,2026-05-14T18:34:57.612-0400,attack_like,duplicate,atomic_validation,atomic_red_team,Atomic Red Team,T1082/T1033/T1016,,,,Execution,T1059.003,92052,Windows command prompt started by an abnormal process,medium,Duplicate repeated telemetry for S02-ART-R001,Reviewed during Sprint 8 QA. Duplicate correlation reference retained for overlap and alert-fatigue analysis.
LBL-000229,ALERT-9177243BBEB9831F,S02,,S02-ART-R001,safesoc-win-01,2026-05-14T18:34:57.625-0400,attack_like,duplicate,atomic_validation,atomic_red_team,Atomic Red Team,T1082/T1033/T1016,,,,Discovery/Execution,T1087/T1059.003,92032,Suspicious Windows cmd shell execution,medium,Duplicate repeated telemetry for S02-ART-R001,Reviewed during Sprint 8 QA. Duplicate correlation reference retained for overlap and alert-fatigue analysis.
LBL-000230,ALERT-6AD5CB11EF0ED53E,S02,,S02-ART-R001,safesoc-win-01,2026-05-14T18:36:05.926-0400,attack_like,duplicate,atomic_validation,atomic_red_team,Atomic Red Team,T1082/T1033/T1016,,,,Execution,T1059.001,92027,Powershell process spawned powershell instance,medium,Duplicate repeated telemetry for S02-ART-R001,Reviewed during Sprint 8 QA. Duplicate correlation reference retained for overlap and alert-fatigue analysis.
LBL-000231,ALERT-C761C5F3C81EFFAD,S02,,S02-ART-R001,safesoc-win-01,2026-05-14T18:36:06.132-0400,attack_like,duplicate,atomic_validation,atomic_red_team,Atomic Red Team,T1082/T1033/T1016,,,,Execution,T1059.001,92027,Powershell process spawned powershell instance,medium,Duplicate repeated telemetry for S02-ART-R001,Reviewed during Sprint 8 QA. Duplicate correlation reference retained for overlap and alert-fatigue analysis.
LBL-000232,ALERT-3ACDFD8934976577,S02,,S02-ART-R001,safesoc-win-01,2026-05-14T18:36:08.048-0400,attack_like,duplicate,atomic_validation,atomic_red_team,Atomic Red Team,T1082/T1033/T1016,,,,Execution,T1059.003,92052,Windows command prompt started by an abnormal process,medium,Duplicate repeated telemetry for S02-ART-R001,Reviewed during Sprint 8 QA. Duplicate correlation reference retained for overlap and alert-fatigue analysis.
LBL-000233,ALERT-3499DF86650D423B,S02,,S02-MAN-R001,safesoc-win-01,2026-05-14T18:09:35.760-0400,unrelated_background,unrelated,manual_adversary_emulation,manual,manual,,,,,Privilege Escalation/Persistence,T1546.011,92058,Application Compatibility Database launched,medium,Background alert inside S02-MAN-R001 time window,Medium-confidence timestamp-derived unrelated/background label; retained after Sprint 8 spot-check.
LBL-000234,ALERT-1537C8F4E2257816,S02,,S02-MAN-R001,safesoc-win-01,2026-05-14T18:09:55.448-0400,unrelated_background,unrelated,manual_adversary_emulation,manual,manual,,,,,Discovery,T1082/T1033/T1016,23502,The CVE-2022-30168 that affected Photos was solved due to an update in the agent or feed.,medium,Background alert inside S02-MAN-R001 time window,Medium-confidence timestamp-derived unrelated/background label; retained after Sprint 8 spot-check.
LBL-000235,ALERT-A31799F239723742,S02,,S02-MAN-R001,safesoc-win-01,2026-05-14T18:11:06.586-0400,attack_like,trigger,manual_adversary_emulation,manual,manual,,,,,Discovery,T1082/T1033/T1016,61104,Service startup type was changed,high,Supporting telemetry for S02-MAN-R001,Reviewed during Sprint 8 QA. Primary trigger evidence retained.
LBL-000236,ALERT-5A5F5204B91A7758,S02,,S02-MAN-R001,safesoc-win-01,2026-05-14T18:15:06.597-0400,attack_like,supporting,manual_adversary_emulation,manual,manual,,,,,Execution,T1059.003,92052,Windows command prompt started by an abnormal process,medium,Supporting telemetry for S02-MAN-R001,Medium-confidence timestamp-derived label; retained after spot-check.
LBL-000237,ALERT-DA619709B127A6D7,S02,,S02-MAN-R001,safesoc-win-01,2026-05-14T18:15:06.608-0400,unrelated_background,unrelated,manual_adversary_emulation,manual,manual,,,,,Discovery/Execution,T1087/T1059.003,92032,Suspicious Windows cmd shell execution,medium,Background alert inside S02-MAN-R001 time window,Medium-confidence timestamp-derived unrelated/background label; retained after Sprint 8 spot-check.
LBL-000238,ALERT-E24EB852CA6D13FA,S02,,S02-MAN-R001,safesoc-win-01,2026-05-14T18:21:29.564-0400,attack_like,duplicate,manual_adversary_emulation,manual,manual,,,,,Discovery/Execution,T1087/T1059.001,92033,Discovery activity spawned via powershell execution,medium,Supporting telemetry for S02-MAN-R001,Reviewed during Sprint 8 QA. Duplicate correlation reference retained for overlap and alert-fatigue analysis.
LBL-000239,ALERT-6BCE8985DD9D00FB,S02,,S02-MAN-R001,safesoc-win-01,2026-05-14T18:21:29.593-0400,unrelated_background,unrelated,manual_adversary_emulation,manual,manual,,,,,Discovery,T1087,92031,Discovery activity executed,medium,Background alert inside S02-MAN-R001 time window,Medium-confidence timestamp-derived unrelated/background label; retained after Sprint 8 spot-check.
LBL-000240,ALERT-85AB624AB4D8540D,S03,,S03-ART-R001,safesoc-win-01,2026-05-14T19:09:26.105-0400,unrelated_background,unrelated,atomic_validation,atomic_red_team,Atomic Red Team,T1053.005,,,,Persistence,T1053.005,60642,Software protection service scheduled successfully.,medium,Background alert inside S03-ART-R001 time window,Medium-confidence timestamp-derived unrelated/background label; retained after Sprint 8 spot-check.
LBL-000241,ALERT-F54F32E684D07544,S03,,S03-ART-R001,safesoc-win-01,2026-05-14T19:09:36.255-0400,unrelated_background,unrelated,atomic_validation,atomic_red_team,Atomic Red Team,T1053.005,,,,Privilege Escalation/Persistence,T1546.011,92058,Application Compatibility Database launched,medium,Background alert inside S03-ART-R001 time window,Medium-confidence timestamp-derived unrelated/background label; retained after Sprint 8 spot-check.
LBL-000242,ALERT-91EC49D912E0873D,S03,,S03-ART-R001,safesoc-win-01,2026-05-14T19:15:49.231-0400,attack_like,trigger,atomic_validation,atomic_red_team,Atomic Red Team,T1053.005,,,,Execution,T1059.003,92052,Windows command prompt started by an abnormal process,high,Supporting telemetry for S03-ART-R001,Reviewed during Sprint 8 QA. Primary trigger evidence retained.
LBL-000243,ALERT-FD81A1D265A7CB99,S03,,S03-ART-R001,safesoc-win-01,2026-05-14T19:15:49.231-0400,unrelated_background,unrelated,atomic_validation,atomic_red_team,Atomic Red Team,T1053.005,,,,Discovery/Execution,T1087/T1059.003,92032,Suspicious Windows cmd shell execution,medium,Background alert inside S03-ART-R001 time window,Medium-confidence timestamp-derived unrelated/background label; retained after Sprint 8 spot-check.
LBL-000244,ALERT-37600BB7A7198A96,S03,,S03-ART-R001,safesoc-win-01,2026-05-14T19:15:49.248-0400,unrelated_background,unrelated,atomic_validation,atomic_red_team,Atomic Red Team,T1053.005,,,,Defense Evasion,T1027/T1112,92041,Value added to registry key has Base64-like pattern,medium,Background alert inside S03-ART-R001 time window,Medium-confidence timestamp-derived unrelated/background label; retained after Sprint 8 spot-check.
LBL-000245,ALERT-08737328FF06FC95,S03,,S03-ART-R001,safesoc-win-01,2026-05-14T19:15:49.279-0400,unrelated_background,unrelated,atomic_validation,atomic_red_team,Atomic Red Team,T1053.005,,,,Discovery,T1135,92034,Discovery activity spawned via cmd shell execution,medium,Background alert inside S03-ART-R001 time window,Medium-confidence timestamp-derived unrelated/background label; retained after Sprint 8 spot-check.
LBL-000246,ALERT-6AE1CE3DFF951341,S03,,S03-ART-R001,safesoc-win-01,2026-05-14T19:15:49.310-0400,attack_like,duplicate,atomic_validation,atomic_red_team,Atomic Red Team,T1053.005,,,,Discovery,T1135,92034,Discovery activity spawned via cmd shell execution,medium,Duplicate repeated telemetry for S03-ART-R001,Reviewed during Sprint 8 QA. Duplicate correlation reference retained for overlap and alert-fatigue analysis.
LBL-000247,ALERT-D95F98C341361895,S03,,S03-ART-R001,safesoc-win-01,2026-05-14T19:17:18.486-0400,attack_like,duplicate,atomic_validation,atomic_red_team,Atomic Red Team,T1053.005,,,,Persistence,T1053.005,60642,Software protection service scheduled successfully.,medium,Duplicate repeated telemetry for S03-ART-R001,Reviewed during Sprint 8 QA. Duplicate correlation reference retained for overlap and alert-fatigue analysis.
LBL-000248,ALERT-F8DFC591808283C7,S04,,S04-ART-R001,safesoc-win-01,2026-05-14T19:32:11.048-0400,attack_like,trigger,atomic_validation,atomic_red_team,Atomic Red Team,T1560.001,,,,Execution,T1059.003,92052,Windows command prompt started by an abnormal process,high,Supporting telemetry for S04-ART-R001,Reviewed during Sprint 8 QA. Primary trigger evidence retained.
LBL-000249,ALERT-9312495453C9CB65,S04,,S04-ART-R001,safesoc-win-01,2026-05-14T19:32:11.048-0400,unrelated_background,unrelated,atomic_validation,atomic_red_team,Atomic Red Team,T1560.001,,,,Discovery/Execution,T1087/T1059.003,92032,Suspicious Windows cmd shell execution,medium,Background alert inside S04-ART-R001 time window,Medium-confidence timestamp-derived unrelated/background label; retained after Sprint 8 spot-check.
LBL-000250,ALERT-F4B0406EB0FA25A0,S04,,S04-ART-R001,safesoc-win-01,2026-05-14T19:32:11.063-0400,unrelated_background,unrelated,atomic_validation,atomic_red_team,Atomic Red Team,T1560.001,,,,Discovery,T1135,92034,Discovery activity spawned via cmd shell execution,medium,Background alert inside S04-ART-R001 time window,Medium-confidence timestamp-derived unrelated/background label; retained after Sprint 8 spot-check.
LBL-000251,ALERT-7D877CF0FC9243F8,S04,,S04-ART-R001,safesoc-win-01,2026-05-14T19:33:20.190-0400,attack_like,duplicate,atomic_validation,atomic_red_team,Atomic Red Team,T1560.001,,,,Execution,T1059.003,92052,Windows command prompt started by an abnormal process,medium,Duplicate repeated telemetry for S04-ART-R001,Reviewed during Sprint 8 QA. Duplicate correlation reference retained for overlap and alert-fatigue analysis.
LBL-000252,ALERT-375F64CDE85DB6DD,S04,,S04-ART-R001,safesoc-win-01,2026-05-14T19:33:20.190-0400,attack_like,duplicate,atomic_validation,atomic_red_team,Atomic Red Team,T1560.001,,,,Discovery/Execution,T1087/T1059.003,92032,Suspicious Windows cmd shell execution,medium,Duplicate repeated telemetry for S04-ART-R001,Reviewed during Sprint 8 QA. Duplicate correlation reference retained for overlap and alert-fatigue analysis.
LBL-000253,ALERT-5CBAF43094079D04,S04,,S04-ART-R001,safesoc-win-01,2026-05-14T19:33:34.223-0400,attack_like,duplicate,atomic_validation,atomic_red_team,Atomic Red Team,T1560.001,,,,Discovery/Execution,T1087/T1059.003,92032,Suspicious Windows cmd shell execution,medium,Duplicate repeated telemetry for S04-ART-R001,Reviewed during Sprint 8 QA. Duplicate correlation reference retained for overlap and alert-fatigue analysis.
LBL-000254,ALERT-DDDA5099D1461A64,S04,,S04-ART-R001,safesoc-win-01,2026-05-14T19:33:34.223-0400,attack_like,duplicate,atomic_validation,atomic_red_team,Atomic Red Team,T1560.001,,,,Execution,T1059.003,92052,Windows command prompt started by an abnormal process,medium,Duplicate repeated telemetry for S04-ART-R001,Reviewed during Sprint 8 QA. Duplicate correlation reference retained for overlap and alert-fatigue analysis.
LBL-000255,ALERT-E0E059A849254989,S04,,S04-ART-R001,safesoc-win-01,2026-05-14T19:33:42.595-0400,attack_like,duplicate,atomic_validation,atomic_red_team,Atomic Red Team,T1560.001,,,,Execution,T1059.003,92052,Windows command prompt started by an abnormal process,medium,Duplicate repeated telemetry for S04-ART-R001,Reviewed during Sprint 8 QA. Duplicate correlation reference retained for overlap and alert-fatigue analysis.
LBL-000256,ALERT-389565396AEBBC11,S04,,S04-ART-R001,safesoc-win-01,2026-05-14T19:33:42.626-0400,attack_like,duplicate,atomic_validation,atomic_red_team,Atomic Red Team,T1560.001,,,,Discovery/Execution,T1087/T1059.003,92032,Suspicious Windows cmd shell execution,medium,Duplicate repeated telemetry for S04-ART-R001,Reviewed during Sprint 8 QA. Duplicate correlation reference retained for overlap and alert-fatigue analysis.
LBL-000257,ALERT-2CBC009482D37896,S04,,S04-ART-R001,safesoc-win-01,2026-05-14T19:33:52.261-0400,attack_like,duplicate,atomic_validation,atomic_red_team,Atomic Red Team,T1560.001,,,,Execution,T1059.003,92052,Windows command prompt started by an abnormal process,medium,Duplicate repeated telemetry for S04-ART-R001,Reviewed during Sprint 8 QA. Duplicate correlation reference retained for overlap and alert-fatigue analysis.
LBL-000258,ALERT-6FB9BE3CD8150C74,S04,,S04-ART-R001,safesoc-win-01,2026-05-14T19:33:52.261-0400,attack_like,duplicate,atomic_validation,atomic_red_team,Atomic Red Team,T1560.001,,,,Discovery/Execution,T1087/T1059.003,92032,Suspicious Windows cmd shell execution,medium,Duplicate repeated telemetry for S04-ART-R001,Reviewed during Sprint 8 QA. Duplicate correlation reference retained for overlap and alert-fatigue analysis.
LBL-000259,ALERT-9A2402FEA5735B75,S04,,S04-ART-R001,safesoc-win-01,2026-05-14T19:34:07.542-0400,attack_like,supporting,atomic_validation,atomic_red_team,Atomic Red Team,T1560.001,,,,Execution,T1059.001,92027,Powershell process spawned powershell instance,medium,Supporting telemetry for S04-ART-R001,Medium-confidence timestamp-derived label; retained after spot-check.
LBL-000260,ALERT-3D1146B8CFC8893B,S04,,S04-ART-R001,safesoc-win-01,2026-05-14T19:34:17.975-0400,attack_like,duplicate,atomic_validation,atomic_red_team,Atomic Red Team,T1560.001,,,,Execution,T1059.003,92052,Windows command prompt started by an abnormal process,medium,Duplicate repeated telemetry for S04-ART-R001,Reviewed during Sprint 8 QA. Duplicate correlation reference retained for overlap and alert-fatigue analysis.
LBL-000261,ALERT-B97F52C7C8F22174,S04,,S04-ART-R001,safesoc-win-01,2026-05-14T19:34:17.975-0400,attack_like,duplicate,atomic_validation,atomic_red_team,Atomic Red Team,T1560.001,,,,Discovery/Execution,T1087/T1059.003,92032,Suspicious Windows cmd shell execution,medium,Duplicate repeated telemetry for S04-ART-R001,Reviewed during Sprint 8 QA. Duplicate correlation reference retained for overlap and alert-fatigue analysis.
LBL-000262,ALERT-2A545801CB2D335F,S04,,S04-ART-R001,safesoc-win-01,2026-05-14T19:34:17.997-0400,attack_like,duplicate,atomic_validation,atomic_red_team,Atomic Red Team,T1560.001,,,,Discovery/Execution,T1087/T1059.003,92032,Suspicious Windows cmd shell execution,medium,Duplicate repeated telemetry for S04-ART-R001,Reviewed during Sprint 8 QA. Duplicate correlation reference retained for overlap and alert-fatigue analysis.
LBL-000263,ALERT-B3296DE8409BC25A,S04,,S04-ART-R001,safesoc-win-01,2026-05-14T19:34:20.786-0400,attack_like,duplicate,atomic_validation,atomic_red_team,Atomic Red Team,T1560.001,,,,Execution,T1059.001,92027,Powershell process spawned powershell instance,medium,Duplicate repeated telemetry for S04-ART-R001,Reviewed during Sprint 8 QA. Duplicate correlation reference retained for overlap and alert-fatigue analysis.
LBL-000264,ALERT-BB06733144048710,S07,,S07-MAN-R001,safesoc-lnx-01,2026-05-14T21:43:36.453-0400,attack_like,trigger,manual_adversary_emulation,manual,manual,,,,,Privilege Escalation/Defense Evasion,T1548.003,5402,Successful sudo to ROOT executed.,high,Primary trigger evidence for S07-MAN-R001,Reviewed during Sprint 8 QA. Primary trigger evidence retained.
LBL-000265,ALERT-BD62C9C01EF24601,S07,,S07-MAN-R001,safesoc-lnx-01,2026-05-14T21:43:36.454-0400,attack_like,supporting,manual_adversary_emulation,manual,manual,,,,,Defense Evasion/Persistence/Privilege Escalation/Initial Access,T1078,5501,PAM: Login session opened.,medium,Primary trigger evidence for S07-MAN-R001,Medium-confidence timestamp-derived label; retained after spot-check.
LBL-000266,ALERT-6584E66BFDB6753B,S07,,S07-MAN-R001,safesoc-lnx-01,2026-05-14T21:43:36.692-0400,attack_like,supporting,manual_adversary_emulation,manual,manual,,,,,Privilege Escalation/Defense Evasion,T1548.003,5402,Successful sudo to ROOT executed.,medium,Primary trigger evidence for S07-MAN-R001,Medium-confidence timestamp-derived label; retained after spot-check.
LBL-000267,ALERT-DFA0EAE582A575A7,S07,,S07-MAN-R001,safesoc-lnx-01,2026-05-14T21:43:36.692-0400,attack_like,supporting,manual_adversary_emulation,manual,manual,,,,,Defense Evasion/Persistence/Privilege Escalation/Initial Access,T1078,5501,PAM: Login session opened.,medium,Primary trigger evidence for S07-MAN-R001,Medium-confidence timestamp-derived label; retained after spot-check.
LBL-000268,ALERT-4950AB929E1CEFC5,S07,,S07-MAN-R001,safesoc-lnx-01,2026-05-14T21:45:59.557-0400,attack_like,supporting,manual_adversary_emulation,manual,manual,,,,,Credential Access,T1110.001,5502,PAM: Login session closed.,medium,Primary trigger evidence for S07-MAN-R001,Medium-confidence timestamp-derived label; retained after spot-check.
LBL-000269,ALERT-5B5B46CAA3ADF5BA,S07,,S07-MAN-R001,safesoc-lnx-01,2026-05-14T21:45:59.556-0400,attack_like,supporting,manual_adversary_emulation,manual,manual,,,,,Credential Access,T1110.001,5502,PAM: Login session closed.,medium,Primary trigger evidence for S07-MAN-R001,Medium-confidence timestamp-derived label; retained after spot-check.
LBL-000270,ALERT-3815C4714914BE69,S07,,S07-MAN-R001,safesoc-lnx-01,2026-05-14T21:46:08.532-0400,attack_like,trigger,manual_adversary_emulation,manual,manual,,,,,Discovery,T1082/T1033/T1016,100764,SafeAgentSOC S09 Linux discovery scenario marker,high,Primary trigger evidence for S07-MAN-R001,Reviewed during Sprint 8 QA. Primary trigger evidence retained.
LBL-000271,ALERT-03B8AE134EA282B9,S07,,S07-MAN-R001,safesoc-lnx-01,2026-05-14T21:46:08.532-0400,attack_like,trigger,manual_adversary_emulation,manual,manual,,,,,Credential Access,T1110.001,100760,SafeAgentSOC run start marker observed,high,Primary trigger evidence for S07-MAN-R001,Reviewed during Sprint 8 QA. Primary trigger evidence retained.
LBL-000272,ALERT-939838210113F0BE,S07,,S07-MAN-R001,safesoc-lnx-01,2026-05-14T21:46:08.532-0400,attack_like,trigger,manual_adversary_emulation,manual,manual,,,,,Credential Access,T1110.001,100761,SafeAgentSOC run end marker observed,high,Primary trigger evidence for S07-MAN-R001,Reviewed during Sprint 8 QA. Primary trigger evidence retained.
LBL-000273,ALERT-377C4E024FC0B911,S07,,S07-MAN-R001,safesoc-lnx-01,2026-05-14T21:46:08.801-0400,attack_like,supporting,manual_adversary_emulation,manual,manual,,,,,Credential Access,T1110.001,100760,SafeAgentSOC run start marker observed,medium,Primary trigger evidence for S07-MAN-R001,Medium-confidence timestamp-derived label; retained after spot-check.
LBL-000274,ALERT-608CA00884F0BD0D,S07,,S07-MAN-R001,safesoc-lnx-01,2026-05-14T21:46:08.804-0400,attack_like,supporting,manual_adversary_emulation,manual,manual,,,,,Discovery,T1082/T1033/T1016,100764,SafeAgentSOC S09 Linux discovery scenario marker,medium,Primary trigger evidence for S07-MAN-R001,Medium-confidence timestamp-derived label; retained after spot-check.
LBL-000275,ALERT-48F357A17DF717CF,S07,,S07-MAN-R001,safesoc-lnx-01,2026-05-14T21:46:08.806-0400,attack_like,supporting,manual_adversary_emulation,manual,manual,,,,,Credential Access,T1110.001,100761,SafeAgentSOC run end marker observed,medium,Primary trigger evidence for S07-MAN-R001,Medium-confidence timestamp-derived label; retained after spot-check.
LBL-000276,ALERT-3F21421AE050B140,S07,,S07-MAN-R001,safesoc-lnx-01,2026-05-14T21:47:40.556-0400,attack_like,supporting,manual_adversary_emulation,manual,manual,,,,,Credential Access/Lateral Movement,T1110.001/T1021.004,5710,sshd: Attempt to login using a non-existent user,medium,Primary trigger evidence for S07-MAN-R001,Medium-confidence timestamp-derived label; retained after spot-check.
LBL-000277,ALERT-8D873F0B03C40C05,S07,,S07-MAN-R001,safesoc-lnx-01,2026-05-14T21:47:40.857-0400,attack_like,supporting,manual_adversary_emulation,manual,manual,,,,,Credential Access/Lateral Movement,T1110.001/T1021.004,5710,sshd: Attempt to login using a non-existent user,medium,Primary trigger evidence for S07-MAN-R001,Medium-confidence timestamp-derived label; retained after spot-check.
LBL-000278,ALERT-5FA7918F56E09D1C,S07,,S07-MAN-R001,safesoc-lnx-01,2026-05-14T21:47:44.557-0400,attack_like,supporting,manual_adversary_emulation,manual,manual,,,,,Credential Access,T1110.001,5503,PAM: User login failed.,medium,Primary trigger evidence for S07-MAN-R001,Medium-confidence timestamp-derived label; retained after spot-check.
LBL-000279,ALERT-525293A39910B688,S07,,S07-MAN-R001,safesoc-lnx-01,2026-05-14T21:47:44.858-0400,attack_like,supporting,manual_adversary_emulation,manual,manual,,,,,Credential Access,T1110.001,5503,PAM: User login failed.,medium,Primary trigger evidence for S07-MAN-R001,Medium-confidence timestamp-derived label; retained after spot-check.
LBL-000280,ALERT-D5B808143FF1D02A,S07,,S07-MAN-R001,safesoc-lnx-01,2026-05-14T21:47:46.557-0400,attack_like,supporting,manual_adversary_emulation,manual,manual,,,,,Credential Access/Lateral Movement,T1110.001/T1021.004,5710,sshd: Attempt to login using a non-existent user,medium,Primary trigger evidence for S07-MAN-R001,Medium-confidence timestamp-derived label; retained after spot-check.
LBL-000281,ALERT-23EE2D62FADFE6C1,S07,,S07-MAN-R001,safesoc-lnx-01,2026-05-14T21:47:46.858-0400,attack_like,supporting,manual_adversary_emulation,manual,manual,,,,,Credential Access/Lateral Movement,T1110.001/T1021.004,5710,sshd: Attempt to login using a non-existent user,medium,Primary trigger evidence for S07-MAN-R001,Medium-confidence timestamp-derived label; retained after spot-check.
LBL-000282,ALERT-17BA9A86E47F34D4,S07,,S07-MAN-R001,safesoc-lnx-01,2026-05-14T21:47:52.560-0400,attack_like,supporting,manual_adversary_emulation,manual,manual,,,,,Credential Access/Lateral Movement,T1110.001/T1021.004,5710,sshd: Attempt to login using a non-existent user,medium,Primary trigger evidence for S07-MAN-R001,Medium-confidence timestamp-derived label; retained after spot-check.
LBL-000283,ALERT-E4D4E1B19F220B80,S07,,S07-MAN-R001,safesoc-lnx-01,2026-05-14T21:47:52.860-0400,attack_like,supporting,manual_adversary_emulation,manual,manual,,,,,Credential Access/Lateral Movement,T1110.001/T1021.004,5710,sshd: Attempt to login using a non-existent user,medium,Primary trigger evidence for S07-MAN-R001,Medium-confidence timestamp-derived label; retained after spot-check.
LBL-000284,ALERT-7C0D6E22CFB2AE36,S07,,S07-MAN-R001,safesoc-lnx-01,2026-05-14T21:47:58.561-0400,attack_like,supporting,manual_adversary_emulation,manual,manual,,,,,Credential Access/Lateral Movement,T1110.001/T1021.004,5710,sshd: Attempt to login using a non-existent user,medium,Primary trigger evidence for S07-MAN-R001,Medium-confidence timestamp-derived label; retained after spot-check.
LBL-000285,ALERT-1DEC75D2B59F158B,S07,,S07-MAN-R001,safesoc-lnx-01,2026-05-14T21:47:58.863-0400,attack_like,supporting,manual_adversary_emulation,manual,manual,,,,,Credential Access,T1110,5712,sshd: brute force trying to get access to the system. Non existent user.,medium,Primary trigger evidence for S07-MAN-R001,Medium-confidence timestamp-derived label; retained after spot-check.
LBL-000286,ALERT-B535D85C2D6341DF,S07,,S07-MAN-R001,safesoc-lnx-01,2026-05-14T21:48:00.562-0400,attack_like,supporting,manual_adversary_emulation,manual,manual,,,,,Credential Access,T1110,2502,syslog: User missed the password more than one time,medium,Primary trigger evidence for S07-MAN-R001,Medium-confidence timestamp-derived label; retained after spot-check.
LBL-000287,ALERT-D50622CD5E996274,S07,,S07-MAN-R001,safesoc-lnx-01,2026-05-14T21:48:00.864-0400,attack_like,supporting,manual_adversary_emulation,manual,manual,,,,,Credential Access,T1110,2502,syslog: User missed the password more than one time,medium,Primary trigger evidence for S07-MAN-R001,Medium-confidence timestamp-derived label; retained after spot-check.
LBL-000288,ALERT-C5713FBB17FDA7B5,S07,,S07-MAN-R001,safesoc-lnx-01,2026-05-14T21:48:24.570-0400,attack_like,supporting,manual_adversary_emulation,manual,manual,,,,,Privilege Escalation/Defense Evasion,T1548.003,5402,Successful sudo to ROOT executed.,medium,Primary trigger evidence for S07-MAN-R001,Medium-confidence timestamp-derived label; retained after spot-check.
LBL-000289,ALERT-EC4CABF1FC783811,S07,,S07-MAN-R001,safesoc-lnx-01,2026-05-14T21:48:24.570-0400,attack_like,supporting,manual_adversary_emulation,manual,manual,,,,,Defense Evasion/Persistence/Privilege Escalation/Initial Access,T1078,5501,PAM: Login session opened.,medium,Primary trigger evidence for S07-MAN-R001,Medium-confidence timestamp-derived label; retained after spot-check.
LBL-000290,ALERT-3A661FD73ED474F4,S07,,S07-MAN-R001,safesoc-lnx-01,2026-05-14T21:48:24.572-0400,attack_like,supporting,manual_adversary_emulation,manual,manual,,,,,Credential Access,T1110.001,5502,PAM: Login session closed.,medium,Primary trigger evidence for S07-MAN-R001,Medium-confidence timestamp-derived label; retained after spot-check.
LBL-000291,ALERT-78DDC2547A2138AC,S07,,S07-MAN-R001,safesoc-lnx-01,2026-05-14T21:48:24.870-0400,attack_like,supporting,manual_adversary_emulation,manual,manual,,,,,Privilege Escalation/Defense Evasion,T1548.003,5402,Successful sudo to ROOT executed.,medium,Primary trigger evidence for S07-MAN-R001,Medium-confidence timestamp-derived label; retained after spot-check.
LBL-000292,ALERT-1A4D337D9E1E3630,S07,,S07-MAN-R001,safesoc-lnx-01,2026-05-14T21:48:24.870-0400,attack_like,supporting,manual_adversary_emulation,manual,manual,,,,,Defense Evasion/Persistence/Privilege Escalation/Initial Access,T1078,5501,PAM: Login session opened.,medium,Primary trigger evidence for S07-MAN-R001,Medium-confidence timestamp-derived label; retained after spot-check.
LBL-000293,ALERT-47840C289D5FEC42,S07,,S07-MAN-R001,safesoc-lnx-01,2026-05-14T21:48:24.873-0400,attack_like,supporting,manual_adversary_emulation,manual,manual,,,,,Credential Access,T1110.001,5502,PAM: Login session closed.,medium,Primary trigger evidence for S07-MAN-R001,Medium-confidence timestamp-derived label; retained after spot-check.
LBL-000294,ALERT-DA19BBD1F2F23772,S07,,S07-MAN-R001,safesoc-lnx-01,2026-05-14T21:49:10.895-0400,attack_like,supporting,manual_adversary_emulation,manual,manual,,,,,Credential Access,T1110.001,5503,PAM: User login failed.,medium,Primary trigger evidence for S07-MAN-R001,Medium-confidence timestamp-derived label; retained after spot-check.
LBL-000295,ALERT-D011FF14D054B5C6,S07,,S07-MAN-R001,safesoc-lnx-01,2026-05-14T21:49:10.937-0400,attack_like,supporting,manual_adversary_emulation,manual,manual,,,,,Credential Access,T1110.001,5503,PAM: User login failed.,medium,Primary trigger evidence for S07-MAN-R001,Medium-confidence timestamp-derived label; retained after spot-check.
LBL-000296,ALERT-DC14E99B7429A350,S07,,S07-MAN-R001,safesoc-lnx-01,2026-05-14T21:49:14.583-0400,attack_like,supporting,manual_adversary_emulation,manual,manual,,,,,Credential Access/Lateral Movement,T1110.001/T1021.004,5760,sshd: authentication failed.,medium,Primary trigger evidence for S07-MAN-R001,Medium-confidence timestamp-derived label; retained after spot-check.
LBL-000297,ALERT-B6E6B4C249EE8C4B,S07,,S07-MAN-R001,safesoc-lnx-01,2026-05-14T21:49:14.896-0400,attack_like,supporting,manual_adversary_emulation,manual,manual,,,,,Credential Access/Lateral Movement,T1110.001/T1021.004,5760,sshd: authentication failed.,medium,Primary trigger evidence for S07-MAN-R001,Medium-confidence timestamp-derived label; retained after spot-check.
LBL-000298,ALERT-8637886942D256ED,S07,,S07-MAN-R001,safesoc-lnx-01,2026-05-14T21:49:16.896-0400,attack_like,supporting,manual_adversary_emulation,manual,manual,,,,,Credential Access/Lateral Movement,T1110.001/T1021.004,5760,sshd: authentication failed.,medium,Primary trigger evidence for S07-MAN-R001,Medium-confidence timestamp-derived label; retained after spot-check.
LBL-000299,ALERT-14B9A76E3575F0CD,S07,,S07-MAN-R001,safesoc-lnx-01,2026-05-14T21:49:20.897-0400,attack_like,supporting,manual_adversary_emulation,manual,manual,,,,,Credential Access/Lateral Movement,T1110.001/T1021.004,5760,sshd: authentication failed.,medium,Primary trigger evidence for S07-MAN-R001,Medium-confidence timestamp-derived label; retained after spot-check.
LBL-000300,ALERT-CDF636EC23F31EC2,S07,,S07-MAN-R001,safesoc-lnx-01,2026-05-14T21:49:20.900-0400,attack_like,supporting,manual_adversary_emulation,manual,manual,,,,,Credential Access,T1110,2502,syslog: User missed the password more than one time,medium,Primary trigger evidence for S07-MAN-R001,Medium-confidence timestamp-derived label; retained after spot-check.
LBL-000301,ALERT-E6CB8B15753257D7,S07,,S07-MAN-R001,safesoc-lnx-01,2026-05-14T21:49:20.902-0400,attack_like,supporting,manual_adversary_emulation,manual,manual,,,,,Credential Access/Lateral Movement,T1110.001/T1021.004,5760,sshd: authentication failed.,medium,Primary trigger evidence for S07-MAN-R001,Medium-confidence timestamp-derived label; retained after spot-check.
LBL-000302,ALERT-6ED4CE3012A0D207,S07,,S07-MAN-R001,safesoc-lnx-01,2026-05-14T21:49:20.907-0400,attack_like,supporting,manual_adversary_emulation,manual,manual,,,,,Credential Access,T1110,2502,syslog: User missed the password more than one time,medium,Primary trigger evidence for S07-MAN-R001,Medium-confidence timestamp-derived label; retained after spot-check.
LBL-000303,ALERT-E75C6E0B321AF020,S07,,S07-MAN-R001,safesoc-lnx-01,2026-05-14T21:49:36.595-0400,attack_like,supporting,manual_adversary_emulation,manual,manual,,,,,Privilege Escalation/Defense Evasion,T1548.003,5402,Successful sudo to ROOT executed.,medium,Primary trigger evidence for S07-MAN-R001,Medium-confidence timestamp-derived label; retained after spot-check.
LBL-000304,ALERT-EC70056564D5A652,S07,,S07-MAN-R001,safesoc-lnx-01,2026-05-14T21:49:36.637-0400,attack_like,supporting,manual_adversary_emulation,manual,manual,,,,,Defense Evasion/Persistence/Privilege Escalation/Initial Access,T1078,5501,PAM: Login session opened.,medium,Primary trigger evidence for S07-MAN-R001,Medium-confidence timestamp-derived label; retained after spot-check.
LBL-000305,ALERT-5BC74D7C56A3C47C,S07,,S07-MAN-R001,safesoc-lnx-01,2026-05-14T21:49:36.637-0400,attack_like,supporting,manual_adversary_emulation,manual,manual,,,,,Credential Access,T1110.001,5502,PAM: Login session closed.,medium,Primary trigger evidence for S07-MAN-R001,Medium-confidence timestamp-derived label; retained after spot-check.
LBL-000306,ALERT-0B5A26813C5A5B76,S07,,S07-MAN-R001,safesoc-lnx-01,2026-05-14T21:49:36.902-0400,attack_like,supporting,manual_adversary_emulation,manual,manual,,,,,Privilege Escalation/Defense Evasion,T1548.003,5402,Successful sudo to ROOT executed.,medium,Primary trigger evidence for S07-MAN-R001,Medium-confidence timestamp-derived label; retained after spot-check.
LBL-000307,ALERT-F65731C25ACFDC42,S07,,S07-MAN-R001,safesoc-lnx-01,2026-05-14T21:49:36.902-0400,attack_like,supporting,manual_adversary_emulation,manual,manual,,,,,Defense Evasion/Persistence/Privilege Escalation/Initial Access,T1078,5501,PAM: Login session opened.,medium,Primary trigger evidence for S07-MAN-R001,Medium-confidence timestamp-derived label; retained after spot-check.
LBL-000308,ALERT-37677A492E131114,S07,,S07-MAN-R001,safesoc-lnx-01,2026-05-14T21:49:36.905-0400,attack_like,supporting,manual_adversary_emulation,manual,manual,,,,,Credential Access,T1110.001,5502,PAM: Login session closed.,medium,Primary trigger evidence for S07-MAN-R001,Medium-confidence timestamp-derived label; retained after spot-check.
LBL-000309,ALERT-215232894CE9F86B,S07,,S07-MAN-R001,safesoc-lnx-01,2026-05-14T21:49:50.912-0400,attack_like,supporting,manual_adversary_emulation,manual,manual,,,,,Defense Evasion/Persistence/Privilege Escalation/Initial Access/Credential Access,T1078/T1110,40112,Multiple authentication failures followed by a success.,medium,Primary trigger evidence for S07-MAN-R001,Medium-confidence timestamp-derived label; retained after spot-check.
LBL-000310,ALERT-1B2B9D58954BE85D,S07,,S07-MAN-R001,safesoc-lnx-01,2026-05-14T21:49:50.927-0400,attack_like,supporting,manual_adversary_emulation,manual,manual,,,,,Defense Evasion/Persistence/Privilege Escalation/Initial Access,T1078,5501,PAM: Login session opened.,medium,Primary trigger evidence for S07-MAN-R001,Medium-confidence timestamp-derived label; retained after spot-check.
LBL-000311,ALERT-9767D74634A36B19,S07,,S07-MAN-R001,safesoc-lnx-01,2026-05-14T21:49:50.937-0400,attack_like,supporting,manual_adversary_emulation,manual,manual,,,,,Defense Evasion/Persistence/Privilege Escalation/Initial Access,T1078,5501,PAM: Login session opened.,medium,Primary trigger evidence for S07-MAN-R001,Medium-confidence timestamp-derived label; retained after spot-check.
LBL-000312,ALERT-228929E735F24711,S07,,S07-MAN-R001,safesoc-lnx-01,2026-05-14T21:49:50.937-0400,attack_like,supporting,manual_adversary_emulation,manual,manual,,,,,Defense Evasion/Persistence/Privilege Escalation/Initial Access/Credential Access,T1078/T1110,40112,Multiple authentication failures followed by a success.,medium,Primary trigger evidence for S07-MAN-R001,Medium-confidence timestamp-derived label; retained after spot-check.
LBL-000313,ALERT-265D00D8887681E3,S07,,S07-MAN-R001,safesoc-lnx-01,2026-05-14T21:49:54.607-0400,attack_like,supporting,manual_adversary_emulation,manual,manual,,,,,Credential Access,T1110.001,5502,PAM: Login session closed.,medium,Primary trigger evidence for S07-MAN-R001,Medium-confidence timestamp-derived label; retained after spot-check.
LBL-000314,ALERT-22F14DF0251575F6,S07,,S07-MAN-R001,safesoc-lnx-01,2026-05-14T21:49:54.920-0400,attack_like,supporting,manual_adversary_emulation,manual,manual,,,,,Credential Access,T1110.001,5502,PAM: Login session closed.,medium,Primary trigger evidence for S07-MAN-R001,Medium-confidence timestamp-derived label; retained after spot-check.
LBL-000315,ALERT-29A613460E37F06C,S07,,S07-MAN-R002,safesoc-lnx-01,2026-05-14T22:06:14.918-0400,attack_like,trigger,manual_adversary_emulation,manual,manual,,,,,Credential Access,T1110.001,5503,PAM: User login failed.,high,Primary trigger evidence for S07-MAN-R002,Reviewed during Sprint 8 QA. Primary trigger evidence retained.
LBL-000316,ALERT-7DBA59F42C6904C5,S07,,S07-MAN-R002,safesoc-lnx-01,2026-05-14T22:06:15.311-0400,attack_like,supporting,manual_adversary_emulation,manual,manual,,,,,Credential Access,T1110.001,5503,PAM: User login failed.,medium,Primary trigger evidence for S07-MAN-R002,Medium-confidence timestamp-derived label; retained after spot-check.
LBL-000317,ALERT-7A93CBD9D111C7D8,S07,,S07-MAN-R002,safesoc-lnx-01,2026-05-14T22:06:16.920-0400,attack_like,supporting,manual_adversary_emulation,manual,manual,,,,,Credential Access/Lateral Movement,T1110.001/T1021.004,5760,sshd: authentication failed.,medium,Primary trigger evidence for S07-MAN-R002,Medium-confidence timestamp-derived label; retained after spot-check.
LBL-000318,ALERT-16FA975EB0AA3A33,S07,,S07-MAN-R002,safesoc-lnx-01,2026-05-14T22:06:17.312-0400,attack_like,supporting,manual_adversary_emulation,manual,manual,,,,,Credential Access/Lateral Movement,T1110.001/T1021.004,5760,sshd: authentication failed.,medium,Primary trigger evidence for S07-MAN-R002,Medium-confidence timestamp-derived label; retained after spot-check.
LBL-000319,ALERT-C30E3D3B080848AF,S07,,S07-MAN-R002,safesoc-lnx-01,2026-05-14T22:06:23.314-0400,attack_like,supporting,manual_adversary_emulation,manual,manual,,,,,Credential Access/Lateral Movement,T1110.001/T1021.004,5760,sshd: authentication failed.,medium,Primary trigger evidence for S07-MAN-R002,Medium-confidence timestamp-derived label; retained after spot-check.
LBL-000320,ALERT-034911B6B4BB567B,S07,,S07-MAN-R002,safesoc-lnx-01,2026-05-14T22:06:26.924-0400,attack_like,supporting,manual_adversary_emulation,manual,manual,,,,,Credential Access/Lateral Movement,T1110.001/T1021.004,5760,sshd: authentication failed.,medium,Primary trigger evidence for S07-MAN-R002,Medium-confidence timestamp-derived label; retained after spot-check.
LBL-000321,ALERT-462BA5BD8ADC0E7F,S07,,S07-MAN-R002,safesoc-lnx-01,2026-05-14T22:06:26.935-0400,attack_like,supporting,manual_adversary_emulation,manual,manual,,,,,Credential Access,T1110,2502,syslog: User missed the password more than one time,medium,Primary trigger evidence for S07-MAN-R002,Medium-confidence timestamp-derived label; retained after spot-check.
LBL-000322,ALERT-9A27C4C50BFB4057,S07,,S07-MAN-R002,safesoc-lnx-01,2026-05-14T22:06:27.315-0400,attack_like,supporting,manual_adversary_emulation,manual,manual,,,,,Credential Access/Lateral Movement,T1110.001/T1021.004,5760,sshd: authentication failed.,medium,Primary trigger evidence for S07-MAN-R002,Medium-confidence timestamp-derived label; retained after spot-check.
LBL-000323,ALERT-BCAA83BC085A4BC6,S07,,S07-MAN-R002,safesoc-lnx-01,2026-05-14T22:06:27.317-0400,attack_like,supporting,manual_adversary_emulation,manual,manual,,,,,Credential Access,T1110,2502,syslog: User missed the password more than one time,medium,Primary trigger evidence for S07-MAN-R002,Medium-confidence timestamp-derived label; retained after spot-check.
LBL-000324,ALERT-590F590C31DF1C20,S08,,S08-MAN-R001,safesoc-lnx-01,2026-05-14T22:22:59.710-0400,attack_like,trigger,manual_adversary_emulation,manual,manual,,,,,Privilege Escalation/Defense Evasion,T1548.003,2501,syslog: User authentication failure.,high,Primary trigger evidence for S08-MAN-R001,Reviewed during Sprint 8 QA. Primary trigger evidence retained.
LBL-000325,ALERT-EB3E7AA36FA6DBCE,S08,,S08-MAN-R001,safesoc-lnx-01,2026-05-14T22:22:59.712-0400,attack_like,supporting,manual_adversary_emulation,manual,manual,,,,,Privilege Escalation/Defense Evasion,T1548.003,2501,syslog: User authentication failure.,medium,Primary trigger evidence for S08-MAN-R001,Medium-confidence timestamp-derived label; retained after spot-check.
LBL-000326,ALERT-194223BF77006246,S08,,S08-MAN-R001,safesoc-lnx-01,2026-05-14T22:23:13.287-0400,attack_like,trigger,manual_adversary_emulation,manual,manual,,,,,Privilege Escalation/Defense Evasion,T1548.003,100763,SafeAgentSOC S08 Linux sudo authentication scenario marker,high,Primary trigger evidence for S08-MAN-R001,Reviewed during Sprint 8 QA. Primary trigger evidence retained.
LBL-000327,ALERT-62E2E858CAB3F608,S08,,S08-MAN-R001,safesoc-lnx-01,2026-05-14T22:23:13.287-0400,attack_like,trigger,manual_adversary_emulation,manual,manual,,,,,Privilege Escalation/Defense Evasion,T1548.003,100760,SafeAgentSOC run start marker observed,high,Primary trigger evidence for S08-MAN-R001,Reviewed during Sprint 8 QA. Primary trigger evidence retained.
LBL-000328,ALERT-9A9E6FF74D5386F9,S08,,S08-MAN-R001,safesoc-lnx-01,2026-05-14T22:23:13.708-0400,attack_like,trigger,manual_adversary_emulation,manual,manual,,,,,Privilege Escalation/Defense Evasion,T1548.003,100760,SafeAgentSOC run start marker observed,high,Primary trigger evidence for S08-MAN-R001,Reviewed during Sprint 8 QA. Primary trigger evidence retained.
LBL-000329,ALERT-3E4C6DF06C67A67F,S08,,S08-MAN-R001,safesoc-lnx-01,2026-05-14T22:23:13.708-0400,attack_like,supporting,manual_adversary_emulation,manual,manual,,,,,Privilege Escalation/Defense Evasion,T1548.003,100763,SafeAgentSOC S08 Linux sudo authentication scenario marker,medium,Primary trigger evidence for S08-MAN-R001,Medium-confidence timestamp-derived label; retained after spot-check.
LBL-000330,ALERT-1DBD087D1580A107,S08,,S08-MAN-R001,safesoc-lnx-01,2026-05-14T22:23:15.288-0400,attack_like,supporting,manual_adversary_emulation,manual,manual,,,,,Credential Access,T1110.001,5503,PAM: User login failed.,medium,Primary trigger evidence for S08-MAN-R001,Medium-confidence timestamp-derived label; retained after spot-check.
LBL-000331,ALERT-F7DCC591FB5E1780,S08,,S08-MAN-R001,safesoc-lnx-01,2026-05-14T22:23:15.708-0400,attack_like,supporting,manual_adversary_emulation,manual,manual,,,,,Credential Access,T1110.001,5503,PAM: User login failed.,medium,Primary trigger evidence for S08-MAN-R001,Medium-confidence timestamp-derived label; retained after spot-check.
LBL-000332,ALERT-4BEF8BFBF786AF69,S08,,S08-MAN-R001,safesoc-lnx-01,2026-05-14T22:23:23.713-0400,attack_like,supporting,manual_adversary_emulation,manual,manual,,,,,Privilege Escalation/Defense Evasion,T1548.003,5401,Failed attempt to run sudo.,medium,Primary trigger evidence for S08-MAN-R001,Medium-confidence timestamp-derived label; retained after spot-check.
LBL-000333,ALERT-476B5C5EFEE0E695,S08,,S08-MAN-R001,safesoc-lnx-01,2026-05-14T22:23:23.721-0400,attack_like,supporting,manual_adversary_emulation,manual,manual,,,,,Privilege Escalation/Defense Evasion,T1548.003,5401,Failed attempt to run sudo.,medium,Primary trigger evidence for S08-MAN-R001,Medium-confidence timestamp-derived label; retained after spot-check.
LBL-000334,ALERT-6ABFC29702332E2C,S08,,S08-MAN-R001,safesoc-lnx-01,2026-05-14T22:23:29.712-0400,attack_like,supporting,manual_adversary_emulation,manual,manual,,,,,Privilege Escalation/Defense Evasion,T1548.003,5402,Successful sudo to ROOT executed.,medium,Primary trigger evidence for S08-MAN-R001,Medium-confidence timestamp-derived label; retained after spot-check.
LBL-000335,ALERT-54506003DC94EFA6,S08,,S08-MAN-R001,safesoc-lnx-01,2026-05-14T22:23:29.715-0400,attack_like,supporting,manual_adversary_emulation,manual,manual,,,,,Defense Evasion/Persistence/Privilege Escalation/Initial Access,T1078,5501,PAM: Login session opened.,medium,Primary trigger evidence for S08-MAN-R001,Medium-confidence timestamp-derived label; retained after spot-check.
LBL-000336,ALERT-13A0810F0BA1DEE3,S08,,S08-MAN-R001,safesoc-lnx-01,2026-05-14T22:23:29.717-0400,attack_like,supporting,manual_adversary_emulation,manual,manual,,,,,Privilege Escalation/Defense Evasion,T1548.003,5502,PAM: Login session closed.,medium,Primary trigger evidence for S08-MAN-R001,Medium-confidence timestamp-derived label; retained after spot-check.
LBL-000337,ALERT-74F19672743A6728,S08,,S08-MAN-R001,safesoc-lnx-01,2026-05-14T22:23:29.719-0400,attack_like,supporting,manual_adversary_emulation,manual,manual,,,,,Privilege Escalation/Defense Evasion,T1548.003,5402,Successful sudo to ROOT executed.,medium,Primary trigger evidence for S08-MAN-R001,Medium-confidence timestamp-derived label; retained after spot-check.
LBL-000338,ALERT-90E7A8712E8AFDC1,S08,,S08-MAN-R001,safesoc-lnx-01,2026-05-14T22:23:29.722-0400,attack_like,supporting,manual_adversary_emulation,manual,manual,,,,,Defense Evasion/Persistence/Privilege Escalation/Initial Access,T1078,5501,PAM: Login session opened.,medium,Primary trigger evidence for S08-MAN-R001,Medium-confidence timestamp-derived label; retained after spot-check.
LBL-000339,ALERT-E9772541DFAEF2BF,S08,,S08-MAN-R001,safesoc-lnx-01,2026-05-14T22:23:29.724-0400,attack_like,supporting,manual_adversary_emulation,manual,manual,,,,,Privilege Escalation/Defense Evasion,T1548.003,5502,PAM: Login session closed.,medium,Primary trigger evidence for S08-MAN-R001,Medium-confidence timestamp-derived label; retained after spot-check.
LBL-000340,ALERT-02DA7D8938F83C62,S08,,S08-MAN-R001,safesoc-lnx-01,2026-05-14T22:23:39.716-0400,attack_like,supporting,manual_adversary_emulation,manual,manual,,,,,Privilege Escalation/Defense Evasion,T1548.003,100761,SafeAgentSOC run end marker observed,medium,Primary trigger evidence for S08-MAN-R001,Medium-confidence timestamp-derived label; retained after spot-check.
LBL-000341,ALERT-404F7E3B12697218,S08,,S08-MAN-R001,safesoc-lnx-01,2026-05-14T22:23:39.723-0400,attack_like,supporting,manual_adversary_emulation,manual,manual,,,,,Privilege Escalation/Defense Evasion,T1548.003,100761,SafeAgentSOC run end marker observed,medium,Primary trigger evidence for S08-MAN-R001,Medium-confidence timestamp-derived label; retained after spot-check.
LBL-000342,ALERT-8BDF322C7D91F24D,S08,,S08-MAN-R002,safesoc-lnx-01,2026-05-14T22:39:33.566-0400,attack_like,trigger,manual_adversary_emulation,manual,manual,,,,,Credential Access,T1110.001,5503,PAM: User login failed.,high,Primary trigger evidence for S08-MAN-R002,Reviewed during Sprint 8 QA. Primary trigger evidence retained.
LBL-000343,ALERT-77E8E9497336FA3A,S08,,S08-MAN-R002,safesoc-lnx-01,2026-05-14T22:39:33.566-0400,attack_like,trigger,manual_adversary_emulation,manual,manual,,,,,Privilege Escalation/Defense Evasion,T1548.003,100760,SafeAgentSOC run start marker observed,high,Primary trigger evidence for S08-MAN-R002,Reviewed during Sprint 8 QA. Primary trigger evidence retained.
LBL-000344,ALERT-020D9218C34F59C1,S08,,S08-MAN-R002,safesoc-lnx-01,2026-05-14T22:39:33.569-0400,attack_like,trigger,manual_adversary_emulation,manual,manual,,,,,Privilege Escalation/Defense Evasion,T1548.003,100763,SafeAgentSOC S08 Linux sudo authentication scenario marker,high,Primary trigger evidence for S08-MAN-R002,Reviewed during Sprint 8 QA. Primary trigger evidence retained.
LBL-000345,ALERT-F37F25EB3CEA8D31,S08,,S08-MAN-R002,safesoc-lnx-01,2026-05-14T22:39:34.047-0400,attack_like,trigger,manual_adversary_emulation,manual,manual,,,,,Privilege Escalation/Defense Evasion,T1548.003,100763,SafeAgentSOC S08 Linux sudo authentication scenario marker,high,Primary trigger evidence for S08-MAN-R002,Reviewed during Sprint 8 QA. Primary trigger evidence retained.
LBL-000346,ALERT-1C935655C17C76E9,S08,,S08-MAN-R002,safesoc-lnx-01,2026-05-14T22:39:34.047-0400,attack_like,supporting,manual_adversary_emulation,manual,manual,,,,,Privilege Escalation/Defense Evasion,T1548.003,100760,SafeAgentSOC run start marker observed,medium,Primary trigger evidence for S08-MAN-R002,Medium-confidence timestamp-derived label; retained after spot-check.
LBL-000347,ALERT-36FBFCA16BEEB93C,S08,,S08-MAN-R002,safesoc-lnx-01,2026-05-14T22:39:34.051-0400,attack_like,supporting,manual_adversary_emulation,manual,manual,,,,,Credential Access,T1110.001,5503,PAM: User login failed.,medium,Primary trigger evidence for S08-MAN-R002,Medium-confidence timestamp-derived label; retained after spot-check.
LBL-000348,ALERT-E7AE2570DD702B2F,S08,,S08-MAN-R002,safesoc-lnx-01,2026-05-14T22:39:39.570-0400,attack_like,supporting,manual_adversary_emulation,manual,manual,,,,,Privilege Escalation/Defense Evasion,T1548.003,5401,Failed attempt to run sudo.,medium,Primary trigger evidence for S08-MAN-R002,Medium-confidence timestamp-derived label; retained after spot-check.
LBL-000349,ALERT-B4852305DEAA738A,S08,,S08-MAN-R002,safesoc-lnx-01,2026-05-14T22:39:40.051-0400,attack_like,supporting,manual_adversary_emulation,manual,manual,,,,,Privilege Escalation/Defense Evasion,T1548.003,5401,Failed attempt to run sudo.,medium,Primary trigger evidence for S08-MAN-R002,Medium-confidence timestamp-derived label; retained after spot-check.
LBL-000350,ALERT-C40A999449F7D932,S08,,S08-MAN-R002,safesoc-lnx-01,2026-05-14T22:39:44.052-0400,attack_like,supporting,manual_adversary_emulation,manual,manual,,,,,Privilege Escalation/Defense Evasion,T1548.003,100761,SafeAgentSOC run end marker observed,medium,Primary trigger evidence for S08-MAN-R002,Medium-confidence timestamp-derived label; retained after spot-check.
LBL-000351,ALERT-F1B7F067DC9A615C,S08,,S08-MAN-R002,safesoc-lnx-01,2026-05-14T22:39:44.060-0400,attack_like,supporting,manual_adversary_emulation,manual,manual,,,,,Privilege Escalation/Defense Evasion,T1548.003,100761,SafeAgentSOC run end marker observed,medium,Primary trigger evidence for S08-MAN-R002,Medium-confidence timestamp-derived label; retained after spot-check.
LBL-000352,ALERT-F6DB451F113D8CFB,S09,,S09-MAN-R001,safesoc-lnx-01,2026-05-14T22:55:45.867-0400,attack_like,trigger,manual_adversary_emulation,manual,manual,,,,,Discovery,T1082/T1033/T1016,100764,SafeAgentSOC S09 Linux discovery scenario marker,high,Primary trigger evidence for S09-MAN-R001,Reviewed during Sprint 8 QA. Primary trigger evidence retained.
LBL-000353,ALERT-CCCA00ACF4D50157,S09,,S09-MAN-R001,safesoc-lnx-01,2026-05-14T22:55:45.867-0400,attack_like,trigger,manual_adversary_emulation,manual,manual,,,,,Discovery,T1082/T1033/T1016,100760,SafeAgentSOC run start marker observed,high,Primary trigger evidence for S09-MAN-R001,Reviewed during Sprint 8 QA. Primary trigger evidence retained.
LBL-000354,ALERT-007B56490C6ABD4A,S09,,S09-MAN-R001,safesoc-lnx-01,2026-05-14T22:55:45.870-0400,attack_like,trigger,manual_adversary_emulation,manual,manual,,,,,Discovery,T1082/T1033/T1016,100761,SafeAgentSOC run end marker observed,high,Primary trigger evidence for S09-MAN-R001,Reviewed during Sprint 8 QA. Primary trigger evidence retained.
LBL-000355,ALERT-7E9380A15A35204D,S09,,S09-MAN-R001,safesoc-lnx-01,2026-05-14T22:55:45.913-0400,attack_like,trigger,manual_adversary_emulation,manual,manual,,,,,Discovery,T1057,92604,Processes running for all users were queried with ps command.,high,Primary trigger evidence for S09-MAN-R001,Reviewed during Sprint 8 QA. Primary trigger evidence retained.
LBL-000356,ALERT-AB02635D7760E878,S09,,S09-MAN-R001,safesoc-lnx-01,2026-05-14T22:55:46.377-0400,attack_like,supporting,manual_adversary_emulation,manual,manual,,,,,Discovery,T1082/T1033/T1016,100760,SafeAgentSOC run start marker observed,medium,Primary trigger evidence for S09-MAN-R001,Medium-confidence timestamp-derived label; retained after spot-check.
LBL-000357,ALERT-BACD3E3C0E124A84,S09,,S09-MAN-R001,safesoc-lnx-01,2026-05-14T22:55:46.377-0400,attack_like,supporting,manual_adversary_emulation,manual,manual,,,,,Discovery,T1082/T1033/T1016,100764,SafeAgentSOC S09 Linux discovery scenario marker,medium,Primary trigger evidence for S09-MAN-R001,Medium-confidence timestamp-derived label; retained after spot-check.
LBL-000358,ALERT-09222B9543654CEC,S09,,S09-MAN-R001,safesoc-lnx-01,2026-05-14T22:55:46.379-0400,attack_like,supporting,manual_adversary_emulation,manual,manual,,,,,Discovery,T1082/T1033/T1016,100761,SafeAgentSOC run end marker observed,medium,Primary trigger evidence for S09-MAN-R001,Medium-confidence timestamp-derived label; retained after spot-check.
LBL-000359,ALERT-4157B7B2C7472903,S09,,S09-MAN-R001,safesoc-lnx-01,2026-05-14T22:56:26.387-0400,attack_like,supporting,manual_adversary_emulation,manual,manual,,,,,Privilege Escalation/Defense Evasion,T1548.003,5402,Successful sudo to ROOT executed.,medium,Primary trigger evidence for S09-MAN-R001,Medium-confidence timestamp-derived label; retained after spot-check.
LBL-000360,ALERT-25300E4C30925CF9,S09,,S09-MAN-R001,safesoc-lnx-01,2026-05-14T22:56:26.388-0400,attack_like,supporting,manual_adversary_emulation,manual,manual,,,,,Defense Evasion/Persistence/Privilege Escalation/Initial Access,T1078,5501,PAM: Login session opened.,medium,Primary trigger evidence for S09-MAN-R001,Medium-confidence timestamp-derived label; retained after spot-check.
LBL-000361,ALERT-0D545D149C0C27C2,S09,,S09-MAN-R001,safesoc-lnx-01,2026-05-14T22:56:26.390-0400,attack_like,supporting,manual_adversary_emulation,manual,manual,,,,,Discovery,T1082/T1033/T1016,5502,PAM: Login session closed.,medium,Primary trigger evidence for S09-MAN-R001,Medium-confidence timestamp-derived label; retained after spot-check.
LBL-000362,ALERT-150FA5FB4ECF7E38,S09,,S09-MAN-R001,safesoc-lnx-01,2026-05-14T22:56:26.392-0400,attack_like,supporting,manual_adversary_emulation,manual,manual,,,,,Privilege Escalation/Defense Evasion,T1548.003,5402,Successful sudo to ROOT executed.,medium,Primary trigger evidence for S09-MAN-R001,Medium-confidence timestamp-derived label; retained after spot-check.
LBL-000363,ALERT-A4D31CF99995BF2D,S09,,S09-MAN-R001,safesoc-lnx-01,2026-05-14T22:56:26.394-0400,attack_like,supporting,manual_adversary_emulation,manual,manual,,,,,Defense Evasion/Persistence/Privilege Escalation/Initial Access,T1078,5501,PAM: Login session opened.,medium,Primary trigger evidence for S09-MAN-R001,Medium-confidence timestamp-derived label; retained after spot-check.
LBL-000364,ALERT-2E2868D6973ACFDB,S09,,S09-MAN-R001,safesoc-lnx-01,2026-05-14T22:56:26.396-0400,attack_like,supporting,manual_adversary_emulation,manual,manual,,,,,Discovery,T1082/T1033/T1016,5502,PAM: Login session closed.,medium,Primary trigger evidence for S09-MAN-R001,Medium-confidence timestamp-derived label; retained after spot-check.
LBL-000365,ALERT-CCA0A6BBD7E1C5FF,S09,,S09-MAN-R002,safesoc-lnx-01,2026-05-14T23:02:29.983-0400,attack_like,trigger,manual_adversary_emulation,manual,manual,,,,,Discovery,T1082/T1033/T1016,100764,SafeAgentSOC S09 Linux discovery scenario marker,high,Primary trigger evidence for S09-MAN-R002,Reviewed during Sprint 8 QA. Primary trigger evidence retained.
LBL-000366,ALERT-2CAC2FE2F7E944C7,S09,,S09-MAN-R002,safesoc-lnx-01,2026-05-14T23:02:29.983-0400,attack_like,trigger,manual_adversary_emulation,manual,manual,,,,,Discovery,T1082/T1033/T1016,100760,SafeAgentSOC run start marker observed,high,Primary trigger evidence for S09-MAN-R002,Reviewed during Sprint 8 QA. Primary trigger evidence retained.
LBL-000367,ALERT-D32E2C3F72683C3D,S09,,S09-MAN-R002,safesoc-lnx-01,2026-05-14T23:02:29.997-0400,attack_like,trigger,manual_adversary_emulation,manual,manual,,,,,Discovery,T1082/T1033/T1016,100761,SafeAgentSOC run end marker observed,high,Primary trigger evidence for S09-MAN-R002,Reviewed during Sprint 8 QA. Primary trigger evidence retained.
LBL-000368,ALERT-94C780327D1D63EF,S09,,S09-MAN-R002,safesoc-lnx-01,2026-05-14T23:02:30.498-0400,attack_like,trigger,manual_adversary_emulation,manual,manual,,,,,Discovery,T1082/T1033/T1016,100760,SafeAgentSOC run start marker observed,high,Primary trigger evidence for S09-MAN-R002,Reviewed during Sprint 8 QA. Primary trigger evidence retained.
LBL-000369,ALERT-E537FDFFD53889B2,S09,,S09-MAN-R002,safesoc-lnx-01,2026-05-14T23:02:30.498-0400,attack_like,supporting,manual_adversary_emulation,manual,manual,,,,,Discovery,T1082/T1033/T1016,100764,SafeAgentSOC S09 Linux discovery scenario marker,medium,Primary trigger evidence for S09-MAN-R002,Medium-confidence timestamp-derived label; retained after spot-check.
LBL-000370,ALERT-F0CF479E2445DA6F,S09,,S09-MAN-R002,safesoc-lnx-01,2026-05-14T23:02:30.510-0400,attack_like,supporting,manual_adversary_emulation,manual,manual,,,,,Discovery,T1082/T1033/T1016,100761,SafeAgentSOC run end marker observed,medium,Primary trigger evidence for S09-MAN-R002,Medium-confidence timestamp-derived label; retained after spot-check.
LBL-000371,ALERT-1633D25C528AC21C,S09,,S09-MAN-R002,safesoc-lnx-01,2026-05-14T23:04:13.598-0400,attack_like,supporting,manual_adversary_emulation,manual,manual,,,,,Discovery,T1082/T1033/T1016,554,File added to the system.,medium,Primary trigger evidence for S09-MAN-R002,Medium-confidence timestamp-derived label; retained after spot-check.
LBL-000372,ALERT-30733DDE88169F30,S09,,S09-MAN-R002,safesoc-lnx-01,2026-05-14T23:04:14.010-0400,attack_like,supporting,manual_adversary_emulation,manual,manual,,,,,Privilege Escalation/Defense Evasion,T1548.003,5402,Successful sudo to ROOT executed.,medium,Primary trigger evidence for S09-MAN-R002,Medium-confidence timestamp-derived label; retained after spot-check.
LBL-000373,ALERT-8799732B967FB730,S09,,S09-MAN-R002,safesoc-lnx-01,2026-05-14T23:04:14.010-0400,attack_like,supporting,manual_adversary_emulation,manual,manual,,,,,Defense Evasion/Persistence/Privilege Escalation/Initial Access,T1078,5501,PAM: Login session opened.,medium,Primary trigger evidence for S09-MAN-R002,Medium-confidence timestamp-derived label; retained after spot-check.
LBL-000374,ALERT-A86F8BE70ABAE69A,S09,,S09-MAN-R002,safesoc-lnx-01,2026-05-14T23:04:14.012-0400,attack_like,supporting,manual_adversary_emulation,manual,manual,,,,,Discovery,T1082/T1033/T1016,5502,PAM: Login session closed.,medium,Primary trigger evidence for S09-MAN-R002,Medium-confidence timestamp-derived label; retained after spot-check.
LBL-000375,ALERT-1C1A11420A838A17,S09,,S09-MAN-R002,safesoc-lnx-01,2026-05-14T23:04:14.014-0400,attack_like,supporting,manual_adversary_emulation,manual,manual,,,,,Privilege Escalation/Defense Evasion,T1548.003,5402,Successful sudo to ROOT executed.,medium,Primary trigger evidence for S09-MAN-R002,Medium-confidence timestamp-derived label; retained after spot-check.
LBL-000376,ALERT-D7FDAC9E31901D37,S09,,S09-MAN-R002,safesoc-lnx-01,2026-05-14T23:04:14.016-0400,attack_like,supporting,manual_adversary_emulation,manual,manual,,,,,Defense Evasion/Persistence/Privilege Escalation/Initial Access,T1078,5501,PAM: Login session opened.,medium,Primary trigger evidence for S09-MAN-R002,Medium-confidence timestamp-derived label; retained after spot-check.
LBL-000377,ALERT-627468661415508F,S09,,S09-MAN-R002,safesoc-lnx-01,2026-05-14T23:04:14.019-0400,attack_like,supporting,manual_adversary_emulation,manual,manual,,,,,Discovery,T1082/T1033/T1016,5502,PAM: Login session closed.,medium,Primary trigger evidence for S09-MAN-R002,Medium-confidence timestamp-derived label; retained after spot-check.
LBL-000378,ALERT-88DA314F350F7925,S09,,S09-MAN-R002,safesoc-lnx-01,2026-05-14T23:04:14.022-0400,attack_like,supporting,manual_adversary_emulation,manual,manual,,,,,Privilege Escalation/Defense Evasion,T1548.003,5402,Successful sudo to ROOT executed.,medium,Primary trigger evidence for S09-MAN-R002,Medium-confidence timestamp-derived label; retained after spot-check.
LBL-000379,ALERT-63E1506B000800FA,S09,,S09-MAN-R002,safesoc-lnx-01,2026-05-14T23:04:14.024-0400,attack_like,supporting,manual_adversary_emulation,manual,manual,,,,,Defense Evasion/Persistence/Privilege Escalation/Initial Access,T1078,5501,PAM: Login session opened.,medium,Primary trigger evidence for S09-MAN-R002,Medium-confidence timestamp-derived label; retained after spot-check.
LBL-000380,ALERT-AAE9F598E668B630,S09,,S09-MAN-R002,safesoc-lnx-01,2026-05-14T23:04:14.026-0400,attack_like,supporting,manual_adversary_emulation,manual,manual,,,,,Discovery,T1082/T1033/T1016,5502,PAM: Login session closed.,medium,Primary trigger evidence for S09-MAN-R002,Medium-confidence timestamp-derived label; retained after spot-check.
LBL-000381,ALERT-3701B3C2571AFF94,S09,,S09-MAN-R002,safesoc-lnx-01,2026-05-14T23:04:14.029-0400,attack_like,supporting,manual_adversary_emulation,manual,manual,,,,,Privilege Escalation/Defense Evasion,T1548.003,5402,Successful sudo to ROOT executed.,medium,Primary trigger evidence for S09-MAN-R002,Medium-confidence timestamp-derived label; retained after spot-check.
LBL-000382,ALERT-FBEE6AD5A558C5FE,S09,,S09-MAN-R002,safesoc-lnx-01,2026-05-14T23:04:14.032-0400,attack_like,supporting,manual_adversary_emulation,manual,manual,,,,,Defense Evasion/Persistence/Privilege Escalation/Initial Access,T1078,5501,PAM: Login session opened.,medium,Primary trigger evidence for S09-MAN-R002,Medium-confidence timestamp-derived label; retained after spot-check.
LBL-000383,ALERT-FA3FD4B2941B0642,S09,,S09-MAN-R002,safesoc-lnx-01,2026-05-14T23:04:14.034-0400,attack_like,supporting,manual_adversary_emulation,manual,manual,,,,,Discovery,T1082/T1033/T1016,5502,PAM: Login session closed.,medium,Primary trigger evidence for S09-MAN-R002,Medium-confidence timestamp-derived label; retained after spot-check.
LBL-000384,ALERT-CA78BB173E271C81,S09,,S09-MAN-R002,safesoc-lnx-01,2026-05-14T23:04:14.036-0400,attack_like,supporting,manual_adversary_emulation,manual,manual,,,,,Discovery,T1082/T1033/T1016,100760,SafeAgentSOC run start marker observed,medium,Primary trigger evidence for S09-MAN-R002,Medium-confidence timestamp-derived label; retained after spot-check.
LBL-000385,ALERT-24A91EC62FBDE9D9,S09,,S09-MAN-R002,safesoc-lnx-01,2026-05-14T23:04:14.040-0400,attack_like,supporting,manual_adversary_emulation,manual,manual,,,,,Execution/Persistence/Privilege Escalation,T1053.003,100765,SafeAgentSOC S10 Linux cron marker scenario,medium,Primary trigger evidence for S09-MAN-R002,Medium-confidence timestamp-derived label; retained after spot-check.
LBL-000386,ALERT-51C21D7433411002,S09,,S09-MAN-R002,safesoc-lnx-01,2026-05-14T23:04:14.044-0400,attack_like,supporting,manual_adversary_emulation,manual,manual,,,,,Discovery,T1082/T1033/T1016,100761,SafeAgentSOC run end marker observed,medium,Primary trigger evidence for S09-MAN-R002,Medium-confidence timestamp-derived label; retained after spot-check.
LBL-000387,ALERT-DB76E45176C37092,S09,,S09-MAN-R002,safesoc-lnx-01,2026-05-14T23:04:14.541-0400,attack_like,supporting,manual_adversary_emulation,manual,manual,,,,,Discovery,T1082/T1033/T1016,100760,SafeAgentSOC run start marker observed,medium,Primary trigger evidence for S09-MAN-R002,Medium-confidence timestamp-derived label; retained after spot-check.
LBL-000388,ALERT-4F7A5D508C67A0A2,S09,,S09-MAN-R002,safesoc-lnx-01,2026-05-14T23:04:14.541-0400,attack_like,supporting,manual_adversary_emulation,manual,manual,,,,,Execution/Persistence/Privilege Escalation,T1053.003,100765,SafeAgentSOC S10 Linux cron marker scenario,medium,Primary trigger evidence for S09-MAN-R002,Medium-confidence timestamp-derived label; retained after spot-check.
LBL-000389,ALERT-D76CD3E66B909AAA,S09,,S09-MAN-R002,safesoc-lnx-01,2026-05-14T23:04:14.545-0400,attack_like,supporting,manual_adversary_emulation,manual,manual,,,,,Privilege Escalation/Defense Evasion,T1548.003,5402,Successful sudo to ROOT executed.,medium,Primary trigger evidence for S09-MAN-R002,Medium-confidence timestamp-derived label; retained after spot-check.
LBL-000390,ALERT-83B44B95E60B6585,S09,,S09-MAN-R002,safesoc-lnx-01,2026-05-14T23:04:14.548-0400,attack_like,supporting,manual_adversary_emulation,manual,manual,,,,,Defense Evasion/Persistence/Privilege Escalation/Initial Access,T1078,5501,PAM: Login session opened.,medium,Primary trigger evidence for S09-MAN-R002,Medium-confidence timestamp-derived label; retained after spot-check.
LBL-000391,ALERT-386FEC849F23D138,S09,,S09-MAN-R002,safesoc-lnx-01,2026-05-14T23:04:14.550-0400,attack_like,supporting,manual_adversary_emulation,manual,manual,,,,,Discovery,T1082/T1033/T1016,5502,PAM: Login session closed.,medium,Primary trigger evidence for S09-MAN-R002,Medium-confidence timestamp-derived label; retained after spot-check.
LBL-000392,ALERT-B88C00DF957BC148,S09,,S09-MAN-R002,safesoc-lnx-01,2026-05-14T23:04:14.553-0400,attack_like,supporting,manual_adversary_emulation,manual,manual,,,,,Privilege Escalation/Defense Evasion,T1548.003,5402,Successful sudo to ROOT executed.,medium,Primary trigger evidence for S09-MAN-R002,Medium-confidence timestamp-derived label; retained after spot-check.
LBL-000393,ALERT-C21CEAE28A9CE4C1,S09,,S09-MAN-R002,safesoc-lnx-01,2026-05-14T23:04:14.556-0400,attack_like,supporting,manual_adversary_emulation,manual,manual,,,,,Defense Evasion/Persistence/Privilege Escalation/Initial Access,T1078,5501,PAM: Login session opened.,medium,Primary trigger evidence for S09-MAN-R002,Medium-confidence timestamp-derived label; retained after spot-check.
LBL-000394,ALERT-EF0884FCFAF4CF26,S09,,S09-MAN-R002,safesoc-lnx-01,2026-05-14T23:04:14.558-0400,attack_like,supporting,manual_adversary_emulation,manual,manual,,,,,Discovery,T1082/T1033/T1016,5502,PAM: Login session closed.,medium,Primary trigger evidence for S09-MAN-R002,Medium-confidence timestamp-derived label; retained after spot-check.
LBL-000395,ALERT-9E62F2C2DE8222C1,S09,,S09-MAN-R002,safesoc-lnx-01,2026-05-14T23:04:14.560-0400,attack_like,supporting,manual_adversary_emulation,manual,manual,,,,,Privilege Escalation/Defense Evasion,T1548.003,5402,Successful sudo to ROOT executed.,medium,Primary trigger evidence for S09-MAN-R002,Medium-confidence timestamp-derived label; retained after spot-check.
LBL-000396,ALERT-DE01D26C61A51554,S09,,S09-MAN-R002,safesoc-lnx-01,2026-05-14T23:04:14.562-0400,attack_like,supporting,manual_adversary_emulation,manual,manual,,,,,Defense Evasion/Persistence/Privilege Escalation/Initial Access,T1078,5501,PAM: Login session opened.,medium,Primary trigger evidence for S09-MAN-R002,Medium-confidence timestamp-derived label; retained after spot-check.
LBL-000397,ALERT-655BF23B2B8DF1AA,S09,,S09-MAN-R002,safesoc-lnx-01,2026-05-14T23:04:14.565-0400,attack_like,supporting,manual_adversary_emulation,manual,manual,,,,,Discovery,T1082/T1033/T1016,5502,PAM: Login session closed.,medium,Primary trigger evidence for S09-MAN-R002,Medium-confidence timestamp-derived label; retained after spot-check.
LBL-000398,ALERT-9565A462A8FB98AC,S09,,S09-MAN-R002,safesoc-lnx-01,2026-05-14T23:04:14.568-0400,attack_like,supporting,manual_adversary_emulation,manual,manual,,,,,Privilege Escalation/Defense Evasion,T1548.003,5402,Successful sudo to ROOT executed.,medium,Primary trigger evidence for S09-MAN-R002,Medium-confidence timestamp-derived label; retained after spot-check.
LBL-000399,ALERT-DCAA33FE76D48242,S09,,S09-MAN-R002,safesoc-lnx-01,2026-05-14T23:04:14.571-0400,attack_like,supporting,manual_adversary_emulation,manual,manual,,,,,Defense Evasion/Persistence/Privilege Escalation/Initial Access,T1078,5501,PAM: Login session opened.,medium,Primary trigger evidence for S09-MAN-R002,Medium-confidence timestamp-derived label; retained after spot-check.
LBL-000400,ALERT-37324340E33FF18D,S09,,S09-MAN-R002,safesoc-lnx-01,2026-05-14T23:04:14.573-0400,attack_like,supporting,manual_adversary_emulation,manual,manual,,,,,Discovery,T1082/T1033/T1016,5502,PAM: Login session closed.,medium,Primary trigger evidence for S09-MAN-R002,Medium-confidence timestamp-derived label; retained after spot-check.
LBL-000401,ALERT-8875603CC22FA59D,S09,,S09-MAN-R002,safesoc-lnx-01,2026-05-14T23:04:14.576-0400,attack_like,supporting,manual_adversary_emulation,manual,manual,,,,,Discovery,T1082/T1033/T1016,100761,SafeAgentSOC run end marker observed,medium,Primary trigger evidence for S09-MAN-R002,Medium-confidence timestamp-derived label; retained after spot-check.
LBL-000402,ALERT-CCA0A6BBD7E1C5FF,S10,,S10-MAN-R001,safesoc-lnx-01,2026-05-14T23:02:29.983-0400,attack_like,duplicate,manual_adversary_emulation,manual,manual,,,,,Discovery,T1082/T1033/T1016,100764,SafeAgentSOC S09 Linux discovery scenario marker,medium,Primary trigger evidence for S10-MAN-R001,Reviewed during Sprint 8 QA. Duplicate correlation reference retained for overlap and alert-fatigue analysis.
LBL-000403,ALERT-2CAC2FE2F7E944C7,S10,,S10-MAN-R001,safesoc-lnx-01,2026-05-14T23:02:29.983-0400,attack_like,duplicate,manual_adversary_emulation,manual,manual,,,,,Persistence,T1053.003,100760,SafeAgentSOC run start marker observed,medium,Primary trigger evidence for S10-MAN-R001,Reviewed during Sprint 8 QA. Duplicate correlation reference retained for overlap and alert-fatigue analysis.
LBL-000404,ALERT-D32E2C3F72683C3D,S10,,S10-MAN-R001,safesoc-lnx-01,2026-05-14T23:02:29.997-0400,attack_like,duplicate,manual_adversary_emulation,manual,manual,,,,,Persistence,T1053.003,100761,SafeAgentSOC run end marker observed,medium,Primary trigger evidence for S10-MAN-R001,Reviewed during Sprint 8 QA. Duplicate correlation reference retained for overlap and alert-fatigue analysis.
LBL-000405,ALERT-94C780327D1D63EF,S10,,S10-MAN-R001,safesoc-lnx-01,2026-05-14T23:02:30.498-0400,attack_like,duplicate,manual_adversary_emulation,manual,manual,,,,,Persistence,T1053.003,100760,SafeAgentSOC run start marker observed,medium,Primary trigger evidence for S10-MAN-R001,Reviewed during Sprint 8 QA. Duplicate correlation reference retained for overlap and alert-fatigue analysis.
LBL-000406,ALERT-E537FDFFD53889B2,S10,,S10-MAN-R001,safesoc-lnx-01,2026-05-14T23:02:30.498-0400,attack_like,duplicate,manual_adversary_emulation,manual,manual,,,,,Discovery,T1082/T1033/T1016,100764,SafeAgentSOC S09 Linux discovery scenario marker,medium,Primary trigger evidence for S10-MAN-R001,Reviewed during Sprint 8 QA. Duplicate correlation reference retained for overlap and alert-fatigue analysis.
LBL-000407,ALERT-F0CF479E2445DA6F,S10,,S10-MAN-R001,safesoc-lnx-01,2026-05-14T23:02:30.510-0400,attack_like,duplicate,manual_adversary_emulation,manual,manual,,,,,Persistence,T1053.003,100761,SafeAgentSOC run end marker observed,medium,Primary trigger evidence for S10-MAN-R001,Reviewed during Sprint 8 QA. Duplicate correlation reference retained for overlap and alert-fatigue analysis.
LBL-000408,ALERT-1633D25C528AC21C,S10,,S10-MAN-R001,safesoc-lnx-01,2026-05-14T23:04:13.598-0400,attack_like,duplicate,manual_adversary_emulation,manual,manual,,,,,Persistence,T1053.003,554,File added to the system.,medium,Primary trigger evidence for S10-MAN-R001,Reviewed during Sprint 8 QA. Duplicate correlation reference retained for overlap and alert-fatigue analysis.
LBL-000409,ALERT-30733DDE88169F30,S10,,S10-MAN-R001,safesoc-lnx-01,2026-05-14T23:04:14.010-0400,attack_like,duplicate,manual_adversary_emulation,manual,manual,,,,,Privilege Escalation/Defense Evasion,T1548.003,5402,Successful sudo to ROOT executed.,medium,Primary trigger evidence for S10-MAN-R001,Reviewed during Sprint 8 QA. Duplicate correlation reference retained for overlap and alert-fatigue analysis.
LBL-000410,ALERT-8799732B967FB730,S10,,S10-MAN-R001,safesoc-lnx-01,2026-05-14T23:04:14.010-0400,attack_like,duplicate,manual_adversary_emulation,manual,manual,,,,,Defense Evasion/Persistence/Privilege Escalation/Initial Access,T1078,5501,PAM: Login session opened.,medium,Primary trigger evidence for S10-MAN-R001,Reviewed during Sprint 8 QA. Duplicate correlation reference retained for overlap and alert-fatigue analysis.
LBL-000411,ALERT-A86F8BE70ABAE69A,S10,,S10-MAN-R001,safesoc-lnx-01,2026-05-14T23:04:14.012-0400,attack_like,duplicate,manual_adversary_emulation,manual,manual,,,,,Persistence,T1053.003,5502,PAM: Login session closed.,medium,Primary trigger evidence for S10-MAN-R001,Reviewed during Sprint 8 QA. Duplicate correlation reference retained for overlap and alert-fatigue analysis.
LBL-000412,ALERT-1C1A11420A838A17,S10,,S10-MAN-R001,safesoc-lnx-01,2026-05-14T23:04:14.014-0400,attack_like,duplicate,manual_adversary_emulation,manual,manual,,,,,Privilege Escalation/Defense Evasion,T1548.003,5402,Successful sudo to ROOT executed.,medium,Primary trigger evidence for S10-MAN-R001,Reviewed during Sprint 8 QA. Duplicate correlation reference retained for overlap and alert-fatigue analysis.
LBL-000413,ALERT-D7FDAC9E31901D37,S10,,S10-MAN-R001,safesoc-lnx-01,2026-05-14T23:04:14.016-0400,attack_like,duplicate,manual_adversary_emulation,manual,manual,,,,,Defense Evasion/Persistence/Privilege Escalation/Initial Access,T1078,5501,PAM: Login session opened.,medium,Primary trigger evidence for S10-MAN-R001,Reviewed during Sprint 8 QA. Duplicate correlation reference retained for overlap and alert-fatigue analysis.
LBL-000414,ALERT-627468661415508F,S10,,S10-MAN-R001,safesoc-lnx-01,2026-05-14T23:04:14.019-0400,attack_like,duplicate,manual_adversary_emulation,manual,manual,,,,,Persistence,T1053.003,5502,PAM: Login session closed.,medium,Primary trigger evidence for S10-MAN-R001,Reviewed during Sprint 8 QA. Duplicate correlation reference retained for overlap and alert-fatigue analysis.
LBL-000415,ALERT-88DA314F350F7925,S10,,S10-MAN-R001,safesoc-lnx-01,2026-05-14T23:04:14.022-0400,attack_like,duplicate,manual_adversary_emulation,manual,manual,,,,,Privilege Escalation/Defense Evasion,T1548.003,5402,Successful sudo to ROOT executed.,medium,Primary trigger evidence for S10-MAN-R001,Reviewed during Sprint 8 QA. Duplicate correlation reference retained for overlap and alert-fatigue analysis.
LBL-000416,ALERT-63E1506B000800FA,S10,,S10-MAN-R001,safesoc-lnx-01,2026-05-14T23:04:14.024-0400,attack_like,duplicate,manual_adversary_emulation,manual,manual,,,,,Defense Evasion/Persistence/Privilege Escalation/Initial Access,T1078,5501,PAM: Login session opened.,medium,Primary trigger evidence for S10-MAN-R001,Reviewed during Sprint 8 QA. Duplicate correlation reference retained for overlap and alert-fatigue analysis.
LBL-000417,ALERT-AAE9F598E668B630,S10,,S10-MAN-R001,safesoc-lnx-01,2026-05-14T23:04:14.026-0400,attack_like,duplicate,manual_adversary_emulation,manual,manual,,,,,Persistence,T1053.003,5502,PAM: Login session closed.,medium,Primary trigger evidence for S10-MAN-R001,Reviewed during Sprint 8 QA. Duplicate correlation reference retained for overlap and alert-fatigue analysis.
LBL-000418,ALERT-3701B3C2571AFF94,S10,,S10-MAN-R001,safesoc-lnx-01,2026-05-14T23:04:14.029-0400,attack_like,duplicate,manual_adversary_emulation,manual,manual,,,,,Privilege Escalation/Defense Evasion,T1548.003,5402,Successful sudo to ROOT executed.,medium,Primary trigger evidence for S10-MAN-R001,Reviewed during Sprint 8 QA. Duplicate correlation reference retained for overlap and alert-fatigue analysis.
LBL-000419,ALERT-FBEE6AD5A558C5FE,S10,,S10-MAN-R001,safesoc-lnx-01,2026-05-14T23:04:14.032-0400,attack_like,duplicate,manual_adversary_emulation,manual,manual,,,,,Defense Evasion/Persistence/Privilege Escalation/Initial Access,T1078,5501,PAM: Login session opened.,medium,Primary trigger evidence for S10-MAN-R001,Reviewed during Sprint 8 QA. Duplicate correlation reference retained for overlap and alert-fatigue analysis.
LBL-000420,ALERT-FA3FD4B2941B0642,S10,,S10-MAN-R001,safesoc-lnx-01,2026-05-14T23:04:14.034-0400,attack_like,duplicate,manual_adversary_emulation,manual,manual,,,,,Persistence,T1053.003,5502,PAM: Login session closed.,medium,Primary trigger evidence for S10-MAN-R001,Reviewed during Sprint 8 QA. Duplicate correlation reference retained for overlap and alert-fatigue analysis.
LBL-000421,ALERT-CA78BB173E271C81,S10,,S10-MAN-R001,safesoc-lnx-01,2026-05-14T23:04:14.036-0400,attack_like,duplicate,manual_adversary_emulation,manual,manual,,,,,Persistence,T1053.003,100760,SafeAgentSOC run start marker observed,medium,Primary trigger evidence for S10-MAN-R001,Reviewed during Sprint 8 QA. Duplicate correlation reference retained for overlap and alert-fatigue analysis.
LBL-000422,ALERT-24A91EC62FBDE9D9,S10,,S10-MAN-R001,safesoc-lnx-01,2026-05-14T23:04:14.040-0400,attack_like,duplicate,manual_adversary_emulation,manual,manual,,,,,Execution/Persistence/Privilege Escalation,T1053.003,100765,SafeAgentSOC S10 Linux cron marker scenario,medium,Primary trigger evidence for S10-MAN-R001,Reviewed during Sprint 8 QA. Duplicate correlation reference retained for overlap and alert-fatigue analysis.
LBL-000423,ALERT-51C21D7433411002,S10,,S10-MAN-R001,safesoc-lnx-01,2026-05-14T23:04:14.044-0400,attack_like,duplicate,manual_adversary_emulation,manual,manual,,,,,Persistence,T1053.003,100761,SafeAgentSOC run end marker observed,medium,Primary trigger evidence for S10-MAN-R001,Reviewed during Sprint 8 QA. Duplicate correlation reference retained for overlap and alert-fatigue analysis.
LBL-000424,ALERT-DB76E45176C37092,S10,,S10-MAN-R001,safesoc-lnx-01,2026-05-14T23:04:14.541-0400,attack_like,duplicate,manual_adversary_emulation,manual,manual,,,,,Persistence,T1053.003,100760,SafeAgentSOC run start marker observed,medium,Primary trigger evidence for S10-MAN-R001,Reviewed during Sprint 8 QA. Duplicate correlation reference retained for overlap and alert-fatigue analysis.
LBL-000425,ALERT-4F7A5D508C67A0A2,S10,,S10-MAN-R001,safesoc-lnx-01,2026-05-14T23:04:14.541-0400,attack_like,duplicate,manual_adversary_emulation,manual,manual,,,,,Execution/Persistence/Privilege Escalation,T1053.003,100765,SafeAgentSOC S10 Linux cron marker scenario,medium,Primary trigger evidence for S10-MAN-R001,Reviewed during Sprint 8 QA. Duplicate correlation reference retained for overlap and alert-fatigue analysis.
LBL-000426,ALERT-D76CD3E66B909AAA,S10,,S10-MAN-R001,safesoc-lnx-01,2026-05-14T23:04:14.545-0400,attack_like,duplicate,manual_adversary_emulation,manual,manual,,,,,Privilege Escalation/Defense Evasion,T1548.003,5402,Successful sudo to ROOT executed.,medium,Primary trigger evidence for S10-MAN-R001,Reviewed during Sprint 8 QA. Duplicate correlation reference retained for overlap and alert-fatigue analysis.
LBL-000427,ALERT-83B44B95E60B6585,S10,,S10-MAN-R001,safesoc-lnx-01,2026-05-14T23:04:14.548-0400,attack_like,duplicate,manual_adversary_emulation,manual,manual,,,,,Defense Evasion/Persistence/Privilege Escalation/Initial Access,T1078,5501,PAM: Login session opened.,medium,Primary trigger evidence for S10-MAN-R001,Reviewed during Sprint 8 QA. Duplicate correlation reference retained for overlap and alert-fatigue analysis.
LBL-000428,ALERT-386FEC849F23D138,S10,,S10-MAN-R001,safesoc-lnx-01,2026-05-14T23:04:14.550-0400,attack_like,duplicate,manual_adversary_emulation,manual,manual,,,,,Persistence,T1053.003,5502,PAM: Login session closed.,medium,Primary trigger evidence for S10-MAN-R001,Reviewed during Sprint 8 QA. Duplicate correlation reference retained for overlap and alert-fatigue analysis.
LBL-000429,ALERT-B88C00DF957BC148,S10,,S10-MAN-R001,safesoc-lnx-01,2026-05-14T23:04:14.553-0400,attack_like,duplicate,manual_adversary_emulation,manual,manual,,,,,Privilege Escalation/Defense Evasion,T1548.003,5402,Successful sudo to ROOT executed.,medium,Primary trigger evidence for S10-MAN-R001,Reviewed during Sprint 8 QA. Duplicate correlation reference retained for overlap and alert-fatigue analysis.
LBL-000430,ALERT-C21CEAE28A9CE4C1,S10,,S10-MAN-R001,safesoc-lnx-01,2026-05-14T23:04:14.556-0400,attack_like,duplicate,manual_adversary_emulation,manual,manual,,,,,Defense Evasion/Persistence/Privilege Escalation/Initial Access,T1078,5501,PAM: Login session opened.,medium,Primary trigger evidence for S10-MAN-R001,Reviewed during Sprint 8 QA. Duplicate correlation reference retained for overlap and alert-fatigue analysis.
LBL-000431,ALERT-EF0884FCFAF4CF26,S10,,S10-MAN-R001,safesoc-lnx-01,2026-05-14T23:04:14.558-0400,attack_like,duplicate,manual_adversary_emulation,manual,manual,,,,,Persistence,T1053.003,5502,PAM: Login session closed.,medium,Primary trigger evidence for S10-MAN-R001,Reviewed during Sprint 8 QA. Duplicate correlation reference retained for overlap and alert-fatigue analysis.
LBL-000432,ALERT-9E62F2C2DE8222C1,S10,,S10-MAN-R001,safesoc-lnx-01,2026-05-14T23:04:14.560-0400,attack_like,duplicate,manual_adversary_emulation,manual,manual,,,,,Privilege Escalation/Defense Evasion,T1548.003,5402,Successful sudo to ROOT executed.,medium,Primary trigger evidence for S10-MAN-R001,Reviewed during Sprint 8 QA. Duplicate correlation reference retained for overlap and alert-fatigue analysis.
LBL-000433,ALERT-DE01D26C61A51554,S10,,S10-MAN-R001,safesoc-lnx-01,2026-05-14T23:04:14.562-0400,attack_like,duplicate,manual_adversary_emulation,manual,manual,,,,,Defense Evasion/Persistence/Privilege Escalation/Initial Access,T1078,5501,PAM: Login session opened.,medium,Primary trigger evidence for S10-MAN-R001,Reviewed during Sprint 8 QA. Duplicate correlation reference retained for overlap and alert-fatigue analysis.
LBL-000434,ALERT-655BF23B2B8DF1AA,S10,,S10-MAN-R001,safesoc-lnx-01,2026-05-14T23:04:14.565-0400,attack_like,duplicate,manual_adversary_emulation,manual,manual,,,,,Persistence,T1053.003,5502,PAM: Login session closed.,medium,Primary trigger evidence for S10-MAN-R001,Reviewed during Sprint 8 QA. Duplicate correlation reference retained for overlap and alert-fatigue analysis.
LBL-000435,ALERT-9565A462A8FB98AC,S10,,S10-MAN-R001,safesoc-lnx-01,2026-05-14T23:04:14.568-0400,attack_like,duplicate,manual_adversary_emulation,manual,manual,,,,,Privilege Escalation/Defense Evasion,T1548.003,5402,Successful sudo to ROOT executed.,medium,Primary trigger evidence for S10-MAN-R001,Reviewed during Sprint 8 QA. Duplicate correlation reference retained for overlap and alert-fatigue analysis.
LBL-000436,ALERT-DCAA33FE76D48242,S10,,S10-MAN-R001,safesoc-lnx-01,2026-05-14T23:04:14.571-0400,attack_like,duplicate,manual_adversary_emulation,manual,manual,,,,,Defense Evasion/Persistence/Privilege Escalation/Initial Access,T1078,5501,PAM: Login session opened.,medium,Primary trigger evidence for S10-MAN-R001,Reviewed during Sprint 8 QA. Duplicate correlation reference retained for overlap and alert-fatigue analysis.
LBL-000437,ALERT-37324340E33FF18D,S10,,S10-MAN-R001,safesoc-lnx-01,2026-05-14T23:04:14.573-0400,attack_like,duplicate,manual_adversary_emulation,manual,manual,,,,,Persistence,T1053.003,5502,PAM: Login session closed.,medium,Primary trigger evidence for S10-MAN-R001,Reviewed during Sprint 8 QA. Duplicate correlation reference retained for overlap and alert-fatigue analysis.
LBL-000438,ALERT-8875603CC22FA59D,S10,,S10-MAN-R001,safesoc-lnx-01,2026-05-14T23:04:14.576-0400,attack_like,duplicate,manual_adversary_emulation,manual,manual,,,,,Persistence,T1053.003,100761,SafeAgentSOC run end marker observed,medium,Primary trigger evidence for S10-MAN-R001,Reviewed during Sprint 8 QA. Duplicate correlation reference retained for overlap and alert-fatigue analysis.
LBL-000439,ALERT-877E1A66E236DCF9,S10,,S10-MAN-R001,safesoc-lnx-01,2026-05-14T23:04:32.545-0400,attack_like,trigger,manual_adversary_emulation,manual,manual,,,,,Privilege Escalation/Defense Evasion,T1548.003,5402,Successful sudo to ROOT executed.,high,Primary trigger evidence for S10-MAN-R001,Reviewed during Sprint 8 QA. Primary trigger evidence retained.
LBL-000440,ALERT-BD864A52EBFEF851,S10,,S10-MAN-R001,safesoc-lnx-01,2026-05-14T23:04:32.564-0400,attack_like,supporting,manual_adversary_emulation,manual,manual,,,,,Persistence,T1053.003,5502,PAM: Login session closed.,medium,Primary trigger evidence for S10-MAN-R001,Medium-confidence timestamp-derived label; retained after spot-check.
LBL-000441,ALERT-A0973811D1270E07,S10,,S10-MAN-R001,safesoc-lnx-01,2026-05-14T23:04:32.564-0400,attack_like,supporting,manual_adversary_emulation,manual,manual,,,,,Defense Evasion/Persistence/Privilege Escalation/Initial Access,T1078,5501,PAM: Login session opened.,medium,Primary trigger evidence for S10-MAN-R001,Medium-confidence timestamp-derived label; retained after spot-check.
LBL-000442,ALERT-DADA7C811DA0FC62,S10,,S10-MAN-R001,safesoc-lnx-01,2026-05-14T23:04:32.564-0400,attack_like,supporting,manual_adversary_emulation,manual,manual,,,,,Privilege Escalation/Defense Evasion,T1548.003,5402,Successful sudo to ROOT executed.,medium,Primary trigger evidence for S10-MAN-R001,Medium-confidence timestamp-derived label; retained after spot-check.
LBL-000443,ALERT-D81C9DDD5AC3D564,S10,,S10-MAN-R001,safesoc-lnx-01,2026-05-14T23:04:32.564-0400,attack_like,supporting,manual_adversary_emulation,manual,manual,,,,,Persistence,T1053.003,5502,PAM: Login session closed.,medium,Primary trigger evidence for S10-MAN-R001,Medium-confidence timestamp-derived label; retained after spot-check.
LBL-000444,ALERT-B01F3878AF66F442,S10,,S10-MAN-R001,safesoc-lnx-01,2026-05-14T23:04:32.564-0400,attack_like,supporting,manual_adversary_emulation,manual,manual,,,,,Defense Evasion/Persistence/Privilege Escalation/Initial Access,T1078,5501,PAM: Login session opened.,medium,Primary trigger evidence for S10-MAN-R001,Medium-confidence timestamp-derived label; retained after spot-check.
LBL-000445,ALERT-81F56699D9429F80,S10,,S10-MAN-R001,safesoc-lnx-01,2026-05-14T23:04:32.564-0400,attack_like,supporting,manual_adversary_emulation,manual,manual,,,,,Persistence,T1053.003,5502,PAM: Login session closed.,medium,Primary trigger evidence for S10-MAN-R001,Medium-confidence timestamp-derived label; retained after spot-check.
LBL-000446,ALERT-E14B0F23C0784FEF,S10,,S10-MAN-R001,safesoc-lnx-01,2026-05-14T23:04:32.564-0400,attack_like,supporting,manual_adversary_emulation,manual,manual,,,,,Defense Evasion/Persistence/Privilege Escalation/Initial Access,T1078,5501,PAM: Login session opened.,medium,Primary trigger evidence for S10-MAN-R001,Medium-confidence timestamp-derived label; retained after spot-check.
LBL-000447,ALERT-8F076B7DC7A4AAA1,S10,,S10-MAN-R001,safesoc-lnx-01,2026-05-14T23:04:32.564-0400,attack_like,supporting,manual_adversary_emulation,manual,manual,,,,,Privilege Escalation/Defense Evasion,T1548.003,5402,Successful sudo to ROOT executed.,medium,Primary trigger evidence for S10-MAN-R001,Medium-confidence timestamp-derived label; retained after spot-check.
LBL-000448,ALERT-2D20DA0C85E79452,S10,,S10-MAN-R001,safesoc-lnx-01,2026-05-14T23:04:32.576-0400,attack_like,supporting,manual_adversary_emulation,manual,manual,,,,,Persistence,T1053.003,5502,PAM: Login session closed.,medium,Primary trigger evidence for S10-MAN-R001,Medium-confidence timestamp-derived label; retained after spot-check.
LBL-000449,ALERT-702F3F34B40A486B,S10,,S10-MAN-R001,safesoc-lnx-01,2026-05-14T23:04:32.576-0400,attack_like,supporting,manual_adversary_emulation,manual,manual,,,,,Privilege Escalation/Defense Evasion,T1548.003,5402,Successful sudo to ROOT executed.,medium,Primary trigger evidence for S10-MAN-R001,Medium-confidence timestamp-derived label; retained after spot-check.
LBL-000450,ALERT-D0D1A83024788728,S10,,S10-MAN-R001,safesoc-lnx-01,2026-05-14T23:04:32.576-0400,attack_like,supporting,manual_adversary_emulation,manual,manual,,,,,Defense Evasion/Persistence/Privilege Escalation/Initial Access,T1078,5501,PAM: Login session opened.,medium,Primary trigger evidence for S10-MAN-R001,Medium-confidence timestamp-derived label; retained after spot-check.
LBL-000451,ALERT-37E3830EA9324E48,S10,,S10-MAN-R002,safesoc-lnx-01,2026-05-14T23:07:20.370-0400,attack_like,trigger,manual_adversary_emulation,manual,manual,,,,,Impact,T1565.001,550,Integrity checksum changed.,high,Primary trigger evidence for S10-MAN-R002,Reviewed during Sprint 8 QA. Primary trigger evidence retained.
LBL-000452,ALERT-7EC3ADA325C3D6E7,S10,,S10-MAN-R002,safesoc-lnx-01,2026-05-14T23:07:20.595-0400,attack_like,trigger,manual_adversary_emulation,manual,manual,,,,,Persistence,T1053.003,100760,SafeAgentSOC run start marker observed,high,Primary trigger evidence for S10-MAN-R002,Reviewed during Sprint 8 QA. Primary trigger evidence retained.
LBL-000453,ALERT-A5FA2F7F451F9EBC,S10,,S10-MAN-R002,safesoc-lnx-01,2026-05-14T23:07:20.596-0400,attack_like,trigger,manual_adversary_emulation,manual,manual,,,,,Execution/Persistence/Privilege Escalation,T1053.003,100765,SafeAgentSOC S10 Linux cron marker scenario,high,Primary trigger evidence for S10-MAN-R002,Reviewed during Sprint 8 QA. Primary trigger evidence retained.
LBL-000454,ALERT-29B45491FC983DC0,S10,,S10-MAN-R002,safesoc-lnx-01,2026-05-14T23:07:20.597-0400,attack_like,supporting,manual_adversary_emulation,manual,manual,,,,,Privilege Escalation/Defense Evasion,T1548.003,5402,Successful sudo to ROOT executed.,medium,Primary trigger evidence for S10-MAN-R002,Medium-confidence timestamp-derived label; retained after spot-check.
LBL-000455,ALERT-6A955F92B4B54CCB,S10,,S10-MAN-R002,safesoc-lnx-01,2026-05-14T23:07:20.600-0400,attack_like,supporting,manual_adversary_emulation,manual,manual,,,,,Defense Evasion/Persistence/Privilege Escalation/Initial Access,T1078,5501,PAM: Login session opened.,medium,Primary trigger evidence for S10-MAN-R002,Medium-confidence timestamp-derived label; retained after spot-check.
LBL-000456,ALERT-43CC99EC249CD254,S10,,S10-MAN-R002,safesoc-lnx-01,2026-05-14T23:07:20.603-0400,attack_like,supporting,manual_adversary_emulation,manual,manual,,,,,Persistence,T1053.003,5502,PAM: Login session closed.,medium,Primary trigger evidence for S10-MAN-R002,Medium-confidence timestamp-derived label; retained after spot-check.
LBL-000457,ALERT-9D93A42BBD661942,S10,,S10-MAN-R002,safesoc-lnx-01,2026-05-14T23:07:20.605-0400,attack_like,supporting,manual_adversary_emulation,manual,manual,,,,,Privilege Escalation/Defense Evasion,T1548.003,5402,Successful sudo to ROOT executed.,medium,Primary trigger evidence for S10-MAN-R002,Medium-confidence timestamp-derived label; retained after spot-check.
LBL-000458,ALERT-961E282D7B42CFA4,S10,,S10-MAN-R002,safesoc-lnx-01,2026-05-14T23:07:20.607-0400,attack_like,supporting,manual_adversary_emulation,manual,manual,,,,,Defense Evasion/Persistence/Privilege Escalation/Initial Access,T1078,5501,PAM: Login session opened.,medium,Primary trigger evidence for S10-MAN-R002,Medium-confidence timestamp-derived label; retained after spot-check.
LBL-000459,ALERT-65EB2373267ABF98,S10,,S10-MAN-R002,safesoc-lnx-01,2026-05-14T23:07:20.610-0400,attack_like,supporting,manual_adversary_emulation,manual,manual,,,,,Persistence,T1053.003,5502,PAM: Login session closed.,medium,Primary trigger evidence for S10-MAN-R002,Medium-confidence timestamp-derived label; retained after spot-check.
LBL-000460,ALERT-B76402475D41E9D6,S10,,S10-MAN-R002,safesoc-lnx-01,2026-05-14T23:07:20.612-0400,attack_like,trigger,manual_adversary_emulation,manual,manual,,,,,Persistence,T1053.003,100761,SafeAgentSOC run end marker observed,high,Primary trigger evidence for S10-MAN-R002,Reviewed during Sprint 8 QA. Primary trigger evidence retained.
LBL-000461,ALERT-CA2AB0F00C28FBA5,S10,,S10-MAN-R002,safesoc-lnx-01,2026-05-14T23:07:20.614-0400,attack_like,supporting,manual_adversary_emulation,manual,manual,,,,,Privilege Escalation/Defense Evasion,T1548.003,5402,Successful sudo to ROOT executed.,medium,Primary trigger evidence for S10-MAN-R002,Medium-confidence timestamp-derived label; retained after spot-check.
LBL-000462,ALERT-E8169796A24847AE,S10,,S10-MAN-R002,safesoc-lnx-01,2026-05-14T23:07:20.616-0400,attack_like,supporting,manual_adversary_emulation,manual,manual,,,,,Defense Evasion/Persistence/Privilege Escalation/Initial Access,T1078,5501,PAM: Login session opened.,medium,Primary trigger evidence for S10-MAN-R002,Medium-confidence timestamp-derived label; retained after spot-check.
LBL-000463,ALERT-F64B0DBCB6CDEE39,S10,,S10-MAN-R002,safesoc-lnx-01,2026-05-14T23:07:20.619-0400,attack_like,supporting,manual_adversary_emulation,manual,manual,,,,,Persistence,T1053.003,5502,PAM: Login session closed.,medium,Primary trigger evidence for S10-MAN-R002,Medium-confidence timestamp-derived label; retained after spot-check.
LBL-000464,ALERT-AD2D661A26D7899B,S10,,S10-MAN-R002,safesoc-lnx-01,2026-05-14T23:07:20.621-0400,attack_like,supporting,manual_adversary_emulation,manual,manual,,,,,Privilege Escalation/Defense Evasion,T1548.003,5402,Successful sudo to ROOT executed.,medium,Primary trigger evidence for S10-MAN-R002,Medium-confidence timestamp-derived label; retained after spot-check.
LBL-000465,ALERT-4D87EE792A261B20,S10,,S10-MAN-R002,safesoc-lnx-01,2026-05-14T23:07:20.624-0400,attack_like,supporting,manual_adversary_emulation,manual,manual,,,,,Defense Evasion/Persistence/Privilege Escalation/Initial Access,T1078,5501,PAM: Login session opened.,medium,Primary trigger evidence for S10-MAN-R002,Medium-confidence timestamp-derived label; retained after spot-check.
LBL-000466,ALERT-2C7F3D685D6B4E99,S10,,S10-MAN-R002,safesoc-lnx-01,2026-05-14T23:07:20.627-0400,attack_like,supporting,manual_adversary_emulation,manual,manual,,,,,Persistence,T1053.003,5502,PAM: Login session closed.,medium,Primary trigger evidence for S10-MAN-R002,Medium-confidence timestamp-derived label; retained after spot-check.
LBL-000467,ALERT-92EB0E90D0811D9B,S10,,S10-MAN-R002,safesoc-lnx-01,2026-05-14T23:07:20.629-0400,attack_like,supporting,manual_adversary_emulation,manual,manual,,,,,Persistence,T1053.003,100760,SafeAgentSOC run start marker observed,medium,Primary trigger evidence for S10-MAN-R002,Medium-confidence timestamp-derived label; retained after spot-check.
LBL-000468,ALERT-A702B59FE9A17DDE,S10,,S10-MAN-R002,safesoc-lnx-01,2026-05-14T23:07:20.632-0400,attack_like,supporting,manual_adversary_emulation,manual,manual,,,,,Execution/Persistence/Privilege Escalation,T1053.003,100765,SafeAgentSOC S10 Linux cron marker scenario,medium,Primary trigger evidence for S10-MAN-R002,Medium-confidence timestamp-derived label; retained after spot-check.
LBL-000469,ALERT-2D6B7EF88FEE612D,S10,,S10-MAN-R002,safesoc-lnx-01,2026-05-14T23:07:20.634-0400,attack_like,supporting,manual_adversary_emulation,manual,manual,,,,,Persistence,T1053.003,100761,SafeAgentSOC run end marker observed,medium,Primary trigger evidence for S10-MAN-R002,Medium-confidence timestamp-derived label; retained after spot-check.
LBL-000470,ALERT-3DCEE0A14C0888F5,S10,,S10-MAN-R002,safesoc-lnx-01,2026-05-14T23:08:44.087-0400,attack_like,supporting,manual_adversary_emulation,manual,manual,,,,,Privilege Escalation/Defense Evasion,T1548.003,5402,Successful sudo to ROOT executed.,medium,Primary trigger evidence for S10-MAN-R002,Medium-confidence timestamp-derived label; retained after spot-check.
LBL-000471,ALERT-6B3D2A309DE8E0E1,S10,,S10-MAN-R002,safesoc-lnx-01,2026-05-14T23:08:44.088-0400,attack_like,supporting,manual_adversary_emulation,manual,manual,,,,,Defense Evasion/Persistence/Privilege Escalation/Initial Access,T1078,5501,PAM: Login session opened.,medium,Primary trigger evidence for S10-MAN-R002,Medium-confidence timestamp-derived label; retained after spot-check.
LBL-000472,ALERT-87BD7300C5CA1557,S10,,S10-MAN-R002,safesoc-lnx-01,2026-05-14T23:08:44.624-0400,attack_like,supporting,manual_adversary_emulation,manual,manual,,,,,Privilege Escalation/Defense Evasion,T1548.003,5402,Successful sudo to ROOT executed.,medium,Primary trigger evidence for S10-MAN-R002,Medium-confidence timestamp-derived label; retained after spot-check.
LBL-000473,ALERT-9F970EC8F54BF5DF,S10,,S10-MAN-R002,safesoc-lnx-01,2026-05-14T23:08:44.624-0400,attack_like,supporting,manual_adversary_emulation,manual,manual,,,,,Defense Evasion/Persistence/Privilege Escalation/Initial Access,T1078,5501,PAM: Login session opened.,medium,Primary trigger evidence for S10-MAN-R002,Medium-confidence timestamp-derived label; retained after spot-check.
LBL-000474,ALERT-38A2D2BCA8901407,S10,,S10-MAN-R002,safesoc-lnx-01,2026-05-14T23:08:48.624-0400,attack_like,supporting,manual_adversary_emulation,manual,manual,,,,,Persistence,T1053.003,5502,PAM: Login session closed.,medium,Primary trigger evidence for S10-MAN-R002,Medium-confidence timestamp-derived label; retained after spot-check.
LBL-000475,ALERT-07D5347C4B298CF4,S10,,S10-MAN-R002,safesoc-lnx-01,2026-05-14T23:08:48.624-0400,attack_like,supporting,manual_adversary_emulation,manual,manual,,,,,Privilege Escalation/Defense Evasion,T1548.003,5402,Successful sudo to ROOT executed.,medium,Primary trigger evidence for S10-MAN-R002,Medium-confidence timestamp-derived label; retained after spot-check.
LBL-000476,ALERT-CD34770696D94AC8,S10,,S10-MAN-R002,safesoc-lnx-01,2026-05-14T23:08:48.627-0400,attack_like,supporting,manual_adversary_emulation,manual,manual,,,,,Defense Evasion/Persistence/Privilege Escalation/Initial Access,T1078,5501,PAM: Login session opened.,medium,Primary trigger evidence for S10-MAN-R002,Medium-confidence timestamp-derived label; retained after spot-check.
LBL-000477,ALERT-8EE141AE7B87EFBB,S10,,S10-MAN-R002,safesoc-lnx-01,2026-05-14T23:08:48.629-0400,attack_like,supporting,manual_adversary_emulation,manual,manual,,,,,Persistence,T1053.003,5502,PAM: Login session closed.,medium,Primary trigger evidence for S10-MAN-R002,Medium-confidence timestamp-derived label; retained after spot-check.
LBL-000478,ALERT-EC29C541248C8E23,S10,,S10-MAN-R002,safesoc-lnx-01,2026-05-14T23:08:48.631-0400,attack_like,supporting,manual_adversary_emulation,manual,manual,,,,,Privilege Escalation/Defense Evasion,T1548.003,5402,Successful sudo to ROOT executed.,medium,Primary trigger evidence for S10-MAN-R002,Medium-confidence timestamp-derived label; retained after spot-check.
LBL-000479,ALERT-1FB22520B58CF686,S10,,S10-MAN-R002,safesoc-lnx-01,2026-05-14T23:08:48.633-0400,attack_like,supporting,manual_adversary_emulation,manual,manual,,,,,Defense Evasion/Persistence/Privilege Escalation/Initial Access,T1078,5501,PAM: Login session opened.,medium,Primary trigger evidence for S10-MAN-R002,Medium-confidence timestamp-derived label; retained after spot-check.
LBL-000480,ALERT-A49CA0A04A40629D,S10,,S10-MAN-R002,safesoc-lnx-01,2026-05-14T23:08:50.637-0400,unrelated_background,unrelated,manual_adversary_emulation,manual,manual,,,,,Persistence,T1053.003,2901,New dpkg (Debian Package) requested to install.,medium,Background alert inside S10-MAN-R002 time window,Medium-confidence timestamp-derived unrelated/background label; retained after Sprint 8 spot-check.
LBL-000481,ALERT-3600B682314B057F,S10,,S10-MAN-R002,safesoc-lnx-01,2026-05-14T23:08:50.647-0400,unrelated_background,unrelated,manual_adversary_emulation,manual,manual,,,,,Persistence,T1053.003,2904,Dpkg (Debian Package) half configured.,medium,Background alert inside S10-MAN-R002 time window,Medium-confidence timestamp-derived unrelated/background label; retained after Sprint 8 spot-check.
LBL-000482,ALERT-523320B258A6D028,S10,,S10-MAN-R002,safesoc-lnx-01,2026-05-14T23:08:50.662-0400,unrelated_background,unrelated,manual_adversary_emulation,manual,manual,,,,,Persistence,T1053.003,2904,Dpkg (Debian Package) half configured.,medium,Background alert inside S10-MAN-R002 time window,Medium-confidence timestamp-derived unrelated/background label; retained after Sprint 8 spot-check.
LBL-000483,ALERT-E3A847D40D2B30FD,S10,,S10-MAN-R002,safesoc-lnx-01,2026-05-14T23:08:50.686-0400,unrelated_background,unrelated,manual_adversary_emulation,manual,manual,,,,,Persistence,T1053.003,2904,Dpkg (Debian Package) half configured.,medium,Background alert inside S10-MAN-R002 time window,Medium-confidence timestamp-derived unrelated/background label; retained after Sprint 8 spot-check.
LBL-000484,ALERT-A2E7932E553EDDB0,S10,,S10-MAN-R002,safesoc-lnx-01,2026-05-14T23:08:52.102-0400,unrelated_background,unrelated,manual_adversary_emulation,manual,manual,,,,,Persistence,T1053.003,2904,Dpkg (Debian Package) half configured.,medium,Background alert inside S10-MAN-R002 time window,Medium-confidence timestamp-derived unrelated/background label; retained after Sprint 8 spot-check.
LBL-000485,ALERT-2AA7D03963502546,S10,,S10-MAN-R002,safesoc-lnx-01,2026-05-14T23:08:52.104-0400,unrelated_background,unrelated,manual_adversary_emulation,manual,manual,,,,,Persistence,T1053.003,2902,New dpkg (Debian Package) installed.,medium,Background alert inside S10-MAN-R002 time window,Medium-confidence timestamp-derived unrelated/background label; retained after Sprint 8 spot-check.
LBL-000486,ALERT-F6CB678A4883D47F,S10,,S10-MAN-R002,safesoc-lnx-01,2026-05-14T23:08:52.111-0400,attack_like,duplicate,manual_adversary_emulation,manual,manual,,,,,Persistence,T1053.003,2904,Dpkg (Debian Package) half configured.,medium,Duplicate repeated telemetry for S10-MAN-R002,Reviewed during Sprint 8 QA. Duplicate correlation reference retained for overlap and alert-fatigue analysis.
LBL-000487,ALERT-04DC53E0EF0133D6,S10,,S10-MAN-R002,safesoc-lnx-01,2026-05-14T23:08:52.113-0400,unrelated_background,unrelated,manual_adversary_emulation,manual,manual,,,,,Persistence,T1053.003,2902,New dpkg (Debian Package) installed.,medium,Background alert inside S10-MAN-R002 time window,Medium-confidence timestamp-derived unrelated/background label; retained after Sprint 8 spot-check.
LBL-000488,ALERT-98E7C0AA2868892C,S10,,S10-MAN-R002,safesoc-lnx-01,2026-05-14T23:08:52.121-0400,attack_like,duplicate,manual_adversary_emulation,manual,manual,,,,,Persistence,T1053.003,2904,Dpkg (Debian Package) half configured.,medium,Duplicate repeated telemetry for S10-MAN-R002,Reviewed during Sprint 8 QA. Duplicate correlation reference retained for overlap and alert-fatigue analysis.
LBL-000489,ALERT-7E1418296881EB6E,S10,,S10-MAN-R002,safesoc-lnx-01,2026-05-14T23:08:52.124-0400,unrelated_background,unrelated,manual_adversary_emulation,manual,manual,,,,,Persistence,T1053.003,2902,New dpkg (Debian Package) installed.,medium,Background alert inside S10-MAN-R002 time window,Medium-confidence timestamp-derived unrelated/background label; retained after Sprint 8 spot-check.
LBL-000490,ALERT-1C5817F35197392D,S10,,S10-MAN-R002,safesoc-lnx-01,2026-05-14T23:08:52.131-0400,attack_like,duplicate,manual_adversary_emulation,manual,manual,,,,,Persistence,T1053.003,2904,Dpkg (Debian Package) half configured.,medium,Duplicate repeated telemetry for S10-MAN-R002,Reviewed during Sprint 8 QA. Duplicate correlation reference retained for overlap and alert-fatigue analysis.
LBL-000491,ALERT-2E4019D77DE65A69,S10,,S10-MAN-R002,safesoc-lnx-01,2026-05-14T23:08:52.140-0400,unrelated_background,unrelated,manual_adversary_emulation,manual,manual,,,,,Persistence,T1053.003,2904,Dpkg (Debian Package) half configured.,medium,Background alert inside S10-MAN-R002 time window,Medium-confidence timestamp-derived unrelated/background label; retained after Sprint 8 spot-check.
LBL-000492,ALERT-18C884183D8BC0F7,S10,,S10-MAN-R002,safesoc-lnx-01,2026-05-14T23:08:52.143-0400,unrelated_background,unrelated,manual_adversary_emulation,manual,manual,,,,,Persistence,T1053.003,2902,New dpkg (Debian Package) installed.,medium,Background alert inside S10-MAN-R002 time window,Medium-confidence timestamp-derived unrelated/background label; retained after Sprint 8 spot-check.
LBL-000493,ALERT-094C570D451EC4F3,S10,,S10-MAN-R002,safesoc-lnx-01,2026-05-14T23:08:52.145-0400,unrelated_background,unrelated,manual_adversary_emulation,manual,manual,,,,,Persistence,T1053.003,2902,New dpkg (Debian Package) installed.,medium,Background alert inside S10-MAN-R002 time window,Medium-confidence timestamp-derived unrelated/background label; retained after Sprint 8 spot-check.
LBL-000494,ALERT-31BDA23264661A4D,S10,,S10-MAN-R002,safesoc-lnx-01,2026-05-14T23:08:52.150-0400,unrelated_background,unrelated,manual_adversary_emulation,manual,manual,,,,,Persistence,T1053.003,2904,Dpkg (Debian Package) half configured.,medium,Background alert inside S10-MAN-R002 time window,Medium-confidence timestamp-derived unrelated/background label; retained after Sprint 8 spot-check.
LBL-000495,ALERT-D89C07029BDDD81F,S10,,S10-MAN-R002,safesoc-lnx-01,2026-05-14T23:08:52.152-0400,unrelated_background,unrelated,manual_adversary_emulation,manual,manual,,,,,Persistence,T1053.003,2902,New dpkg (Debian Package) installed.,medium,Background alert inside S10-MAN-R002 time window,Medium-confidence timestamp-derived unrelated/background label; retained after Sprint 8 spot-check.
LBL-000496,ALERT-A67188B95FA32BA2,S10,,S10-MAN-R002,safesoc-lnx-01,2026-05-14T23:08:52.157-0400,unrelated_background,unrelated,manual_adversary_emulation,manual,manual,,,,,Persistence,T1053.003,2904,Dpkg (Debian Package) half configured.,medium,Background alert inside S10-MAN-R002 time window,Medium-confidence timestamp-derived unrelated/background label; retained after Sprint 8 spot-check.
LBL-000497,ALERT-C0E4496A9B390EDA,S10,,S10-MAN-R002,safesoc-lnx-01,2026-05-14T23:08:52.161-0400,unrelated_background,unrelated,manual_adversary_emulation,manual,manual,,,,,Persistence,T1053.003,2902,New dpkg (Debian Package) installed.,medium,Background alert inside S10-MAN-R002 time window,Medium-confidence timestamp-derived unrelated/background label; retained after Sprint 8 spot-check.
LBL-000498,ALERT-73C2FAA9095F9A5E,S10,,S10-MAN-R002,safesoc-lnx-01,2026-05-14T23:08:52.166-0400,unrelated_background,unrelated,manual_adversary_emulation,manual,manual,,,,,Persistence,T1053.003,2904,Dpkg (Debian Package) half configured.,medium,Background alert inside S10-MAN-R002 time window,Medium-confidence timestamp-derived unrelated/background label; retained after Sprint 8 spot-check.
LBL-000499,ALERT-DE018F5BE4C32D2C,S10,,S10-MAN-R002,safesoc-lnx-01,2026-05-14T23:08:52.169-0400,unrelated_background,unrelated,manual_adversary_emulation,manual,manual,,,,,Persistence,T1053.003,2902,New dpkg (Debian Package) installed.,medium,Background alert inside S10-MAN-R002 time window,Medium-confidence timestamp-derived unrelated/background label; retained after Sprint 8 spot-check.
LBL-000500,ALERT-6CD6EADFDC1E87C0,S10,,S10-MAN-R002,safesoc-lnx-01,2026-05-14T23:08:52.173-0400,unrelated_background,unrelated,manual_adversary_emulation,manual,manual,,,,,Persistence,T1053.003,2904,Dpkg (Debian Package) half configured.,medium,Background alert inside S10-MAN-R002 time window,Medium-confidence timestamp-derived unrelated/background label; retained after Sprint 8 spot-check.
LBL-000501,ALERT-726D9F38918917BA,S10,,S10-MAN-R002,safesoc-lnx-01,2026-05-14T23:08:52.176-0400,unrelated_background,unrelated,manual_adversary_emulation,manual,manual,,,,,Persistence,T1053.003,2902,New dpkg (Debian Package) installed.,medium,Background alert inside S10-MAN-R002 time window,Medium-confidence timestamp-derived unrelated/background label; retained after Sprint 8 spot-check.
LBL-000502,ALERT-CEBC82E56783C27A,S10,,S10-MAN-R002,safesoc-lnx-01,2026-05-14T23:08:52.180-0400,unrelated_background,unrelated,manual_adversary_emulation,manual,manual,,,,,Persistence,T1053.003,2904,Dpkg (Debian Package) half configured.,medium,Background alert inside S10-MAN-R002 time window,Medium-confidence timestamp-derived unrelated/background label; retained after Sprint 8 spot-check.
LBL-000503,ALERT-5DA720038620613A,S10,,S10-MAN-R002,safesoc-lnx-01,2026-05-14T23:08:52.184-0400,unrelated_background,unrelated,manual_adversary_emulation,manual,manual,,,,,Persistence,T1053.003,2902,New dpkg (Debian Package) installed.,medium,Background alert inside S10-MAN-R002 time window,Medium-confidence timestamp-derived unrelated/background label; retained after Sprint 8 spot-check.
LBL-000504,ALERT-E1B7BECC5AEA3472,S10,,S10-MAN-R002,safesoc-lnx-01,2026-05-14T23:08:52.191-0400,unrelated_background,unrelated,manual_adversary_emulation,manual,manual,,,,,Persistence,T1053.003,2904,Dpkg (Debian Package) half configured.,medium,Background alert inside S10-MAN-R002 time window,Medium-confidence timestamp-derived unrelated/background label; retained after Sprint 8 spot-check.
LBL-000505,ALERT-698E51C9E94EAD66,S10,,S10-MAN-R002,safesoc-lnx-01,2026-05-14T23:08:52.195-0400,unrelated_background,unrelated,manual_adversary_emulation,manual,manual,,,,,Persistence,T1053.003,2902,New dpkg (Debian Package) installed.,medium,Background alert inside S10-MAN-R002 time window,Medium-confidence timestamp-derived unrelated/background label; retained after Sprint 8 spot-check.
LBL-000506,ALERT-C403B8E1143725A8,S10,,S10-MAN-R002,safesoc-lnx-01,2026-05-14T23:08:54.092-0400,attack_like,supporting,manual_adversary_emulation,manual,manual,,,,,Persistence,T1053.003,5502,PAM: Login session closed.,medium,Primary trigger evidence for S10-MAN-R002,Medium-confidence timestamp-derived label; retained after spot-check.
LBL-000507,ALERT-75208DC6340F74AD,S10,,S10-MAN-R002,safesoc-lnx-01,2026-05-14T23:08:54.630-0400,attack_like,supporting,manual_adversary_emulation,manual,manual,,,,,Persistence,T1053.003,5502,PAM: Login session closed.,medium,Primary trigger evidence for S10-MAN-R002,Medium-confidence timestamp-derived label; retained after spot-check.
LBL-000508,ALERT-E17FF0DD5917AA9A,S10,,S10-MAN-R002,safesoc-lnx-01,2026-05-14T23:08:56.094-0400,unrelated_background,unrelated,manual_adversary_emulation,manual,manual,,,,,Persistence,T1053.003,2901,New dpkg (Debian Package) requested to install.,medium,Background alert inside S10-MAN-R002 time window,Medium-confidence timestamp-derived unrelated/background label; retained after Sprint 8 spot-check.
LBL-000509,ALERT-B56F4CE694AF8520,S10,,S10-MAN-R002,safesoc-lnx-01,2026-05-14T23:08:56.104-0400,unrelated_background,unrelated,manual_adversary_emulation,manual,manual,,,,,Persistence,T1053.003,2904,Dpkg (Debian Package) half configured.,medium,Background alert inside S10-MAN-R002 time window,Medium-confidence timestamp-derived unrelated/background label; retained after Sprint 8 spot-check.
LBL-000510,ALERT-4FBEDCF4F54C6CBF,S10,,S10-MAN-R002,safesoc-lnx-01,2026-05-14T23:08:56.106-0400,unrelated_background,unrelated,manual_adversary_emulation,manual,manual,,,,,Persistence,T1053.003,2902,New dpkg (Debian Package) installed.,medium,Background alert inside S10-MAN-R002 time window,Medium-confidence timestamp-derived unrelated/background label; retained after Sprint 8 spot-check.
LBL-000511,ALERT-134134DE5783FFDE,S10,,S10-MAN-R002,safesoc-lnx-01,2026-05-14T23:08:56.109-0400,attack_like,supporting,manual_adversary_emulation,manual,manual,,,,,Privilege Escalation/Defense Evasion,T1548.003,5402,Successful sudo to ROOT executed.,medium,Primary trigger evidence for S10-MAN-R002,Medium-confidence timestamp-derived label; retained after spot-check.
LBL-000512,ALERT-E06560E089BA9EDC,S10,,S10-MAN-R002,safesoc-lnx-01,2026-05-14T23:08:56.112-0400,attack_like,supporting,manual_adversary_emulation,manual,manual,,,,,Defense Evasion/Persistence/Privilege Escalation/Initial Access,T1078,5501,PAM: Login session opened.,medium,Primary trigger evidence for S10-MAN-R002,Medium-confidence timestamp-derived label; retained after spot-check.
LBL-000513,ALERT-1061D4794885C646,S10,,S10-MAN-R002,safesoc-lnx-01,2026-05-14T23:08:56.115-0400,attack_like,supporting,manual_adversary_emulation,manual,manual,,,,,Persistence,T1053.003,5502,PAM: Login session closed.,medium,Primary trigger evidence for S10-MAN-R002,Medium-confidence timestamp-derived label; retained after spot-check.
LBL-000514,ALERT-1698394C55E19CDD,S10,,S10-MAN-R002,safesoc-lnx-01,2026-05-14T23:08:56.116-0400,attack_like,supporting,manual_adversary_emulation,manual,manual,,,,,Privilege Escalation/Defense Evasion,T1548.003,5402,Successful sudo to ROOT executed.,medium,Primary trigger evidence for S10-MAN-R002,Medium-confidence timestamp-derived label; retained after spot-check.
LBL-000515,ALERT-82900B2DCD06C6AA,S10,,S10-MAN-R002,safesoc-lnx-01,2026-05-14T23:08:56.119-0400,attack_like,supporting,manual_adversary_emulation,manual,manual,,,,,Defense Evasion/Persistence/Privilege Escalation/Initial Access,T1078,5501,PAM: Login session opened.,medium,Primary trigger evidence for S10-MAN-R002,Medium-confidence timestamp-derived label; retained after spot-check.
LBL-000516,ALERT-92668E6AF0B729D9,S10,,S10-MAN-R002,safesoc-lnx-01,2026-05-14T23:08:56.720-0400,attack_like,supporting,manual_adversary_emulation,manual,manual,,,,,Privilege Escalation/Defense Evasion,T1548.003,5402,Successful sudo to ROOT executed.,medium,Primary trigger evidence for S10-MAN-R002,Medium-confidence timestamp-derived label; retained after spot-check.
LBL-000517,ALERT-89E6C61D5F9FE8EF,S10,,S10-MAN-R002,safesoc-lnx-01,2026-05-14T23:08:56.722-0400,attack_like,supporting,manual_adversary_emulation,manual,manual,,,,,Defense Evasion/Persistence/Privilege Escalation/Initial Access,T1078,5501,PAM: Login session opened.,medium,Primary trigger evidence for S10-MAN-R002,Medium-confidence timestamp-derived label; retained after spot-check.
LBL-000518,ALERT-B23EB218D6AFC86B,S10,,S10-MAN-R002,safesoc-lnx-01,2026-05-14T23:08:56.726-0400,attack_like,supporting,manual_adversary_emulation,manual,manual,,,,,Persistence,T1053.003,5502,PAM: Login session closed.,medium,Primary trigger evidence for S10-MAN-R002,Medium-confidence timestamp-derived label; retained after spot-check.
LBL-000519,ALERT-40352E6DCA1524B3,S10,,S10-MAN-R002,safesoc-lnx-01,2026-05-14T23:08:56.729-0400,attack_like,supporting,manual_adversary_emulation,manual,manual,,,,,Privilege Escalation/Defense Evasion,T1548.003,5402,Successful sudo to ROOT executed.,medium,Primary trigger evidence for S10-MAN-R002,Medium-confidence timestamp-derived label; retained after spot-check.
LBL-000520,ALERT-2274C6B30F064BB0,S10,,S10-MAN-R002,safesoc-lnx-01,2026-05-14T23:08:56.732-0400,attack_like,supporting,manual_adversary_emulation,manual,manual,,,,,Defense Evasion/Persistence/Privilege Escalation/Initial Access,T1078,5501,PAM: Login session opened.,medium,Primary trigger evidence for S10-MAN-R002,Medium-confidence timestamp-derived label; retained after spot-check.
LBL-000521,ALERT-EF6D21DC16A2FCFC,S10,,S10-MAN-R002,safesoc-lnx-01,2026-05-14T23:09:02.097-0400,attack_like,supporting,manual_adversary_emulation,manual,manual,,,,,Persistence,T1053.003,5502,PAM: Login session closed.,medium,Primary trigger evidence for S10-MAN-R002,Medium-confidence timestamp-derived label; retained after spot-check.
LBL-000522,ALERT-30AEFC500CDB60AD,S10,,S10-MAN-R002,safesoc-lnx-01,2026-05-14T23:09:02.153-0400,attack_like,supporting,manual_adversary_emulation,manual,manual,,,,,Privilege Escalation/Defense Evasion,T1548.003,5402,Successful sudo to ROOT executed.,medium,Primary trigger evidence for S10-MAN-R002,Medium-confidence timestamp-derived label; retained after spot-check.
LBL-000523,ALERT-1073E553D5C8CD1F,S10,,S10-MAN-R002,safesoc-lnx-01,2026-05-14T23:09:02.155-0400,attack_like,supporting,manual_adversary_emulation,manual,manual,,,,,Defense Evasion/Persistence/Privilege Escalation/Initial Access,T1078,5501,PAM: Login session opened.,medium,Primary trigger evidence for S10-MAN-R002,Medium-confidence timestamp-derived label; retained after spot-check.
LBL-000524,ALERT-F1A719112FCB4702,S10,,S10-MAN-R002,safesoc-lnx-01,2026-05-14T23:09:02.633-0400,attack_like,supporting,manual_adversary_emulation,manual,manual,,,,,Persistence,T1053.003,5502,PAM: Login session closed.,medium,Primary trigger evidence for S10-MAN-R002,Medium-confidence timestamp-derived label; retained after spot-check.
LBL-000525,ALERT-9E34C3791F1A8313,S10,,S10-MAN-R002,safesoc-lnx-01,2026-05-14T23:09:02.633-0400,attack_like,supporting,manual_adversary_emulation,manual,manual,,,,,Privilege Escalation/Defense Evasion,T1548.003,5402,Successful sudo to ROOT executed.,medium,Primary trigger evidence for S10-MAN-R002,Medium-confidence timestamp-derived label; retained after spot-check.
LBL-000526,ALERT-AA58F6C8C7A1BA9A,S10,,S10-MAN-R002,safesoc-lnx-01,2026-05-14T23:09:02.635-0400,attack_like,supporting,manual_adversary_emulation,manual,manual,,,,,Defense Evasion/Persistence/Privilege Escalation/Initial Access,T1078,5501,PAM: Login session opened.,medium,Primary trigger evidence for S10-MAN-R002,Medium-confidence timestamp-derived label; retained after spot-check.
LBL-000527,ALERT-EFC4E471B6645354,S10,,S10-MAN-R002,safesoc-lnx-01,2026-05-14T23:09:06.134-0400,attack_like,supporting,manual_adversary_emulation,manual,manual,,,,,Persistence,T1053.003,2901,New dpkg (Debian Package) requested to install.,medium,Supporting telemetry for S10-MAN-R002,Medium-confidence timestamp-derived label; retained after spot-check.
LBL-000528,ALERT-412B9F23986634C4,S10,,S10-MAN-R002,safesoc-lnx-01,2026-05-14T23:09:08.108-0400,attack_like,supporting,manual_adversary_emulation,manual,manual,,,,,Persistence,T1053.003,2904,Dpkg (Debian Package) half configured.,medium,Supporting telemetry for S10-MAN-R002,Medium-confidence timestamp-derived label; retained after spot-check.
LBL-000529,ALERT-54EF232F5C732CA5,S10,,S10-MAN-R002,safesoc-lnx-01,2026-05-14T23:09:08.111-0400,attack_like,supporting,manual_adversary_emulation,manual,manual,,,,,Persistence,T1053.003,2902,New dpkg (Debian Package) installed.,medium,Supporting telemetry for S10-MAN-R002,Medium-confidence timestamp-derived label; retained after spot-check.
LBL-000530,ALERT-7F4E310203EEB4C4,S10,,S10-MAN-R002,safesoc-lnx-01,2026-05-14T23:09:08.115-0400,attack_like,duplicate,manual_adversary_emulation,manual,manual,,,,,Persistence,T1053.003,2904,Dpkg (Debian Package) half configured.,medium,Duplicate repeated telemetry for S10-MAN-R002,Reviewed during Sprint 8 QA. Duplicate correlation reference retained for overlap and alert-fatigue analysis.
LBL-000531,ALERT-7AC8CEB86709173C,S10,,S10-MAN-R002,safesoc-lnx-01,2026-05-14T23:09:08.118-0400,attack_like,duplicate,manual_adversary_emulation,manual,manual,,,,,Persistence,T1053.003,2902,New dpkg (Debian Package) installed.,medium,Duplicate repeated telemetry for S10-MAN-R002,Reviewed during Sprint 8 QA. Duplicate correlation reference retained for overlap and alert-fatigue analysis.
LBL-000532,ALERT-E8BF61B00A79CB23,S10,,S10-MAN-R002,safesoc-lnx-01,2026-05-14T23:09:10.099-0400,attack_like,supporting,manual_adversary_emulation,manual,manual,,,,,Persistence,T1053.003,5502,PAM: Login session closed.,medium,Primary trigger evidence for S10-MAN-R002,Medium-confidence timestamp-derived label; retained after spot-check.
LBL-000533,ALERT-911BDA36E1F67252,S10,,S10-MAN-R002,safesoc-lnx-01,2026-05-14T23:09:10.635-0400,attack_like,supporting,manual_adversary_emulation,manual,manual,,,,,Persistence,T1053.003,5502,PAM: Login session closed.,medium,Primary trigger evidence for S10-MAN-R002,Medium-confidence timestamp-derived label; retained after spot-check.
LBL-000534,ALERT-90653CCD5882B899,S11,,S11-MAN-R001,safesoc-lnx-01,2026-05-14T15:25:40.630-0400,benign,trigger,benign_baseline,manual,manual,,,,,N/A,N/A,2501,syslog: User authentication failure.,high,Primary trigger evidence for S11-MAN-R001,Reviewed during Sprint 8 QA. Primary trigger evidence retained.
LBL-000535,ALERT-EC79E46654ADFBD8,S11,,S11-MAN-R001,safesoc-lnx-01,2026-05-14T15:26:02.664-0400,benign,supporting,benign_baseline,manual,manual,,,,,Defense Evasion/Persistence/Privilege Escalation/Initial Access,T1078,5501,PAM: Login session opened.,medium,Primary trigger evidence for S11-MAN-R001,Medium-confidence timestamp-derived label; retained after spot-check.
LBL-000536,ALERT-E3614545E8BB2F22,S11,,S11-MAN-R001,safesoc-lnx-01,2026-05-14T15:26:02.664-0400,benign,supporting,benign_baseline,manual,manual,,,,,Privilege Escalation/Defense Evasion,T1548.003,5402,Successful sudo to ROOT executed.,medium,Primary trigger evidence for S11-MAN-R001,Medium-confidence timestamp-derived label; retained after spot-check.
LBL-000537,ALERT-01F7F7B418EA1BA8,S11,,S11-MAN-R001,safesoc-lnx-01,2026-05-14T15:26:02.705-0400,benign,supporting,benign_baseline,manual,manual,,,,,N/A,N/A,5502,PAM: Login session closed.,medium,Primary trigger evidence for S11-MAN-R001,Medium-confidence timestamp-derived label; retained after spot-check.
LBL-000538,ALERT-E440752721B80BAE,S11,,S11-MAN-R001,safesoc-lnx-01,2026-05-14T15:26:06.320-0400,benign,supporting,benign_baseline,manual,manual,,,,,Defense Evasion,T1562.001,506,Wazuh agent stopped.,medium,Primary trigger evidence for S11-MAN-R001,Medium-confidence timestamp-derived label; retained after spot-check.
LBL-000539,ALERT-313BE07552311522,S11,,S11-MAN-R001,safesoc-lnx-01,2026-05-14T15:29:28.441-0400,benign,supporting,benign_baseline,manual,manual,,,,,N/A,N/A,503,Wazuh agent started.,medium,Primary trigger evidence for S11-MAN-R001,Medium-confidence timestamp-derived label; retained after spot-check.
LBL-000540,ALERT-2417BF881D13D42F,S11,,S11-MAN-R001,safesoc-lnx-01,2026-05-14T15:30:34.779-0400,benign,supporting,benign_baseline,manual,manual,,,,,Defense Evasion/Persistence/Privilege Escalation/Initial Access,T1078,5501,PAM: Login session opened.,medium,Primary trigger evidence for S11-MAN-R001,Medium-confidence timestamp-derived label; retained after spot-check.
LBL-000541,ALERT-56F9FF34F052C301,S11,,S11-MAN-R001,safesoc-lnx-01,2026-05-14T15:33:38.843-0400,benign,supporting,benign_baseline,manual,manual,,,,,Privilege Escalation/Defense Evasion,T1548.003,5402,Successful sudo to ROOT executed.,medium,Primary trigger evidence for S11-MAN-R001,Medium-confidence timestamp-derived label; retained after spot-check.
LBL-000542,ALERT-95A67E9B2252007D,S11,,S11-MAN-R001,safesoc-lnx-01,2026-05-14T15:33:38.862-0400,benign,supporting,benign_baseline,manual,manual,,,,,Defense Evasion/Persistence/Privilege Escalation/Initial Access,T1078,5501,PAM: Login session opened.,medium,Primary trigger evidence for S11-MAN-R001,Medium-confidence timestamp-derived label; retained after spot-check.
LBL-000543,ALERT-401EB5C8834FBE4E,S11,,S11-MAN-R001,safesoc-lnx-01,2026-05-14T15:33:38.862-0400,benign,supporting,benign_baseline,manual,manual,,,,,Privilege Escalation/Defense Evasion,T1548.003,5402,Successful sudo to ROOT executed.,medium,Primary trigger evidence for S11-MAN-R001,Medium-confidence timestamp-derived label; retained after spot-check.
LBL-000544,ALERT-330C49559E6B9B86,S11,,S11-MAN-R001,safesoc-lnx-01,2026-05-14T15:33:38.863-0400,benign,supporting,benign_baseline,manual,manual,,,,,N/A,N/A,5502,PAM: Login session closed.,medium,Primary trigger evidence for S11-MAN-R001,Medium-confidence timestamp-derived label; retained after spot-check.
LBL-000545,ALERT-E8C9095A8F6CD9CF,S11,,S11-MAN-R001,safesoc-lnx-01,2026-05-14T15:33:38.862-0400,benign,supporting,benign_baseline,manual,manual,,,,,N/A,N/A,5502,PAM: Login session closed.,medium,Primary trigger evidence for S11-MAN-R001,Medium-confidence timestamp-derived label; retained after spot-check.
LBL-000546,ALERT-C24814892C12C435,S11,,S11-MAN-R001,safesoc-lnx-01,2026-05-14T15:33:38.863-0400,benign,supporting,benign_baseline,manual,manual,,,,,Privilege Escalation/Defense Evasion,T1548.003,5402,Successful sudo to ROOT executed.,medium,Primary trigger evidence for S11-MAN-R001,Medium-confidence timestamp-derived label; retained after spot-check.
LBL-000547,ALERT-670DF2EE5CCFE610,S11,,S11-MAN-R001,safesoc-lnx-01,2026-05-14T15:33:38.863-0400,benign,supporting,benign_baseline,manual,manual,,,,,N/A,N/A,5502,PAM: Login session closed.,medium,Primary trigger evidence for S11-MAN-R001,Medium-confidence timestamp-derived label; retained after spot-check.
LBL-000548,ALERT-825F9BE6B0AA7646,S11,,S11-MAN-R001,safesoc-lnx-01,2026-05-14T15:33:38.863-0400,benign,supporting,benign_baseline,manual,manual,,,,,Defense Evasion/Persistence/Privilege Escalation/Initial Access,T1078,5501,PAM: Login session opened.,medium,Primary trigger evidence for S11-MAN-R001,Medium-confidence timestamp-derived label; retained after spot-check.
LBL-000549,ALERT-A2B537872431D6B8,S11,,S11-MAN-R001,safesoc-lnx-01,2026-05-14T15:33:38.863-0400,benign,supporting,benign_baseline,manual,manual,,,,,Defense Evasion/Persistence/Privilege Escalation/Initial Access,T1078,5501,PAM: Login session opened.,medium,Primary trigger evidence for S11-MAN-R001,Medium-confidence timestamp-derived label; retained after spot-check.
LBL-000550,ALERT-999DB7134627154F,S11,,S11-MAN-R002,safesoc-lnx-01,2026-05-14T16:53:54.779-0400,benign,trigger,benign_baseline,manual,manual,,,,,Privilege Escalation/Defense Evasion,T1548.003,5402,Successful sudo to ROOT executed.,high,Primary trigger evidence for S11-MAN-R002,Reviewed during Sprint 8 QA. Primary trigger evidence retained.
LBL-000551,ALERT-797A11529199F1D8,S11,,S11-MAN-R002,safesoc-lnx-01,2026-05-14T16:53:54.799-0400,benign,supporting,benign_baseline,manual,manual,,,,,N/A,N/A,5502,PAM: Login session closed.,medium,Primary trigger evidence for S11-MAN-R002,Medium-confidence timestamp-derived label; retained after spot-check.
LBL-000552,ALERT-62D3CCD6FB66D4E1,S11,,S11-MAN-R002,safesoc-lnx-01,2026-05-14T16:53:54.799-0400,benign,supporting,benign_baseline,manual,manual,,,,,Privilege Escalation/Defense Evasion,T1548.003,5402,Successful sudo to ROOT executed.,medium,Primary trigger evidence for S11-MAN-R002,Medium-confidence timestamp-derived label; retained after spot-check.
LBL-000553,ALERT-6C1B11A8F32DEBF3,S11,,S11-MAN-R002,safesoc-lnx-01,2026-05-14T16:53:54.799-0400,benign,supporting,benign_baseline,manual,manual,,,,,Defense Evasion/Persistence/Privilege Escalation/Initial Access,T1078,5501,PAM: Login session opened.,medium,Primary trigger evidence for S11-MAN-R002,Medium-confidence timestamp-derived label; retained after spot-check.
LBL-000554,ALERT-AE6D51131D417C20,S11,,S11-MAN-R002,safesoc-lnx-01,2026-05-14T16:53:54.799-0400,benign,supporting,benign_baseline,manual,manual,,,,,Defense Evasion/Persistence/Privilege Escalation/Initial Access,T1078,5501,PAM: Login session opened.,medium,Primary trigger evidence for S11-MAN-R002,Medium-confidence timestamp-derived label; retained after spot-check.
LBL-000555,ALERT-AAE4D37C150811EF,S11,,S11-MAN-R002,safesoc-lnx-01,2026-05-14T16:53:54.799-0400,benign,supporting,benign_baseline,manual,manual,,,,,N/A,N/A,5502,PAM: Login session closed.,medium,Primary trigger evidence for S11-MAN-R002,Medium-confidence timestamp-derived label; retained after spot-check.
LBL-000556,ALERT-E7E65E78FD7260F6,S11,,S11-MAN-R002,safesoc-lnx-01,2026-05-14T16:53:54.799-0400,benign,supporting,benign_baseline,manual,manual,,,,,Defense Evasion/Persistence/Privilege Escalation/Initial Access,T1078,5501,PAM: Login session opened.,medium,Primary trigger evidence for S11-MAN-R002,Medium-confidence timestamp-derived label; retained after spot-check.
LBL-000557,ALERT-AAE2938733DA6349,S11,,S11-MAN-R002,safesoc-lnx-01,2026-05-14T16:53:54.799-0400,benign,supporting,benign_baseline,manual,manual,,,,,N/A,N/A,5502,PAM: Login session closed.,medium,Primary trigger evidence for S11-MAN-R002,Medium-confidence timestamp-derived label; retained after spot-check.
LBL-000558,ALERT-2D1DE45890DFAF45,S11,,S11-MAN-R002,safesoc-lnx-01,2026-05-14T16:53:54.800-0400,benign,supporting,benign_baseline,manual,manual,,,,,Privilege Escalation/Defense Evasion,T1548.003,5402,Successful sudo to ROOT executed.,medium,Primary trigger evidence for S11-MAN-R002,Medium-confidence timestamp-derived label; retained after spot-check.
LBL-000559,ALERT-4A00C5BD5ED9101A,S11,,S11-MAN-R002,safesoc-lnx-01,2026-05-14T16:53:54.819-0400,benign,supporting,benign_baseline,manual,manual,,,,,Privilege Escalation/Defense Evasion,T1548.003,5402,Successful sudo to ROOT executed.,medium,Primary trigger evidence for S11-MAN-R002,Medium-confidence timestamp-derived label; retained after spot-check.
LBL-000560,ALERT-0727514BED3D7ACF,S11,,S11-MAN-R002,safesoc-lnx-01,2026-05-14T16:53:54.820-0400,benign,supporting,benign_baseline,manual,manual,,,,,Privilege Escalation/Defense Evasion,T1548.003,5402,Successful sudo to ROOT executed.,medium,Primary trigger evidence for S11-MAN-R002,Medium-confidence timestamp-derived label; retained after spot-check.
LBL-000561,ALERT-275E1F745C70B209,S11,,S11-MAN-R002,safesoc-lnx-01,2026-05-14T16:53:54.820-0400,benign,supporting,benign_baseline,manual,manual,,,,,Defense Evasion/Persistence/Privilege Escalation/Initial Access,T1078,5501,PAM: Login session opened.,medium,Primary trigger evidence for S11-MAN-R002,Medium-confidence timestamp-derived label; retained after spot-check.
LBL-000562,ALERT-AC5B4561838DB9EB,S11,,S11-MAN-R002,safesoc-lnx-01,2026-05-14T16:53:54.820-0400,benign,supporting,benign_baseline,manual,manual,,,,,Defense Evasion/Persistence/Privilege Escalation/Initial Access,T1078,5501,PAM: Login session opened.,medium,Primary trigger evidence for S11-MAN-R002,Medium-confidence timestamp-derived label; retained after spot-check.
LBL-000563,ALERT-4A471406C58F17D9,S11,,S11-MAN-R002,safesoc-lnx-01,2026-05-14T16:53:54.820-0400,benign,supporting,benign_baseline,manual,manual,,,,,N/A,N/A,5502,PAM: Login session closed.,medium,Primary trigger evidence for S11-MAN-R002,Medium-confidence timestamp-derived label; retained after spot-check.
LBL-000564,ALERT-8E5AE47AC2F43C8D,S11,,S11-MAN-R002,safesoc-lnx-01,2026-05-14T16:54:04.782-0400,benign,supporting,benign_baseline,manual,manual,,,,,N/A,N/A,5502,PAM: Login session closed.,medium,Primary trigger evidence for S11-MAN-R002,Medium-confidence timestamp-derived label; retained after spot-check.
LBL-000565,ALERT-C50A439C08730050,S11,,S11-MAN-R002,safesoc-lnx-01,2026-05-14T16:54:34.791-0400,benign,supporting,benign_baseline,manual,manual,,,,,Defense Evasion/Persistence/Privilege Escalation/Initial Access,T1078,5501,PAM: Login session opened.,medium,Primary trigger evidence for S11-MAN-R002,Medium-confidence timestamp-derived label; retained after spot-check.
LBL-000566,ALERT-92297CEE59389E00,S11,,S11-MAN-R003,safesoc-lnx-01,2026-05-14T17:19:39.478-0400,benign,trigger,benign_baseline,manual,manual,,,,,N/A,N/A,2501,syslog: User authentication failure.,high,Primary trigger evidence for S11-MAN-R003,Reviewed during Sprint 8 QA. Primary trigger evidence retained.
LBL-000567,ALERT-9A61D0E89964F5E4,S11,,S11-MAN-R003,safesoc-lnx-01,2026-05-14T17:20:17.491-0400,benign,supporting,benign_baseline,manual,manual,,,,,Privilege Escalation/Defense Evasion,T1548.003,5402,Successful sudo to ROOT executed.,medium,Primary trigger evidence for S11-MAN-R003,Medium-confidence timestamp-derived label; retained after spot-check.
LBL-000568,ALERT-EBD9A0D5CC10B7BA,S11,,S11-MAN-R003,safesoc-lnx-01,2026-05-14T17:20:17.510-0400,benign,supporting,benign_baseline,manual,manual,,,,,Defense Evasion/Persistence/Privilege Escalation/Initial Access,T1078,5501,PAM: Login session opened.,medium,Primary trigger evidence for S11-MAN-R003,Medium-confidence timestamp-derived label; retained after spot-check.
LBL-000569,ALERT-7489B38C9FBE24BE,S11,,S11-MAN-R003,safesoc-lnx-01,2026-05-14T17:20:17.510-0400,benign,supporting,benign_baseline,manual,manual,,,,,N/A,N/A,5502,PAM: Login session closed.,medium,Primary trigger evidence for S11-MAN-R003,Medium-confidence timestamp-derived label; retained after spot-check.
LBL-000570,ALERT-43CFD998529CB2FA,S11,,S11-MAN-R003,safesoc-lnx-01,2026-05-14T17:20:17.510-0400,benign,supporting,benign_baseline,manual,manual,,,,,Defense Evasion/Persistence/Privilege Escalation/Initial Access,T1078,5501,PAM: Login session opened.,medium,Primary trigger evidence for S11-MAN-R003,Medium-confidence timestamp-derived label; retained after spot-check.
LBL-000571,ALERT-382C03DA33C13559,S11,,S11-MAN-R003,safesoc-lnx-01,2026-05-14T17:20:17.511-0400,benign,supporting,benign_baseline,manual,manual,,,,,N/A,N/A,5502,PAM: Login session closed.,medium,Primary trigger evidence for S11-MAN-R003,Medium-confidence timestamp-derived label; retained after spot-check.
LBL-000572,ALERT-637FD5711DE1B824,S11,,S11-MAN-R003,safesoc-lnx-01,2026-05-14T17:20:17.511-0400,benign,supporting,benign_baseline,manual,manual,,,,,Privilege Escalation/Defense Evasion,T1548.003,5402,Successful sudo to ROOT executed.,medium,Primary trigger evidence for S11-MAN-R003,Medium-confidence timestamp-derived label; retained after spot-check.
LBL-000573,ALERT-B56BA1117DD0095F,S11,,S11-MAN-R003,safesoc-lnx-01,2026-05-14T17:20:17.511-0400,benign,supporting,benign_baseline,manual,manual,,,,,N/A,N/A,5502,PAM: Login session closed.,medium,Primary trigger evidence for S11-MAN-R003,Medium-confidence timestamp-derived label; retained after spot-check.
LBL-000574,ALERT-F26619E4D5449D91,S11,,S11-MAN-R003,safesoc-lnx-01,2026-05-14T17:20:17.511-0400,benign,supporting,benign_baseline,manual,manual,,,,,Privilege Escalation/Defense Evasion,T1548.003,5402,Successful sudo to ROOT executed.,medium,Primary trigger evidence for S11-MAN-R003,Medium-confidence timestamp-derived label; retained after spot-check.
LBL-000575,ALERT-C4C1978CAF207791,S11,,S11-MAN-R003,safesoc-lnx-01,2026-05-14T17:20:17.511-0400,benign,supporting,benign_baseline,manual,manual,,,,,Defense Evasion/Persistence/Privilege Escalation/Initial Access,T1078,5501,PAM: Login session opened.,medium,Primary trigger evidence for S11-MAN-R003,Medium-confidence timestamp-derived label; retained after spot-check.
LBL-000576,ALERT-A60A1B0E19654F98,S11,,S11-MAN-R003,safesoc-lnx-01,2026-05-14T17:20:17.552-0400,benign,supporting,benign_baseline,manual,manual,,,,,Defense Evasion/Persistence/Privilege Escalation/Initial Access,T1078,5501,PAM: Login session opened.,medium,Primary trigger evidence for S11-MAN-R003,Medium-confidence timestamp-derived label; retained after spot-check.
LBL-000577,ALERT-826676CB86DEC9D0,S11,,S11-MAN-R003,safesoc-lnx-01,2026-05-14T17:20:17.551-0400,benign,supporting,benign_baseline,manual,manual,,,,,Privilege Escalation/Defense Evasion,T1548.003,5402,Successful sudo to ROOT executed.,medium,Primary trigger evidence for S11-MAN-R003,Medium-confidence timestamp-derived label; retained after spot-check.
LBL-000578,ALERT-C77D92AFF2AEF8EA,S11,,S11-MAN-R003,safesoc-lnx-01,2026-05-14T17:20:17.552-0400,benign,supporting,benign_baseline,manual,manual,,,,,N/A,N/A,5502,PAM: Login session closed.,medium,Primary trigger evidence for S11-MAN-R003,Medium-confidence timestamp-derived label; retained after spot-check.
LBL-000579,ALERT-EF5E25D946A2D478,S11,,S11-MAN-R003,safesoc-lnx-01,2026-05-14T17:20:17.552-0400,benign,supporting,benign_baseline,manual,manual,,,,,N/A,N/A,5502,PAM: Login session closed.,medium,Primary trigger evidence for S11-MAN-R003,Medium-confidence timestamp-derived label; retained after spot-check.
LBL-000580,ALERT-2A4B4C6F511011AB,S11,,S11-MAN-R003,safesoc-lnx-01,2026-05-14T17:20:17.552-0400,benign,supporting,benign_baseline,manual,manual,,,,,Privilege Escalation/Defense Evasion,T1548.003,5402,Successful sudo to ROOT executed.,medium,Primary trigger evidence for S11-MAN-R003,Medium-confidence timestamp-derived label; retained after spot-check.
LBL-000581,ALERT-D8C02F0F7B7029AD,S11,,S11-MAN-R003,safesoc-lnx-01,2026-05-14T17:20:17.552-0400,benign,supporting,benign_baseline,manual,manual,,,,,Defense Evasion/Persistence/Privilege Escalation/Initial Access,T1078,5501,PAM: Login session opened.,medium,Primary trigger evidence for S11-MAN-R003,Medium-confidence timestamp-derived label; retained after spot-check.
LBL-000582,ALERT-2DB795B95EB2E1FF,S12,,S12-MAN-R002,safesoc-win-01,2026-05-14T17:24:35.958-0400,ambiguous_noise,trigger,benign_noise,manual,manual,,,,,N/A,N/A,60642,Software protection service scheduled successfully.,high,Noisy/false-positive-like telemetry for S12-MAN-R002,Reviewed during Sprint 8 QA. Primary trigger evidence retained.
LBL-000583,ALERT-C5DFF3BB4D851D00,S12,,S12-MAN-R002,safesoc-win-01,2026-05-14T17:25:56.303-0400,ambiguous_noise,noise,benign_noise,manual,manual,,,,,N/A,N/A,60132,System time changed,medium,Noisy/false-positive-like telemetry for S12-MAN-R002,Medium-confidence timestamp-derived label; retained after spot-check.
LBL-000584,ALERT-D7783450A3D89584,S12,,S12-MAN-R002,safesoc-win-01,2026-05-14T17:31:31.350-0400,ambiguous_noise,noise,benign_noise,manual,manual,,,,,Impact,T1531,60122,Logon Failure - Unknown user or bad password,medium,Noisy/false-positive-like telemetry for S12-MAN-R002,Medium-confidence timestamp-derived label; retained after spot-check.
LBL-000585,ALERT-0E1E9FDB187AA7CD,S12,,S12-MAN-R002,safesoc-win-01,2026-05-14T17:31:58.726-0400,ambiguous_noise,noise,benign_noise,manual,manual,,,,,Defense Evasion/Persistence/Privilege Escalation/Initial Access,T1078,60118,Windows Workstation Logon Success,medium,Noisy/false-positive-like telemetry for S12-MAN-R002,Medium-confidence timestamp-derived label; retained after spot-check.
LBL-000586,ALERT-B29D1AEF2CB7574F,S12,,S12-MAN-R002,safesoc-win-01,2026-05-14T17:31:58.772-0400,ambiguous_noise,duplicate,benign_noise,manual,manual,,,,,Defense Evasion/Persistence/Privilege Escalation/Initial Access,T1078,60118,Windows Workstation Logon Success,medium,Duplicate repeated telemetry for S12-MAN-R002,Reviewed during Sprint 8 QA. Duplicate correlation reference retained for overlap and alert-fatigue analysis.
LBL-000587,ALERT-0C88D1D5A8134920,S12,,S12-MAN-R002,safesoc-win-01,2026-05-14T17:31:58.819-0400,ambiguous_noise,noise,benign_noise,manual,manual,,,,,Defense Evasion/Privilege Escalation,T1484,67028,Special privileges assigned to new logon.,medium,Noisy/false-positive-like telemetry for S12-MAN-R002,Medium-confidence timestamp-derived label; retained after spot-check.
LBL-000588,ALERT-DA9A9B287CC78B86,S12,,S12-MAN-R002,safesoc-win-01,2026-05-14T17:31:58.834-0400,ambiguous_noise,noise,benign_noise,manual,manual,,,,,N/A,N/A,67023,Non service account logged off.,medium,Noisy/false-positive-like telemetry for S12-MAN-R002,Medium-confidence timestamp-derived label; retained after spot-check.
LBL-000589,ALERT-38E0BF8311F09DE9,S12,,S12-MAN-R002,safesoc-win-01,2026-05-14T17:31:58.851-0400,ambiguous_noise,duplicate,benign_noise,manual,manual,,,,,N/A,N/A,67023,Non service account logged off.,medium,Duplicate repeated telemetry for S12-MAN-R002,Reviewed during Sprint 8 QA. Duplicate correlation reference retained for overlap and alert-fatigue analysis.
LBL-000590,ALERT-F011A7533F386CB3,S12,,S12-MAN-R002,safesoc-win-01,2026-05-14T17:32:30.458-0400,ambiguous_noise,duplicate,benign_noise,manual,manual,,,,,Impact,T1531,60122,Logon Failure - Unknown user or bad password,medium,Duplicate repeated telemetry for S12-MAN-R002,Reviewed during Sprint 8 QA. Duplicate correlation reference retained for overlap and alert-fatigue analysis.
LBL-000591,ALERT-C1E4AAFE61EAF26B,S12,,S12-MAN-R002,safesoc-win-01,2026-05-14T17:32:35.493-0400,ambiguous_noise,duplicate,benign_noise,manual,manual,,,,,Defense Evasion/Persistence/Privilege Escalation/Initial Access,T1078,60118,Windows Workstation Logon Success,medium,Duplicate repeated telemetry for S12-MAN-R002,Reviewed during Sprint 8 QA. Duplicate correlation reference retained for overlap and alert-fatigue analysis.
LBL-000592,ALERT-C34A66E2285F6961,S12,,S12-MAN-R002,safesoc-win-01,2026-05-14T17:32:35.688-0400,ambiguous_noise,duplicate,benign_noise,manual,manual,,,,,Defense Evasion/Persistence/Privilege Escalation/Initial Access,T1078,60118,Windows Workstation Logon Success,medium,Duplicate repeated telemetry for S12-MAN-R002,Reviewed during Sprint 8 QA. Duplicate correlation reference retained for overlap and alert-fatigue analysis.
LBL-000593,ALERT-AEDABD5E395F0083,S12,,S12-MAN-R002,safesoc-win-01,2026-05-14T17:32:35.815-0400,ambiguous_noise,duplicate,benign_noise,manual,manual,,,,,Defense Evasion/Privilege Escalation,T1484,67028,Special privileges assigned to new logon.,medium,Duplicate repeated telemetry for S12-MAN-R002,Reviewed during Sprint 8 QA. Duplicate correlation reference retained for overlap and alert-fatigue analysis.
LBL-000594,ALERT-48E9832264003FCA,S12,,S12-MAN-R002,safesoc-win-01,2026-05-14T17:32:36.004-0400,ambiguous_noise,duplicate,benign_noise,manual,manual,,,,,N/A,N/A,67023,Non service account logged off.,medium,Duplicate repeated telemetry for S12-MAN-R002,Reviewed during Sprint 8 QA. Duplicate correlation reference retained for overlap and alert-fatigue analysis.
LBL-000595,ALERT-8C67BD1F628DBFBF,S12,,S12-MAN-R002,safesoc-win-01,2026-05-14T17:32:36.421-0400,ambiguous_noise,duplicate,benign_noise,manual,manual,,,,,N/A,N/A,67023,Non service account logged off.,medium,Duplicate repeated telemetry for S12-MAN-R002,Reviewed during Sprint 8 QA. Duplicate correlation reference retained for overlap and alert-fatigue analysis.
LBL-000596,ALERT-ECD117751EF59C24,,,BACKGROUND-SAMPLE,safesoc-wazuh-01,2026-05-15T00:00:24.769-0400,unrelated_background,unrelated,background,background_sample,wazuh,,,,,N/A,N/A,52002,Apparmor DENIED,medium,Stratified background alert sampled from raw Wazuh export and not correlated to a scenario run.,Medium-confidence timestamp-derived unrelated/background label; retained after Sprint 8 spot-check.
LBL-000597,ALERT-D86B04917478E66D,,,BACKGROUND-SAMPLE,safesoc-wazuh-01,2026-05-15T00:00:58.778-0400,unrelated_background,unrelated,background,background_sample,wazuh,,,,,N/A,N/A,52002,Apparmor DENIED,medium,Stratified background alert sampled from raw Wazuh export and not correlated to a scenario run.,Medium-confidence timestamp-derived unrelated/background label; retained after Sprint 8 spot-check.
LBL-000598,ALERT-EF87045FE313B341,,,BACKGROUND-SAMPLE,safesoc-wazuh-01,2026-05-15T00:04:00.786-0400,unrelated_background,unrelated,background,background_sample,wazuh,,,,,N/A,N/A,533,Listened ports status (netstat) changed (new port opened or closed).,medium,Stratified background alert sampled from raw Wazuh export and not correlated to a scenario run.,Medium-confidence timestamp-derived unrelated/background label; retained after Sprint 8 spot-check.
LBL-000599,ALERT-A278DC3CA7E98F8B,,,BACKGROUND-SAMPLE,safesoc-wazuh-01,2026-05-15T01:01:17.896-0400,unrelated_background,unrelated,background,background_sample,wazuh,,,,,N/A,N/A,5502,PAM: Login session closed.,medium,Stratified background alert sampled from raw Wazuh export and not correlated to a scenario run.,Medium-confidence timestamp-derived unrelated/background label; retained after Sprint 8 spot-check.
LBL-000600,ALERT-FBB0173B770957CB,,,BACKGROUND-SAMPLE,safesoc-wazuh-01,2026-05-15T01:01:17.896-0400,unrelated_background,unrelated,background,background_sample,wazuh,,,,,N/A,N/A,5402,Successful sudo to ROOT executed.,medium,Stratified background alert sampled from raw Wazuh export and not correlated to a scenario run.,Medium-confidence timestamp-derived unrelated/background label; retained after Sprint 8 spot-check.
LBL-000601,ALERT-AEE3F32B12042B80,,,BACKGROUND-SAMPLE,safesoc-wazuh-01,2026-05-15T01:01:17.896-0400,unrelated_background,unrelated,background,background_sample,wazuh,,,,,N/A,N/A,5501,PAM: Login session opened.,medium,Stratified background alert sampled from raw Wazuh export and not correlated to a scenario run.,Medium-confidence timestamp-derived unrelated/background label; retained after Sprint 8 spot-check.
LBL-000602,ALERT-855CDC2AFFF821AD,,,BACKGROUND-SAMPLE,safesoc-wazuh-01,2026-05-15T01:02:07.913-0400,unrelated_background,unrelated,background,background_sample,wazuh,,,,,N/A,N/A,5402,Successful sudo to ROOT executed.,medium,Stratified background alert sampled from raw Wazuh export and not correlated to a scenario run.,Medium-confidence timestamp-derived unrelated/background label; retained after Sprint 8 spot-check.
LBL-000603,ALERT-BD1514F723FB5985,,,BACKGROUND-SAMPLE,safesoc-wazuh-01,2026-05-15T01:02:07.913-0400,unrelated_background,unrelated,background,background_sample,wazuh,,,,,N/A,N/A,5501,PAM: Login session opened.,medium,Stratified background alert sampled from raw Wazuh export and not correlated to a scenario run.,Medium-confidence timestamp-derived unrelated/background label; retained after Sprint 8 spot-check.
LBL-000604,ALERT-E99D578A97AB1CD0,,,BACKGROUND-SAMPLE,safesoc-wazuh-01,2026-05-15T01:02:07.913-0400,unrelated_background,unrelated,background,background_sample,wazuh,,,,,N/A,N/A,5502,PAM: Login session closed.,medium,Stratified background alert sampled from raw Wazuh export and not correlated to a scenario run.,Medium-confidence timestamp-derived unrelated/background label; retained after Sprint 8 spot-check.
LBL-000605,ALERT-68F2604EFC92FEC1,,,BACKGROUND-SAMPLE,safesoc-wazuh-01,2026-05-15T01:02:07.913-0400,unrelated_background,unrelated,background,background_sample,wazuh,,,,,N/A,N/A,5402,Successful sudo to ROOT executed.,medium,Stratified background alert sampled from raw Wazuh export and not correlated to a scenario run.,Medium-confidence timestamp-derived unrelated/background label; retained after Sprint 8 spot-check.
LBL-000606,ALERT-8BEEE1CFE21225E2,,,BACKGROUND-SAMPLE,safesoc-wazuh-01,2026-05-15T01:02:07.913-0400,unrelated_background,unrelated,background,background_sample,wazuh,,,,,N/A,N/A,5502,PAM: Login session closed.,medium,Stratified background alert sampled from raw Wazuh export and not correlated to a scenario run.,Medium-confidence timestamp-derived unrelated/background label; retained after Sprint 8 spot-check.
LBL-000607,ALERT-5F028D5494B2FDA1,,,BACKGROUND-SAMPLE,safesoc-wazuh-01,2026-05-15T01:02:07.913-0400,unrelated_background,unrelated,background,background_sample,wazuh,,,,,N/A,N/A,5501,PAM: Login session opened.,medium,Stratified background alert sampled from raw Wazuh export and not correlated to a scenario run.,Medium-confidence timestamp-derived unrelated/background label; retained after Sprint 8 spot-check.
LBL-000608,ALERT-D762B25EFA674385,,,BACKGROUND-SAMPLE,safesoc-wazuh-01,2026-05-15T01:03:53.941-0400,unrelated_background,unrelated,background,background_sample,wazuh,,,,,N/A,N/A,5402,Successful sudo to ROOT executed.,medium,Stratified background alert sampled from raw Wazuh export and not correlated to a scenario run.,Medium-confidence timestamp-derived unrelated/background label; retained after Sprint 8 spot-check.
LBL-000609,ALERT-EDF2644B77A32F20,,,BACKGROUND-SAMPLE,safesoc-wazuh-01,2026-05-15T01:03:53.942-0400,unrelated_background,unrelated,background,background_sample,wazuh,,,,,N/A,N/A,5501,PAM: Login session opened.,medium,Stratified background alert sampled from raw Wazuh export and not correlated to a scenario run.,Medium-confidence timestamp-derived unrelated/background label; retained after Sprint 8 spot-check.
LBL-000610,ALERT-998FF516906DD720,,,BACKGROUND-SAMPLE,safesoc-wazuh-01,2026-05-15T01:04:03.943-0400,unrelated_background,unrelated,background,background_sample,wazuh,,,,,N/A,N/A,5501,PAM: Login session opened.,medium,Stratified background alert sampled from raw Wazuh export and not correlated to a scenario run.,Medium-confidence timestamp-derived unrelated/background label; retained after Sprint 8 spot-check.
LBL-000611,ALERT-A7A13AC4D44EBB0E,,,BACKGROUND-SAMPLE,safesoc-wazuh-01,2026-05-15T01:04:03.943-0400,unrelated_background,unrelated,background,background_sample,wazuh,,,,,N/A,N/A,5502,PAM: Login session closed.,medium,Stratified background alert sampled from raw Wazuh export and not correlated to a scenario run.,Medium-confidence timestamp-derived unrelated/background label; retained after Sprint 8 spot-check.
LBL-000612,ALERT-01231FC3EF1DFF6D,,,BACKGROUND-SAMPLE,safesoc-wazuh-01,2026-05-15T01:04:03.943-0400,unrelated_background,unrelated,background,background_sample,wazuh,,,,,N/A,N/A,5402,Successful sudo to ROOT executed.,medium,Stratified background alert sampled from raw Wazuh export and not correlated to a scenario run.,Medium-confidence timestamp-derived unrelated/background label; retained after Sprint 8 spot-check.
LBL-000613,ALERT-86E0B36422174DEB,,,BACKGROUND-SAMPLE,safesoc-wazuh-01,2026-05-15T01:04:05.870-0400,unrelated_background,unrelated,background,background_sample,wazuh,,,,,N/A,N/A,2901,New dpkg (Debian Package) requested to install.,medium,Stratified background alert sampled from raw Wazuh export and not correlated to a scenario run.,Medium-confidence timestamp-derived unrelated/background label; retained after Sprint 8 spot-check.
LBL-000614,ALERT-CCA61268F869344C,,,BACKGROUND-SAMPLE,safesoc-wazuh-01,2026-05-15T01:04:05.869-0400,unrelated_background,unrelated,background,background_sample,wazuh,,,,,N/A,N/A,2901,New dpkg (Debian Package) requested to install.,medium,Stratified background alert sampled from raw Wazuh export and not correlated to a scenario run.,Medium-confidence timestamp-derived unrelated/background label; retained after Sprint 8 spot-check.
LBL-000615,ALERT-E4A5587AF9503B26,,,BACKGROUND-SAMPLE,safesoc-wazuh-01,2026-05-15T01:04:05.870-0400,unrelated_background,unrelated,background,background_sample,wazuh,,,,,N/A,N/A,2901,New dpkg (Debian Package) requested to install.,medium,Stratified background alert sampled from raw Wazuh export and not correlated to a scenario run.,Medium-confidence timestamp-derived unrelated/background label; retained after Sprint 8 spot-check.
LBL-000616,ALERT-33466FC012CA2DAF,,,BACKGROUND-SAMPLE,safesoc-wazuh-01,2026-05-15T01:04:05.870-0400,unrelated_background,unrelated,background,background_sample,wazuh,,,,,N/A,N/A,2902,New dpkg (Debian Package) installed.,medium,Stratified background alert sampled from raw Wazuh export and not correlated to a scenario run.,Medium-confidence timestamp-derived unrelated/background label; retained after Sprint 8 spot-check.
LBL-000617,ALERT-A6387A59B5DF8B4C,,,BACKGROUND-SAMPLE,safesoc-wazuh-01,2026-05-15T01:04:05.870-0400,unrelated_background,unrelated,background,background_sample,wazuh,,,,,N/A,N/A,2901,New dpkg (Debian Package) requested to install.,medium,Stratified background alert sampled from raw Wazuh export and not correlated to a scenario run.,Medium-confidence timestamp-derived unrelated/background label; retained after Sprint 8 spot-check.
LBL-000618,ALERT-ECD5B6E3DF0DEDD7,,,BACKGROUND-SAMPLE,safesoc-wazuh-01,2026-05-15T01:04:05.870-0400,unrelated_background,unrelated,background,background_sample,wazuh,,,,,N/A,N/A,2904,Dpkg (Debian Package) half configured.,medium,Stratified background alert sampled from raw Wazuh export and not correlated to a scenario run.,Medium-confidence timestamp-derived unrelated/background label; retained after Sprint 8 spot-check.
LBL-000619,ALERT-75814DC44631384F,,,BACKGROUND-SAMPLE,safesoc-wazuh-01,2026-05-15T01:04:05.870-0400,unrelated_background,unrelated,background,background_sample,wazuh,,,,,N/A,N/A,2904,Dpkg (Debian Package) half configured.,medium,Stratified background alert sampled from raw Wazuh export and not correlated to a scenario run.,Medium-confidence timestamp-derived unrelated/background label; retained after Sprint 8 spot-check.
LBL-000620,ALERT-237075F096259D0D,,,BACKGROUND-SAMPLE,safesoc-wazuh-01,2026-05-15T01:04:05.870-0400,unrelated_background,unrelated,background,background_sample,wazuh,,,,,N/A,N/A,2902,New dpkg (Debian Package) installed.,medium,Stratified background alert sampled from raw Wazuh export and not correlated to a scenario run.,Medium-confidence timestamp-derived unrelated/background label; retained after Sprint 8 spot-check.
LBL-000621,ALERT-24FD1F227CDFBFEA,,,BACKGROUND-SAMPLE,safesoc-wazuh-01,2026-05-15T01:04:05.870-0400,unrelated_background,unrelated,background,background_sample,wazuh,,,,,N/A,N/A,2902,New dpkg (Debian Package) installed.,medium,Stratified background alert sampled from raw Wazuh export and not correlated to a scenario run.,Medium-confidence timestamp-derived unrelated/background label; retained after Sprint 8 spot-check.
LBL-000622,ALERT-6A02E9A0E51559EB,,,BACKGROUND-SAMPLE,safesoc-wazuh-01,2026-05-15T01:04:05.871-0400,unrelated_background,unrelated,background,background_sample,wazuh,,,,,N/A,N/A,2904,Dpkg (Debian Package) half configured.,medium,Stratified background alert sampled from raw Wazuh export and not correlated to a scenario run.,Medium-confidence timestamp-derived unrelated/background label; retained after Sprint 8 spot-check.
LBL-000623,ALERT-0DD0C672AD119AD9,,,BACKGROUND-SAMPLE,safesoc-wazuh-01,2026-05-15T01:04:05.871-0400,unrelated_background,unrelated,background,background_sample,wazuh,,,,,N/A,N/A,2902,New dpkg (Debian Package) installed.,medium,Stratified background alert sampled from raw Wazuh export and not correlated to a scenario run.,Medium-confidence timestamp-derived unrelated/background label; retained after Sprint 8 spot-check.
LBL-000624,ALERT-18DD473578BB1334,,,BACKGROUND-SAMPLE,safesoc-wazuh-01,2026-05-15T01:04:05.870-0400,unrelated_background,unrelated,background,background_sample,wazuh,,,,,N/A,N/A,2904,Dpkg (Debian Package) half configured.,medium,Stratified background alert sampled from raw Wazuh export and not correlated to a scenario run.,Medium-confidence timestamp-derived unrelated/background label; retained after Sprint 8 spot-check.
LBL-000625,ALERT-A66675FB1782B57E,,,BACKGROUND-SAMPLE,safesoc-wazuh-01,2026-05-15T01:04:05.871-0400,unrelated_background,unrelated,background,background_sample,wazuh,,,,,N/A,N/A,2904,Dpkg (Debian Package) half configured.,medium,Stratified background alert sampled from raw Wazuh export and not correlated to a scenario run.,Medium-confidence timestamp-derived unrelated/background label; retained after Sprint 8 spot-check.
LBL-000626,ALERT-169EF09AEBFEC6B7,,,BACKGROUND-SAMPLE,safesoc-wazuh-01,2026-05-15T01:04:05.944-0400,unrelated_background,unrelated,background,background_sample,wazuh,,,,,N/A,N/A,5902,New user added to the system.,medium,Stratified background alert sampled from raw Wazuh export and not correlated to a scenario run.,Medium-confidence timestamp-derived unrelated/background label; retained after Sprint 8 spot-check.
LBL-000627,ALERT-A85B09A7D19B65B8,,,BACKGROUND-SAMPLE,safesoc-wazuh-01,2026-05-15T01:04:07.869-0400,unrelated_background,unrelated,background,background_sample,wazuh,,,,,N/A,N/A,2902,New dpkg (Debian Package) installed.,medium,Stratified background alert sampled from raw Wazuh export and not correlated to a scenario run.,Medium-confidence timestamp-derived unrelated/background label; retained after Sprint 8 spot-check.
LBL-000628,ALERT-3EFF575B572A83F1,,,BACKGROUND-SAMPLE,safesoc-wazuh-01,2026-05-15T01:04:09.946-0400,unrelated_background,unrelated,background,background_sample,wazuh,,,,,N/A,N/A,5502,PAM: Login session closed.,medium,Stratified background alert sampled from raw Wazuh export and not correlated to a scenario run.,Medium-confidence timestamp-derived unrelated/background label; retained after Sprint 8 spot-check.
LBL-000629,ALERT-E472A3AF785F941E,,,BACKGROUND-SAMPLE,safesoc-wazuh-01,2026-05-15T01:04:31.955-0400,unrelated_background,unrelated,background,background_sample,wazuh,,,,,N/A,N/A,5715,sshd: authentication success.,medium,Stratified background alert sampled from raw Wazuh export and not correlated to a scenario run.,Medium-confidence timestamp-derived unrelated/background label; retained after Sprint 8 spot-check.
LBL-000630,ALERT-AA9FF9F809529AD4,,,BACKGROUND-SAMPLE,safesoc-wazuh-01,2026-05-15T01:05:47.976-0400,unrelated_background,unrelated,background,background_sample,wazuh,,,,,N/A,N/A,5715,sshd: authentication success.,medium,Stratified background alert sampled from raw Wazuh export and not correlated to a scenario run.,Medium-confidence timestamp-derived unrelated/background label; retained after Sprint 8 spot-check.
LBL-000631,ALERT-6BCCCC8D47F91CCB,,,BACKGROUND-SAMPLE,safesoc-wazuh-01,2026-05-15T01:10:01.991-0400,unrelated_background,unrelated,background,background_sample,wazuh,,,,,N/A,N/A,533,Listened ports status (netstat) changed (new port opened or closed).,medium,Stratified background alert sampled from raw Wazuh export and not correlated to a scenario run.,Medium-confidence timestamp-derived unrelated/background label; retained after Sprint 8 spot-check.
LBL-000632,ALERT-ECD117751EF59C24,,,BACKGROUND-SAMPLE,safesoc-wazuh-01,2026-05-15T00:00:24.769-0400,unrelated_background,unrelated,background,background_sample,wazuh,,,,,N/A,N/A,52002,Apparmor DENIED,medium,Stratified background alert sampled from raw Wazuh export and not correlated to a scenario run.,Medium-confidence timestamp-derived unrelated/background label; retained after Sprint 8 spot-check.
LBL-000633,ALERT-D86B04917478E66D,,,BACKGROUND-SAMPLE,safesoc-wazuh-01,2026-05-15T00:00:58.778-0400,unrelated_background,unrelated,background,background_sample,wazuh,,,,,N/A,N/A,52002,Apparmor DENIED,medium,Stratified background alert sampled from raw Wazuh export and not correlated to a scenario run.,Medium-confidence timestamp-derived unrelated/background label; retained after Sprint 8 spot-check.
LBL-000634,ALERT-EF87045FE313B341,,,BACKGROUND-SAMPLE,safesoc-wazuh-01,2026-05-15T00:04:00.786-0400,unrelated_background,unrelated,background,background_sample,wazuh,,,,,N/A,N/A,533,Listened ports status (netstat) changed (new port opened or closed).,medium,Stratified background alert sampled from raw Wazuh export and not correlated to a scenario run.,Medium-confidence timestamp-derived unrelated/background label; retained after Sprint 8 spot-check.
LBL-000635,ALERT-86E0B36422174DEB,,,BACKGROUND-SAMPLE,safesoc-wazuh-01,2026-05-15T01:04:05.870-0400,unrelated_background,unrelated,background,background_sample,wazuh,,,,,N/A,N/A,2901,New dpkg (Debian Package) requested to install.,medium,Stratified background alert sampled from raw Wazuh export and not correlated to a scenario run.,Medium-confidence timestamp-derived unrelated/background label; retained after Sprint 8 spot-check.
LBL-000636,ALERT-169EF09AEBFEC6B7,,,BACKGROUND-SAMPLE,safesoc-wazuh-01,2026-05-15T01:04:05.944-0400,unrelated_background,unrelated,background,background_sample,wazuh,,,,,N/A,N/A,5902,New user added to the system.,medium,Stratified background alert sampled from raw Wazuh export and not correlated to a scenario run.,Medium-confidence timestamp-derived unrelated/background label; retained after Sprint 8 spot-check.
LBL-000637,ALERT-E472A3AF785F941E,,,BACKGROUND-SAMPLE,safesoc-wazuh-01,2026-05-15T01:04:31.955-0400,unrelated_background,unrelated,background,background_sample,wazuh,,,,,N/A,N/A,5715,sshd: authentication success.,medium,Stratified background alert sampled from raw Wazuh export and not correlated to a scenario run.,Medium-confidence timestamp-derived unrelated/background label; retained after Sprint 8 spot-check.
LBL-000638,ALERT-AA9FF9F809529AD4,,,BACKGROUND-SAMPLE,safesoc-wazuh-01,2026-05-15T01:05:47.976-0400,unrelated_background,unrelated,background,background_sample,wazuh,,,,,N/A,N/A,5715,sshd: authentication success.,medium,Stratified background alert sampled from raw Wazuh export and not correlated to a scenario run.,Medium-confidence timestamp-derived unrelated/background label; retained after Sprint 8 spot-check.
LBL-000639,ALERT-6BCCCC8D47F91CCB,,,BACKGROUND-SAMPLE,safesoc-wazuh-01,2026-05-15T01:10:01.991-0400,unrelated_background,unrelated,background,background_sample,wazuh,,,,,N/A,N/A,533,Listened ports status (netstat) changed (new port opened or closed).,medium,Stratified background alert sampled from raw Wazuh export and not correlated to a scenario run.,Medium-confidence timestamp-derived unrelated/background label; retained after Sprint 8 spot-check.
LBL-000640,ALERT-AB10DA197C9AFFD2,,,BACKGROUND-SAMPLE,safesoc-lnx-01,2026-05-14T00:00:28.914-0400,unrelated_background,unrelated,background,background_sample,wazuh,,,,,N/A,N/A,52002,Apparmor DENIED,medium,Stratified background alert sampled from raw Wazuh export and not correlated to a scenario run.,Medium-confidence timestamp-derived unrelated/background label; retained after Sprint 8 spot-check.
LBL-000641,ALERT-181142700254628D,,,BACKGROUND-SAMPLE,safesoc-wazuh-01,2026-05-14T00:00:58.707-0400,unrelated_background,unrelated,background,background_sample,wazuh,,,,,N/A,N/A,52002,Apparmor DENIED,medium,Stratified background alert sampled from raw Wazuh export and not correlated to a scenario run.,Medium-confidence timestamp-derived unrelated/background label; retained after Sprint 8 spot-check.
LBL-000642,ALERT-B4D2FC7D628E1F81,,,BACKGROUND-SAMPLE,safesoc-lnx-01,2026-05-14T03:00:07.649-0400,unrelated_background,unrelated,background,background_sample,wazuh,,,,,N/A,N/A,52002,Apparmor DENIED,medium,Stratified background alert sampled from raw Wazuh export and not correlated to a scenario run.,Medium-confidence timestamp-derived unrelated/background label; retained after Sprint 8 spot-check.
LBL-000643,ALERT-CDCD7ECD100B9E0D,,,BACKGROUND-SAMPLE,safesoc-lnx-01,2026-05-14T03:01:21.651-0400,unrelated_background,unrelated,background,background_sample,wazuh,,,,,N/A,N/A,5501,PAM: Login session opened.,medium,Stratified background alert sampled from raw Wazuh export and not correlated to a scenario run.,Medium-confidence timestamp-derived unrelated/background label; retained after Sprint 8 spot-check.
LBL-000644,ALERT-70FA41EEFBF412FC,,,BACKGROUND-SAMPLE,safesoc-wazuh-01,2026-05-14T03:03:03.560-0400,unrelated_background,unrelated,background,background_sample,wazuh,,,,,N/A,N/A,550,Integrity checksum changed.,medium,Stratified background alert sampled from raw Wazuh export and not correlated to a scenario run.,Medium-confidence timestamp-derived unrelated/background label; retained after Sprint 8 spot-check.
LBL-000645,ALERT-C848A6AD019926EA,,,BACKGROUND-SAMPLE,safesoc-wazuh-01,2026-05-14T03:03:03.584-0400,unrelated_background,unrelated,background,background_sample,wazuh,,,,,N/A,N/A,550,Integrity checksum changed.,medium,Stratified background alert sampled from raw Wazuh export and not correlated to a scenario run.,Medium-confidence timestamp-derived unrelated/background label; retained after Sprint 8 spot-check.
LBL-000646,ALERT-4DD9A384EBBD17DC,,,BACKGROUND-SAMPLE,safesoc-wazuh-01,2026-05-14T03:03:03.586-0400,unrelated_background,unrelated,background,background_sample,wazuh,,,,,N/A,N/A,550,Integrity checksum changed.,medium,Stratified background alert sampled from raw Wazuh export and not correlated to a scenario run.,Medium-confidence timestamp-derived unrelated/background label; retained after Sprint 8 spot-check.
LBL-000647,ALERT-6EFE4E01D0653009,,,BACKGROUND-SAMPLE,safesoc-wazuh-01,2026-05-14T03:03:03.588-0400,unrelated_background,unrelated,background,background_sample,wazuh,,,,,N/A,N/A,550,Integrity checksum changed.,medium,Stratified background alert sampled from raw Wazuh export and not correlated to a scenario run.,Medium-confidence timestamp-derived unrelated/background label; retained after Sprint 8 spot-check.
LBL-000648,ALERT-894907C06471D957,,,BACKGROUND-SAMPLE,safesoc-wazuh-01,2026-05-14T03:03:03.661-0400,unrelated_background,unrelated,background,background_sample,wazuh,,,,,N/A,N/A,550,Integrity checksum changed.,medium,Stratified background alert sampled from raw Wazuh export and not correlated to a scenario run.,Medium-confidence timestamp-derived unrelated/background label; retained after Sprint 8 spot-check.
LBL-000649,ALERT-445AE7248E585D7B,,,BACKGROUND-SAMPLE,safesoc-wazuh-01,2026-05-14T03:03:03.949-0400,unrelated_background,unrelated,background,background_sample,wazuh,,,,,N/A,N/A,554,File added to the system.,medium,Stratified background alert sampled from raw Wazuh export and not correlated to a scenario run.,Medium-confidence timestamp-derived unrelated/background label; retained after Sprint 8 spot-check.
LBL-000650,ALERT-B2FBAEF2FC4B15F1,,,BACKGROUND-SAMPLE,safesoc-wazuh-01,2026-05-14T03:03:03.953-0400,unrelated_background,unrelated,background,background_sample,wazuh,,,,,N/A,N/A,554,File added to the system.,medium,Stratified background alert sampled from raw Wazuh export and not correlated to a scenario run.,Medium-confidence timestamp-derived unrelated/background label; retained after Sprint 8 spot-check.
LBL-000651,ALERT-8B423AB04237081D,,,BACKGROUND-SAMPLE,safesoc-wazuh-01,2026-05-14T03:03:03.955-0400,unrelated_background,unrelated,background,background_sample,wazuh,,,,,N/A,N/A,554,File added to the system.,medium,Stratified background alert sampled from raw Wazuh export and not correlated to a scenario run.,Medium-confidence timestamp-derived unrelated/background label; retained after Sprint 8 spot-check.
LBL-000652,ALERT-4B292CECE3577D7E,,,BACKGROUND-SAMPLE,safesoc-wazuh-01,2026-05-14T03:03:03.958-0400,unrelated_background,unrelated,background,background_sample,wazuh,,,,,N/A,N/A,554,File added to the system.,medium,Stratified background alert sampled from raw Wazuh export and not correlated to a scenario run.,Medium-confidence timestamp-derived unrelated/background label; retained after Sprint 8 spot-check.
LBL-000653,ALERT-AF8C5A4929152652,,,BACKGROUND-SAMPLE,safesoc-wazuh-01,2026-05-14T03:03:06.489-0400,unrelated_background,unrelated,background,background_sample,wazuh,,,,,N/A,N/A,553,File deleted.,medium,Stratified background alert sampled from raw Wazuh export and not correlated to a scenario run.,Medium-confidence timestamp-derived unrelated/background label; retained after Sprint 8 spot-check.
LBL-000654,ALERT-B28EBA68574A4D09,,,BACKGROUND-SAMPLE,safesoc-wazuh-01,2026-05-14T03:03:06.489-0400,unrelated_background,unrelated,background,background_sample,wazuh,,,,,N/A,N/A,553,File deleted.,medium,Stratified background alert sampled from raw Wazuh export and not correlated to a scenario run.,Medium-confidence timestamp-derived unrelated/background label; retained after Sprint 8 spot-check.
LBL-000655,ALERT-81DB5912C44F3738,,,BACKGROUND-SAMPLE,safesoc-wazuh-01,2026-05-14T03:03:06.489-0400,unrelated_background,unrelated,background,background_sample,wazuh,,,,,N/A,N/A,553,File deleted.,medium,Stratified background alert sampled from raw Wazuh export and not correlated to a scenario run.,Medium-confidence timestamp-derived unrelated/background label; retained after Sprint 8 spot-check.
LBL-000656,ALERT-7B6E12670F9EDA7D,,,BACKGROUND-SAMPLE,safesoc-wazuh-01,2026-05-14T03:03:06.489-0400,unrelated_background,unrelated,background,background_sample,wazuh,,,,,N/A,N/A,553,File deleted.,medium,Stratified background alert sampled from raw Wazuh export and not correlated to a scenario run.,Medium-confidence timestamp-derived unrelated/background label; retained after Sprint 8 spot-check.
LBL-000657,ALERT-FE11179DC5D4E764,,,BACKGROUND-SAMPLE,safesoc-wazuh-01,2026-05-14T03:03:06.489-0400,unrelated_background,unrelated,background,background_sample,wazuh,,,,,N/A,N/A,553,File deleted.,medium,Stratified background alert sampled from raw Wazuh export and not correlated to a scenario run.,Medium-confidence timestamp-derived unrelated/background label; retained after Sprint 8 spot-check.
LBL-000658,ALERT-97F253B44CB43ED7,,,BACKGROUND-SAMPLE,safesoc-lnx-01,2026-05-14T03:16:21.881-0400,unrelated_background,unrelated,background,background_sample,wazuh,,,,,N/A,N/A,5501,PAM: Login session opened.,medium,Stratified background alert sampled from raw Wazuh export and not correlated to a scenario run.,Medium-confidence timestamp-derived unrelated/background label; retained after Sprint 8 spot-check.
LBL-000659,ALERT-A94177FE2159AB0B,,,BACKGROUND-SAMPLE,safesoc-lnx-01,2026-05-14T06:00:30.757-0400,unrelated_background,unrelated,background,background_sample,wazuh,,,,,N/A,N/A,52002,Apparmor DENIED,medium,Stratified background alert sampled from raw Wazuh export and not correlated to a scenario run.,Medium-confidence timestamp-derived unrelated/background label; retained after Sprint 8 spot-check.
LBL-000660,ALERT-46826299E74BF74D,,,BACKGROUND-SAMPLE,safesoc-lnx-01,2026-05-14T06:10:20.463-0400,unrelated_background,unrelated,background,background_sample,wazuh,,,,,N/A,N/A,2904,Dpkg (Debian Package) half configured.,medium,Stratified background alert sampled from raw Wazuh export and not correlated to a scenario run.,Medium-confidence timestamp-derived unrelated/background label; retained after Sprint 8 spot-check.
LBL-000661,ALERT-22EE463016DF55CE,,,BACKGROUND-SAMPLE,safesoc-lnx-01,2026-05-14T06:10:20.462-0400,unrelated_background,unrelated,background,background_sample,wazuh,,,,,N/A,N/A,2904,Dpkg (Debian Package) half configured.,medium,Stratified background alert sampled from raw Wazuh export and not correlated to a scenario run.,Medium-confidence timestamp-derived unrelated/background label; retained after Sprint 8 spot-check.
LBL-000662,ALERT-8F96CDCE68DF495C,,,BACKGROUND-SAMPLE,safesoc-lnx-01,2026-05-14T06:10:20.503-0400,unrelated_background,unrelated,background,background_sample,wazuh,,,,,N/A,N/A,2904,Dpkg (Debian Package) half configured.,medium,Stratified background alert sampled from raw Wazuh export and not correlated to a scenario run.,Medium-confidence timestamp-derived unrelated/background label; retained after Sprint 8 spot-check.
LBL-000663,ALERT-A046606DBDAB5329,,,BACKGROUND-SAMPLE,safesoc-lnx-01,2026-05-14T06:10:20.920-0400,unrelated_background,unrelated,background,background_sample,wazuh,,,,,N/A,N/A,2904,Dpkg (Debian Package) half configured.,medium,Stratified background alert sampled from raw Wazuh export and not correlated to a scenario run.,Medium-confidence timestamp-derived unrelated/background label; retained after Sprint 8 spot-check.
LBL-000664,ALERT-1A3459B4533005F9,,,BACKGROUND-SAMPLE,safesoc-lnx-01,2026-05-14T06:10:20.935-0400,unrelated_background,unrelated,background,background_sample,wazuh,,,,,N/A,N/A,2904,Dpkg (Debian Package) half configured.,medium,Stratified background alert sampled from raw Wazuh export and not correlated to a scenario run.,Medium-confidence timestamp-derived unrelated/background label; retained after Sprint 8 spot-check.
LBL-000665,ALERT-A89F6BF2E3B0F309,,,BACKGROUND-SAMPLE,safesoc-lnx-01,2026-05-14T06:10:20.964-0400,unrelated_background,unrelated,background,background_sample,wazuh,,,,,N/A,N/A,2902,New dpkg (Debian Package) installed.,medium,Stratified background alert sampled from raw Wazuh export and not correlated to a scenario run.,Medium-confidence timestamp-derived unrelated/background label; retained after Sprint 8 spot-check.
LBL-000666,ALERT-E4F24B43CCC62743,,,BACKGROUND-SAMPLE,safesoc-lnx-01,2026-05-14T06:10:20.973-0400,unrelated_background,unrelated,background,background_sample,wazuh,,,,,N/A,N/A,2902,New dpkg (Debian Package) installed.,medium,Stratified background alert sampled from raw Wazuh export and not correlated to a scenario run.,Medium-confidence timestamp-derived unrelated/background label; retained after Sprint 8 spot-check.
LBL-000667,ALERT-6BD00D9CA48DA577,,,BACKGROUND-SAMPLE,safesoc-lnx-01,2026-05-14T06:10:20.982-0400,unrelated_background,unrelated,background,background_sample,wazuh,,,,,N/A,N/A,2902,New dpkg (Debian Package) installed.,medium,Stratified background alert sampled from raw Wazuh export and not correlated to a scenario run.,Medium-confidence timestamp-derived unrelated/background label; retained after Sprint 8 spot-check.
LBL-000668,ALERT-5751589229947E77,,,BACKGROUND-SAMPLE,safesoc-lnx-01,2026-05-14T06:10:20.990-0400,unrelated_background,unrelated,background,background_sample,wazuh,,,,,N/A,N/A,2902,New dpkg (Debian Package) installed.,medium,Stratified background alert sampled from raw Wazuh export and not correlated to a scenario run.,Medium-confidence timestamp-derived unrelated/background label; retained after Sprint 8 spot-check.
LBL-000669,ALERT-DC7EB17D14B2275F,,,BACKGROUND-SAMPLE,safesoc-lnx-01,2026-05-14T06:10:20.999-0400,unrelated_background,unrelated,background,background_sample,wazuh,,,,,N/A,N/A,2902,New dpkg (Debian Package) installed.,medium,Stratified background alert sampled from raw Wazuh export and not correlated to a scenario run.,Medium-confidence timestamp-derived unrelated/background label; retained after Sprint 8 spot-check.
LBL-000670,ALERT-0C7E799328A3BCA0,,,BACKGROUND-SAMPLE,safesoc-lnx-01,2026-05-14T06:10:40.977-0400,unrelated_background,unrelated,background,background_sample,wazuh,,,,,N/A,N/A,52002,Apparmor DENIED,medium,Stratified background alert sampled from raw Wazuh export and not correlated to a scenario run.,Medium-confidence timestamp-derived unrelated/background label; retained after Sprint 8 spot-check.
LBL-000671,ALERT-7636FCB1C791FE3C,,,BACKGROUND-SAMPLE,safesoc-lnx-01,2026-05-14T06:10:52.459-0400,unrelated_background,unrelated,background,background_sample,wazuh,,,,,N/A,N/A,2901,New dpkg (Debian Package) requested to install.,medium,Stratified background alert sampled from raw Wazuh export and not correlated to a scenario run.,Medium-confidence timestamp-derived unrelated/background label; retained after Sprint 8 spot-check.
LBL-000672,ALERT-AF0E26EFBA921470,,,BACKGROUND-SAMPLE,safesoc-lnx-01,2026-05-14T06:10:52.949-0400,unrelated_background,unrelated,background,background_sample,wazuh,,,,,N/A,N/A,2901,New dpkg (Debian Package) requested to install.,medium,Stratified background alert sampled from raw Wazuh export and not correlated to a scenario run.,Medium-confidence timestamp-derived unrelated/background label; retained after Sprint 8 spot-check.
LBL-000673,ALERT-EE09DE0A3A0AC074,,,BACKGROUND-SAMPLE,safesoc-lnx-01,2026-05-14T06:10:54.459-0400,unrelated_background,unrelated,background,background_sample,wazuh,,,,,N/A,N/A,2901,New dpkg (Debian Package) requested to install.,medium,Stratified background alert sampled from raw Wazuh export and not correlated to a scenario run.,Medium-confidence timestamp-derived unrelated/background label; retained after Sprint 8 spot-check.
LBL-000674,ALERT-547450A468E3935B,,,BACKGROUND-SAMPLE,safesoc-lnx-01,2026-05-14T06:10:56.482-0400,unrelated_background,unrelated,background,background_sample,wazuh,,,,,N/A,N/A,2901,New dpkg (Debian Package) requested to install.,medium,Stratified background alert sampled from raw Wazuh export and not correlated to a scenario run.,Medium-confidence timestamp-derived unrelated/background label; retained after Sprint 8 spot-check.
LBL-000675,ALERT-865E9154E798E238,,,BACKGROUND-SAMPLE,safesoc-lnx-01,2026-05-14T06:10:58.461-0400,unrelated_background,unrelated,background,background_sample,wazuh,,,,,N/A,N/A,2901,New dpkg (Debian Package) requested to install.,medium,Stratified background alert sampled from raw Wazuh export and not correlated to a scenario run.,Medium-confidence timestamp-derived unrelated/background label; retained after Sprint 8 spot-check.
LBL-000676,ALERT-61B62623C112DF24,,,BACKGROUND-SAMPLE,safesoc-lnx-01,2026-05-14T06:13:20.998-0400,unrelated_background,unrelated,background,background_sample,wazuh,,,,,N/A,N/A,5501,PAM: Login session opened.,medium,Stratified background alert sampled from raw Wazuh export and not correlated to a scenario run.,Medium-confidence timestamp-derived unrelated/background label; retained after Sprint 8 spot-check.
LBL-000677,ALERT-59573A867DC503F0,,,BACKGROUND-SAMPLE,safesoc-lnx-01,2026-05-14T06:14:52.534-0400,unrelated_background,unrelated,background,background_sample,wazuh,,,,,N/A,N/A,2903,Dpkg (Debian Package) removed.,medium,Stratified background alert sampled from raw Wazuh export and not correlated to a scenario run.,Medium-confidence timestamp-derived unrelated/background label; retained after Sprint 8 spot-check.
LBL-000678,ALERT-966D70751144C920,,,BACKGROUND-SAMPLE,safesoc-lnx-01,2026-05-14T06:16:21.105-0400,unrelated_background,unrelated,background,background_sample,wazuh,,,,,N/A,N/A,5501,PAM: Login session opened.,medium,Stratified background alert sampled from raw Wazuh export and not correlated to a scenario run.,Medium-confidence timestamp-derived unrelated/background label; retained after Sprint 8 spot-check.
LBL-000679,ALERT-EB5403D7C17B21EA,,,BACKGROUND-SAMPLE,safesoc-lnx-01,2026-05-14T06:25:40.743-0400,unrelated_background,unrelated,background,background_sample,wazuh,,,,,N/A,N/A,19010,CIS Ubuntu Linux 24.04 LTS Benchmark v1.0.0.: Ensure all AppArmor Profiles are in enforce or complain mode.: Status changed from failed to passed,medium,Stratified background alert sampled from raw Wazuh export and not correlated to a scenario run.,Medium-confidence timestamp-derived unrelated/background label; retained after Sprint 8 spot-check.
LBL-000680,ALERT-7F8AAF4981020732,,,BACKGROUND-SAMPLE,safesoc-lnx-01,2026-05-14T06:25:41.497-0400,unrelated_background,unrelated,background,background_sample,wazuh,,,,,N/A,N/A,19014,CIS Ubuntu Linux 24.04 LTS Benchmark v1.0.0.: Ensure sshd access is configured.: Status changed from 'not applicable' to failed,medium,Stratified background alert sampled from raw Wazuh export and not correlated to a scenario run.,Medium-confidence timestamp-derived unrelated/background label; retained after Sprint 8 spot-check.
LBL-000681,ALERT-860A440827EC58D6,,,BACKGROUND-SAMPLE,safesoc-lnx-01,2026-05-14T06:25:41.513-0400,unrelated_background,unrelated,background,background_sample,wazuh,,,,,N/A,N/A,19014,CIS Ubuntu Linux 24.04 LTS Benchmark v1.0.0.: Ensure sshd Banner is configured.: Status changed from 'not applicable' to failed,medium,Stratified background alert sampled from raw Wazuh export and not correlated to a scenario run.,Medium-confidence timestamp-derived unrelated/background label; retained after Sprint 8 spot-check.
LBL-000682,ALERT-F6A98F702A60D9A8,,,BACKGROUND-SAMPLE,safesoc-lnx-01,2026-05-14T06:25:41.529-0400,unrelated_background,unrelated,background,background_sample,wazuh,,,,,N/A,N/A,19015,CIS Ubuntu Linux 24.04 LTS Benchmark v1.0.0.: Ensure sshd Ciphers are configured.: Status changed from 'not applicable' to passed,medium,Stratified background alert sampled from raw Wazuh export and not correlated to a scenario run.,Medium-confidence timestamp-derived unrelated/background label; retained after Sprint 8 spot-check.
LBL-000683,ALERT-D37CB85AD7C333AF,,,BACKGROUND-SAMPLE,safesoc-lnx-01,2026-05-14T06:25:41.543-0400,unrelated_background,unrelated,background,background_sample,wazuh,,,,,N/A,N/A,19014,CIS Ubuntu Linux 24.04 LTS Benchmark v1.0.0.: Ensure sshd ClientAliveInterval and ClientAliveCountMax are configured.: Status changed from 'not applicable' to failed,medium,Stratified background alert sampled from raw Wazuh export and not correlated to a scenario run.,Medium-confidence timestamp-derived unrelated/background label; retained after Sprint 8 spot-check.
LBL-000684,ALERT-53BC3BF6D8B7BABB,,,BACKGROUND-SAMPLE,safesoc-lnx-01,2026-05-14T06:25:41.561-0400,unrelated_background,unrelated,background,background_sample,wazuh,,,,,N/A,N/A,19014,CIS Ubuntu Linux 24.04 LTS Benchmark v1.0.0.: Ensure sshd DisableForwarding is enabled.: Status changed from 'not applicable' to failed,medium,Stratified background alert sampled from raw Wazuh export and not correlated to a scenario run.,Medium-confidence timestamp-derived unrelated/background label; retained after Sprint 8 spot-check.
LBL-000685,ALERT-AFB1BBF37EF8AF53,,,BACKGROUND-SAMPLE,safesoc-lnx-01,2026-05-14T06:25:41.578-0400,unrelated_background,unrelated,background,background_sample,wazuh,,,,,N/A,N/A,19015,CIS Ubuntu Linux 24.04 LTS Benchmark v1.0.0.: Ensure sshd GSSAPIAuthentication is disabled.: Status changed from 'not applicable' to passed,medium,Stratified background alert sampled from raw Wazuh export and not correlated to a scenario run.,Medium-confidence timestamp-derived unrelated/background label; retained after Sprint 8 spot-check.
LBL-000686,ALERT-90580735AD79B8C6,,,BACKGROUND-SAMPLE,safesoc-lnx-01,2026-05-14T06:25:41.594-0400,unrelated_background,unrelated,background,background_sample,wazuh,,,,,N/A,N/A,19015,CIS Ubuntu Linux 24.04 LTS Benchmark v1.0.0.: Ensure sshd HostbasedAuthentication is disabled.: Status changed from 'not applicable' to passed,medium,Stratified background alert sampled from raw Wazuh export and not correlated to a scenario run.,Medium-confidence timestamp-derived unrelated/background label; retained after Sprint 8 spot-check.
LBL-000687,ALERT-90D51FDCA3FD4AB6,,,BACKGROUND-SAMPLE,safesoc-lnx-01,2026-05-14T06:25:41.610-0400,unrelated_background,unrelated,background,background_sample,wazuh,,,,,N/A,N/A,19015,CIS Ubuntu Linux 24.04 LTS Benchmark v1.0.0.: Ensure sshd IgnoreRhosts is enabled.: Status changed from 'not applicable' to passed,medium,Stratified background alert sampled from raw Wazuh export and not correlated to a scenario run.,Medium-confidence timestamp-derived unrelated/background label; retained after Sprint 8 spot-check.
LBL-000688,ALERT-2543822FAFC9B86F,,,BACKGROUND-SAMPLE,safesoc-lnx-01,2026-05-14T06:25:41.627-0400,unrelated_background,unrelated,background,background_sample,wazuh,,,,,N/A,N/A,19015,CIS Ubuntu Linux 24.04 LTS Benchmark v1.0.0.: Ensure sshd KexAlgorithms is configured.: Status changed from 'not applicable' to passed,medium,Stratified background alert sampled from raw Wazuh export and not correlated to a scenario run.,Medium-confidence timestamp-derived unrelated/background label; retained after Sprint 8 spot-check.
LBL-000689,ALERT-95EED7FB68677887,,,BACKGROUND-SAMPLE,safesoc-lnx-01,2026-05-14T06:25:41.643-0400,unrelated_background,unrelated,background,background_sample,wazuh,,,,,N/A,N/A,19014,CIS Ubuntu Linux 24.04 LTS Benchmark v1.0.0.: Ensure sshd LoginGraceTime is configured.: Status changed from 'not applicable' to failed,medium,Stratified background alert sampled from raw Wazuh export and not correlated to a scenario run.,Medium-confidence timestamp-derived unrelated/background label; retained after Sprint 8 spot-check.
LBL-000690,ALERT-E2618EAE3F6920A9,,,BACKGROUND-SAMPLE,safesoc-lnx-01,2026-05-14T06:25:42.348-0400,unrelated_background,unrelated,background,background_sample,wazuh,,,,,N/A,N/A,550,Integrity checksum changed.,medium,Stratified background alert sampled from raw Wazuh export and not correlated to a scenario run.,Medium-confidence timestamp-derived unrelated/background label; retained after Sprint 8 spot-check.
LBL-000691,ALERT-BA2EC88435DD56F0,,,BACKGROUND-SAMPLE,safesoc-lnx-01,2026-05-14T06:25:42.436-0400,unrelated_background,unrelated,background,background_sample,wazuh,,,,,N/A,N/A,550,Integrity checksum changed.,medium,Stratified background alert sampled from raw Wazuh export and not correlated to a scenario run.,Medium-confidence timestamp-derived unrelated/background label; retained after Sprint 8 spot-check.
LBL-000692,ALERT-510D32DE9478102A,,,BACKGROUND-SAMPLE,safesoc-lnx-01,2026-05-14T06:25:42.451-0400,unrelated_background,unrelated,background,background_sample,wazuh,,,,,N/A,N/A,554,File added to the system.,medium,Stratified background alert sampled from raw Wazuh export and not correlated to a scenario run.,Medium-confidence timestamp-derived unrelated/background label; retained after Sprint 8 spot-check.
LBL-000693,ALERT-8E06F2A360F466B7,,,BACKGROUND-SAMPLE,safesoc-lnx-01,2026-05-14T06:25:42.502-0400,unrelated_background,unrelated,background,background_sample,wazuh,,,,,N/A,N/A,554,File added to the system.,medium,Stratified background alert sampled from raw Wazuh export and not correlated to a scenario run.,Medium-confidence timestamp-derived unrelated/background label; retained after Sprint 8 spot-check.
LBL-000694,ALERT-B7C35FE8E597B39C,,,BACKGROUND-SAMPLE,safesoc-lnx-01,2026-05-14T06:25:42.567-0400,unrelated_background,unrelated,background,background_sample,wazuh,,,,,N/A,N/A,554,File added to the system.,medium,Stratified background alert sampled from raw Wazuh export and not correlated to a scenario run.,Medium-confidence timestamp-derived unrelated/background label; retained after Sprint 8 spot-check.
LBL-000695,ALERT-BC76A0940FE7170F,,,BACKGROUND-SAMPLE,safesoc-lnx-01,2026-05-14T06:25:42.617-0400,unrelated_background,unrelated,background,background_sample,wazuh,,,,,N/A,N/A,550,Integrity checksum changed.,medium,Stratified background alert sampled from raw Wazuh export and not correlated to a scenario run.,Medium-confidence timestamp-derived unrelated/background label; retained after Sprint 8 spot-check.
LBL-000696,ALERT-6CFD6CFBCCBEE5AD,,,BACKGROUND-SAMPLE,safesoc-lnx-01,2026-05-14T06:25:42.768-0400,unrelated_background,unrelated,background,background_sample,wazuh,,,,,N/A,N/A,554,File added to the system.,medium,Stratified background alert sampled from raw Wazuh export and not correlated to a scenario run.,Medium-confidence timestamp-derived unrelated/background label; retained after Sprint 8 spot-check.
LBL-000697,ALERT-01F27AC06BE42724,,,BACKGROUND-SAMPLE,safesoc-lnx-01,2026-05-14T06:25:42.994-0400,unrelated_background,unrelated,background,background_sample,wazuh,,,,,N/A,N/A,554,File added to the system.,medium,Stratified background alert sampled from raw Wazuh export and not correlated to a scenario run.,Medium-confidence timestamp-derived unrelated/background label; retained after Sprint 8 spot-check.
LBL-000698,ALERT-4479E3A593C128DF,,,BACKGROUND-SAMPLE,safesoc-lnx-01,2026-05-14T06:25:43.016-0400,unrelated_background,unrelated,background,background_sample,wazuh,,,,,N/A,N/A,550,Integrity checksum changed.,medium,Stratified background alert sampled from raw Wazuh export and not correlated to a scenario run.,Medium-confidence timestamp-derived unrelated/background label; retained after Sprint 8 spot-check.
LBL-000699,ALERT-2B3FCB1BB0DB3F2A,,,BACKGROUND-SAMPLE,safesoc-lnx-01,2026-05-14T06:25:43.041-0400,unrelated_background,unrelated,background,background_sample,wazuh,,,,,N/A,N/A,550,Integrity checksum changed.,medium,Stratified background alert sampled from raw Wazuh export and not correlated to a scenario run.,Medium-confidence timestamp-derived unrelated/background label; retained after Sprint 8 spot-check.
LBL-000700,ALERT-35D66AACEA6D218B,,,BACKGROUND-SAMPLE,safesoc-lnx-01,2026-05-14T06:25:45.091-0400,unrelated_background,unrelated,background,background_sample,wazuh,,,,,N/A,N/A,19004,SCA summary: CIS Ubuntu Linux 24.04 LTS Benchmark v1.0.0.: Score less than 50% (48),medium,Stratified background alert sampled from raw Wazuh export and not correlated to a scenario run.,Medium-confidence timestamp-derived unrelated/background label; retained after Sprint 8 spot-check.
LBL-000701,ALERT-745919FB04CAD458,,,BACKGROUND-SAMPLE,safesoc-lnx-01,2026-05-14T06:27:54.456-0400,unrelated_background,unrelated,background,background_sample,wazuh,,,,,N/A,N/A,23504,CVE-2024-52616 affects avahi-daemon,medium,Stratified background alert sampled from raw Wazuh export and not correlated to a scenario run.,Medium-confidence timestamp-derived unrelated/background label; retained after Sprint 8 spot-check.
LBL-000702,ALERT-610DAEDD6FC88ACA,,,BACKGROUND-SAMPLE,safesoc-lnx-01,2026-05-14T06:27:54.468-0400,unrelated_background,unrelated,background,background_sample,wazuh,,,,,N/A,N/A,23504,CVE-2024-52615 affects avahi-daemon,medium,Stratified background alert sampled from raw Wazuh export and not correlated to a scenario run.,Medium-confidence timestamp-derived unrelated/background label; retained after Sprint 8 spot-check.
LBL-000703,ALERT-247014EF7AF7F841,,,BACKGROUND-SAMPLE,safesoc-lnx-01,2026-05-14T06:27:54.478-0400,unrelated_background,unrelated,background,background_sample,wazuh,,,,,N/A,N/A,23504,CVE-2026-34933 affects avahi-daemon,medium,Stratified background alert sampled from raw Wazuh export and not correlated to a scenario run.,Medium-confidence timestamp-derived unrelated/background label; retained after Sprint 8 spot-check.
LBL-000704,ALERT-E7D4071564EFBAA9,,,BACKGROUND-SAMPLE,safesoc-lnx-01,2026-05-14T06:27:54.489-0400,unrelated_background,unrelated,background,background_sample,wazuh,,,,,N/A,N/A,23504,CVE-2026-24401 affects avahi-daemon,medium,Stratified background alert sampled from raw Wazuh export and not correlated to a scenario run.,Medium-confidence timestamp-derived unrelated/background label; retained after Sprint 8 spot-check.
LBL-000705,ALERT-22A93C2D853B426B,,,BACKGROUND-SAMPLE,safesoc-lnx-01,2026-05-14T06:27:54.499-0400,unrelated_background,unrelated,background,background_sample,wazuh,,,,,N/A,N/A,23504,CVE-2025-59529 affects avahi-daemon,medium,Stratified background alert sampled from raw Wazuh export and not correlated to a scenario run.,Medium-confidence timestamp-derived unrelated/background label; retained after Sprint 8 spot-check.
LBL-000706,ALERT-C08C0D6EAEBBF700,,,BACKGROUND-SAMPLE,safesoc-lnx-01,2026-05-14T06:27:56.449-0400,unrelated_background,unrelated,background,background_sample,wazuh,,,,,N/A,N/A,23503,CVE-2025-12199 affects dnsmasq-base,medium,Stratified background alert sampled from raw Wazuh export and not correlated to a scenario run.,Medium-confidence timestamp-derived unrelated/background label; retained after Sprint 8 spot-check.
LBL-000707,ALERT-419AC86DCA4CC757,,,BACKGROUND-SAMPLE,safesoc-lnx-01,2026-05-14T06:27:56.459-0400,unrelated_background,unrelated,background,background_sample,wazuh,,,,,N/A,N/A,23503,CVE-2025-12200 affects dnsmasq-base,medium,Stratified background alert sampled from raw Wazuh export and not correlated to a scenario run.,Medium-confidence timestamp-derived unrelated/background label; retained after Sprint 8 spot-check.
LBL-000708,ALERT-FB3F72F7A38FCD3F,,,BACKGROUND-SAMPLE,safesoc-lnx-01,2026-05-14T06:27:56.469-0400,unrelated_background,unrelated,background,background_sample,wazuh,,,,,N/A,N/A,23505,CVE-2025-12198 affects dnsmasq-base,medium,Stratified background alert sampled from raw Wazuh export and not correlated to a scenario run.,Medium-confidence timestamp-derived unrelated/background label; retained after Sprint 8 spot-check.
LBL-000709,ALERT-8B28ADEA87312E01,,,BACKGROUND-SAMPLE,safesoc-lnx-01,2026-05-14T06:27:57.762-0400,unrelated_background,unrelated,background,background_sample,wazuh,,,,,N/A,N/A,23503,CVE-2022-0987 affects gir1.2-packagekitglib-1.0,medium,Stratified background alert sampled from raw Wazuh export and not correlated to a scenario run.,Medium-confidence timestamp-derived unrelated/background label; retained after Sprint 8 spot-check.
LBL-000710,ALERT-E3C7D4AB3AA4028D,,,BACKGROUND-SAMPLE,safesoc-lnx-01,2026-05-14T06:27:57.772-0400,unrelated_background,unrelated,background,background_sample,wazuh,,,,,N/A,N/A,23503,CVE-2024-0217 affects gir1.2-packagekitglib-1.0,medium,Stratified background alert sampled from raw Wazuh export and not correlated to a scenario run.,Medium-confidence timestamp-derived unrelated/background label; retained after Sprint 8 spot-check.
LBL-000711,ALERT-F9C8D97132042D51,,,BACKGROUND-SAMPLE,safesoc-lnx-01,2026-05-14T06:27:57.862-0400,unrelated_background,unrelated,background,background_sample,wazuh,,,,,N/A,N/A,23505,CVE-2016-2568 affects gir1.2-polkit-1.0,medium,Stratified background alert sampled from raw Wazuh export and not correlated to a scenario run.,Medium-confidence timestamp-derived unrelated/background label; retained after Sprint 8 spot-check.
LBL-000712,ALERT-403E4C2124DBC2B0,,,BACKGROUND-SAMPLE,safesoc-lnx-01,2026-05-14T06:27:57.988-0400,unrelated_background,unrelated,background,background_sample,wazuh,,,,,N/A,N/A,23505,CVE-2025-14523 affects gir1.2-soup-3.0,medium,Stratified background alert sampled from raw Wazuh export and not correlated to a scenario run.,Medium-confidence timestamp-derived unrelated/background label; retained after Sprint 8 spot-check.
LBL-000713,ALERT-44F3A547F1FB6624,,,BACKGROUND-SAMPLE,safesoc-lnx-01,2026-05-14T06:27:58.009-0400,unrelated_background,unrelated,background,background_sample,wazuh,,,,,N/A,N/A,23503,CVE-2026-3633 affects gir1.2-soup-3.0,medium,Stratified background alert sampled from raw Wazuh export and not correlated to a scenario run.,Medium-confidence timestamp-derived unrelated/background label; retained after Sprint 8 spot-check.
LBL-000714,ALERT-C5EBABDCF486433B,,,BACKGROUND-SAMPLE,safesoc-lnx-01,2026-05-14T06:27:58.041-0400,unrelated_background,unrelated,background,background_sample,wazuh,,,,,N/A,N/A,23505,CVE-2025-32049 affects gir1.2-soup-3.0,medium,Stratified background alert sampled from raw Wazuh export and not correlated to a scenario run.,Medium-confidence timestamp-derived unrelated/background label; retained after Sprint 8 spot-check.
LBL-000715,ALERT-99B93B29E0B201CA,,,BACKGROUND-SAMPLE,safesoc-lnx-01,2026-05-14T06:27:58.062-0400,unrelated_background,unrelated,background,background_sample,wazuh,,,,,N/A,N/A,23505,CVE-2026-0719 affects gir1.2-soup-3.0,medium,Stratified background alert sampled from raw Wazuh export and not correlated to a scenario run.,Medium-confidence timestamp-derived unrelated/background label; retained after Sprint 8 spot-check.
LBL-000716,ALERT-62002B40A539644B,,,BACKGROUND-SAMPLE,safesoc-lnx-01,2026-05-14T06:28:01.304-0400,unrelated_background,unrelated,background,background_sample,wazuh,,,,,N/A,N/A,23506,CVE-2026-5121 affects libarchive13t64,medium,Stratified background alert sampled from raw Wazuh export and not correlated to a scenario run.,Medium-confidence timestamp-derived unrelated/background label; retained after Sprint 8 spot-check.
LBL-000717,ALERT-A01C2B61CDD7466E,,,BACKGROUND-SAMPLE,safesoc-lnx-01,2026-05-14T06:28:10.586-0400,unrelated_background,unrelated,background,background_sample,wazuh,,,,,N/A,N/A,23508,"CVE-2026-6409 affects libprotobuf32t64 (Missing information, CVE awaiting analysis)",medium,Stratified background alert sampled from raw Wazuh export and not correlated to a scenario run.,Medium-confidence timestamp-derived unrelated/background label; retained after Sprint 8 spot-check.
LBL-000718,ALERT-EC4FF41D5F6DC28A,,,BACKGROUND-SAMPLE,safesoc-lnx-01,2026-05-14T06:28:10.787-0400,unrelated_background,unrelated,background,background_sample,wazuh,,,,,N/A,N/A,23508,"CVE-2025-13462 affects libpython3.12-minimal (Missing information, CVE awaiting analysis)",medium,Stratified background alert sampled from raw Wazuh export and not correlated to a scenario run.,Medium-confidence timestamp-derived unrelated/background label; retained after Sprint 8 spot-check.
LBL-000719,ALERT-F376FE5A13222D1F,,,BACKGROUND-SAMPLE,safesoc-lnx-01,2026-05-14T06:28:10.797-0400,unrelated_background,unrelated,background,background_sample,wazuh,,,,,N/A,N/A,23508,"CVE-2026-2297 affects libpython3.12-minimal (Missing information, CVE awaiting analysis)",medium,Stratified background alert sampled from raw Wazuh export and not correlated to a scenario run.,Medium-confidence timestamp-derived unrelated/background label; retained after Sprint 8 spot-check.
LBL-000720,ALERT-E2BEA277E749DAB3,,,BACKGROUND-SAMPLE,safesoc-lnx-01,2026-05-14T06:28:10.883-0400,unrelated_background,unrelated,background,background_sample,wazuh,,,,,N/A,N/A,23508,"CVE-2025-13462 affects libpython3.12-stdlib (Missing information, CVE awaiting analysis)",medium,Stratified background alert sampled from raw Wazuh export and not correlated to a scenario run.,Medium-confidence timestamp-derived unrelated/background label; retained after Sprint 8 spot-check.
LBL-000721,ALERT-9E33679519C9A2D1,,,BACKGROUND-SAMPLE,safesoc-lnx-01,2026-05-14T06:28:10.894-0400,unrelated_background,unrelated,background,background_sample,wazuh,,,,,N/A,N/A,23508,"CVE-2026-2297 affects libpython3.12-stdlib (Missing information, CVE awaiting analysis)",medium,Stratified background alert sampled from raw Wazuh export and not correlated to a scenario run.,Medium-confidence timestamp-derived unrelated/background label; retained after Sprint 8 spot-check.
LBL-000722,ALERT-A25713CB922D2FB5,,,BACKGROUND-SAMPLE,safesoc-lnx-01,2026-05-14T06:28:14.721-0400,unrelated_background,unrelated,background,background_sample,wazuh,,,,,N/A,N/A,23506,CVE-2026-31436 affects linux-image-6.17.0-23-generic,medium,Stratified background alert sampled from raw Wazuh export and not correlated to a scenario run.,Medium-confidence timestamp-derived unrelated/background label; retained after Sprint 8 spot-check.
LBL-000723,ALERT-26B79991429AC34B,,,BACKGROUND-SAMPLE,safesoc-lnx-01,2026-05-14T06:28:14.953-0400,unrelated_background,unrelated,background,background_sample,wazuh,,,,,N/A,N/A,23506,CVE-2026-31414 affects linux-image-6.17.0-23-generic,medium,Stratified background alert sampled from raw Wazuh export and not correlated to a scenario run.,Medium-confidence timestamp-derived unrelated/background label; retained after Sprint 8 spot-check.
LBL-000724,ALERT-18DF8BD68916DA62,,,BACKGROUND-SAMPLE,safesoc-lnx-01,2026-05-14T06:28:15.141-0400,unrelated_background,unrelated,background,background_sample,wazuh,,,,,N/A,N/A,23506,CVE-2026-23455 affects linux-image-6.17.0-23-generic,medium,Stratified background alert sampled from raw Wazuh export and not correlated to a scenario run.,Medium-confidence timestamp-derived unrelated/background label; retained after Sprint 8 spot-check.
LBL-000725,ALERT-DD2C9846BEE026D5,,,BACKGROUND-SAMPLE,safesoc-lnx-01,2026-05-14T06:28:15.183-0400,unrelated_background,unrelated,background,background_sample,wazuh,,,,,N/A,N/A,23506,CVE-2026-23450 affects linux-image-6.17.0-23-generic,medium,Stratified background alert sampled from raw Wazuh export and not correlated to a scenario run.,Medium-confidence timestamp-derived unrelated/background label; retained after Sprint 8 spot-check.
LBL-000726,ALERT-19264E104D26BA3B,,,BACKGROUND-SAMPLE,safesoc-lnx-01,2026-05-14T06:28:28.302-0400,unrelated_background,unrelated,background,background_sample,wazuh,,,,,N/A,N/A,23502,The CVE-2025-68471 that affected avahi-daemon was solved due to an update in the agent or feed.,medium,Stratified background alert sampled from raw Wazuh export and not correlated to a scenario run.,Medium-confidence timestamp-derived unrelated/background label; retained after Sprint 8 spot-check.
LBL-000727,ALERT-5C5DEFA953060384,,,BACKGROUND-SAMPLE,safesoc-lnx-01,2026-05-14T06:28:28.313-0400,unrelated_background,unrelated,background,background_sample,wazuh,,,,,N/A,N/A,23502,The CVE-2024-52615 that affected avahi-daemon was solved due to an update in the agent or feed.,medium,Stratified background alert sampled from raw Wazuh export and not correlated to a scenario run.,Medium-confidence timestamp-derived unrelated/background label; retained after Sprint 8 spot-check.
LBL-000728,ALERT-7122C9D9473EA7FD,,,BACKGROUND-SAMPLE,safesoc-lnx-01,2026-05-14T06:28:28.324-0400,unrelated_background,unrelated,background,background_sample,wazuh,,,,,N/A,N/A,23502,The CVE-2025-68468 that affected avahi-daemon was solved due to an update in the agent or feed.,medium,Stratified background alert sampled from raw Wazuh export and not correlated to a scenario run.,Medium-confidence timestamp-derived unrelated/background label; retained after Sprint 8 spot-check.
LBL-000729,ALERT-8275492D00BF2DA0,,,BACKGROUND-SAMPLE,safesoc-lnx-01,2026-05-14T06:28:28.334-0400,unrelated_background,unrelated,background,background_sample,wazuh,,,,,N/A,N/A,23502,The CVE-2025-59529 that affected avahi-daemon was solved due to an update in the agent or feed.,medium,Stratified background alert sampled from raw Wazuh export and not correlated to a scenario run.,Medium-confidence timestamp-derived unrelated/background label; retained after Sprint 8 spot-check.
LBL-000730,ALERT-DD025BD07F680F9F,,,BACKGROUND-SAMPLE,safesoc-lnx-01,2026-05-14T06:28:28.345-0400,unrelated_background,unrelated,background,background_sample,wazuh,,,,,N/A,N/A,23502,The CVE-2025-68276 that affected avahi-daemon was solved due to an update in the agent or feed.,medium,Stratified background alert sampled from raw Wazuh export and not correlated to a scenario run.,Medium-confidence timestamp-derived unrelated/background label; retained after Sprint 8 spot-check.
LBL-000731,ALERT-7A22D2133BD97535,,,BACKGROUND-SAMPLE,safesoc-lnx-01,2026-05-14T09:00:29.543-0400,unrelated_background,unrelated,background,background_sample,wazuh,,,,,N/A,N/A,52002,Apparmor DENIED,medium,Stratified background alert sampled from raw Wazuh export and not correlated to a scenario run.,Medium-confidence timestamp-derived unrelated/background label; retained after Sprint 8 spot-check.
LBL-000732,ALERT-29DE872A76258150,,,BACKGROUND-SAMPLE,safesoc-win-01,2026-05-14T12:23:15.619-0400,unrelated_background,unrelated,background,background_sample,wazuh,,,,,N/A,N/A,61104,Service startup type was changed,medium,Stratified background alert sampled from raw Wazuh export and not correlated to a scenario run.,Medium-confidence timestamp-derived unrelated/background label; retained after Sprint 8 spot-check.
LBL-000733,ALERT-8047DE06835642B9,,,BACKGROUND-SAMPLE,safesoc-win-01,2026-05-14T12:23:15.839-0400,unrelated_background,unrelated,background,background_sample,wazuh,,,,,N/A,N/A,60646,License activation (slui.exe) failed.,medium,Stratified background alert sampled from raw Wazuh export and not correlated to a scenario run.,Medium-confidence timestamp-derived unrelated/background label; retained after Sprint 8 spot-check.
LBL-000734,ALERT-FB4C9DBECC0480B6,,,BACKGROUND-SAMPLE,safesoc-win-01,2026-05-14T12:23:16.226-0400,unrelated_background,unrelated,background,background_sample,wazuh,,,,,N/A,N/A,92052,Windows command prompt started by an abnormal process,medium,Stratified background alert sampled from raw Wazuh export and not correlated to a scenario run.,Medium-confidence timestamp-derived unrelated/background label; retained after Sprint 8 spot-check.
LBL-000735,ALERT-6FDE5244EC959737,,,BACKGROUND-SAMPLE,safesoc-win-01,2026-05-14T12:23:16.321-0400,unrelated_background,unrelated,background,background_sample,wazuh,,,,,N/A,N/A,92032,Suspicious Windows cmd shell execution,medium,Stratified background alert sampled from raw Wazuh export and not correlated to a scenario run.,Medium-confidence timestamp-derived unrelated/background label; retained after Sprint 8 spot-check.
LBL-000736,ALERT-4BD3B8940EF1DD82,,,BACKGROUND-SAMPLE,safesoc-win-01,2026-05-14T12:23:16.466-0400,unrelated_background,unrelated,background,background_sample,wazuh,,,,,N/A,N/A,92021,Powershell was used to delete files or directories,medium,Stratified background alert sampled from raw Wazuh export and not correlated to a scenario run.,Medium-confidence timestamp-derived unrelated/background label; retained after Sprint 8 spot-check.
LBL-000737,ALERT-60B34C5081741F5E,,,BACKGROUND-SAMPLE,safesoc-win-01,2026-05-14T12:23:16.479-0400,unrelated_background,unrelated,background,background_sample,wazuh,,,,,N/A,N/A,92032,Suspicious Windows cmd shell execution,medium,Stratified background alert sampled from raw Wazuh export and not correlated to a scenario run.,Medium-confidence timestamp-derived unrelated/background label; retained after Sprint 8 spot-check.
LBL-000738,ALERT-3866F0CF01C5269D,,,BACKGROUND-SAMPLE,safesoc-win-01,2026-05-14T12:23:17.669-0400,unrelated_background,unrelated,background,background_sample,wazuh,,,,,N/A,N/A,92066,C:\\Windows\\SysWOW64\\SecEdit.exe binary in a suspicious location launched by C:\\Windows\\SysWOW64\\WindowsPowerShell\\v1.0\\powershell.exe,medium,Stratified background alert sampled from raw Wazuh export and not correlated to a scenario run.,Medium-confidence timestamp-derived unrelated/background label; retained after Sprint 8 spot-check.
LBL-000739,ALERT-4D7B7690A70C0040,,,BACKGROUND-SAMPLE,safesoc-win-01,2026-05-14T12:23:18.752-0400,unrelated_background,unrelated,background,background_sample,wazuh,,,,,N/A,N/A,594,Registry Key Integrity Checksum Changed,medium,Stratified background alert sampled from raw Wazuh export and not correlated to a scenario run.,Medium-confidence timestamp-derived unrelated/background label; retained after Sprint 8 spot-check.
LBL-000740,ALERT-80D9B407424BB2D2,,,BACKGROUND-SAMPLE,safesoc-win-01,2026-05-14T12:23:18.832-0400,unrelated_background,unrelated,background,background_sample,wazuh,,,,,N/A,N/A,594,Registry Key Integrity Checksum Changed,medium,Stratified background alert sampled from raw Wazuh export and not correlated to a scenario run.,Medium-confidence timestamp-derived unrelated/background label; retained after Sprint 8 spot-check.
LBL-000741,ALERT-EFABE6FF41B130B0,,,BACKGROUND-SAMPLE,safesoc-win-01,2026-05-14T12:23:18.901-0400,unrelated_background,unrelated,background,background_sample,wazuh,,,,,N/A,N/A,92021,Powershell was used to delete files or directories,medium,Stratified background alert sampled from raw Wazuh export and not correlated to a scenario run.,Medium-confidence timestamp-derived unrelated/background label; retained after Sprint 8 spot-check.
LBL-000742,ALERT-DDAD4C63C7BF7576,,,BACKGROUND-SAMPLE,safesoc-win-01,2026-05-14T12:23:20.964-0400,unrelated_background,unrelated,background,background_sample,wazuh,,,,,N/A,N/A,92066,C:\\Windows\\SysWOW64\\SecEdit.exe binary in a suspicious location launched by C:\\Windows\\SysWOW64\\WindowsPowerShell\\v1.0\\powershell.exe,medium,Stratified background alert sampled from raw Wazuh export and not correlated to a scenario run.,Medium-confidence timestamp-derived unrelated/background label; retained after Sprint 8 spot-check.
LBL-000743,ALERT-1845D451DA56C07A,,,BACKGROUND-SAMPLE,safesoc-win-01,2026-05-14T12:23:20.978-0400,unrelated_background,unrelated,background,background_sample,wazuh,,,,,N/A,N/A,92021,Powershell was used to delete files or directories,medium,Stratified background alert sampled from raw Wazuh export and not correlated to a scenario run.,Medium-confidence timestamp-derived unrelated/background label; retained after Sprint 8 spot-check.
LBL-000744,ALERT-10D1088827C9C523,,,BACKGROUND-SAMPLE,safesoc-win-01,2026-05-14T12:23:21.584-0400,unrelated_background,unrelated,background,background_sample,wazuh,,,,,N/A,N/A,752,Registry Value Entry Added to the System,medium,Stratified background alert sampled from raw Wazuh export and not correlated to a scenario run.,Medium-confidence timestamp-derived unrelated/background label; retained after Sprint 8 spot-check.
LBL-000745,ALERT-1C21546A7D66C05A,,,BACKGROUND-SAMPLE,safesoc-win-01,2026-05-14T12:23:21.585-0400,unrelated_background,unrelated,background,background_sample,wazuh,,,,,N/A,N/A,598,Registry Key Entry Added to the System,medium,Stratified background alert sampled from raw Wazuh export and not correlated to a scenario run.,Medium-confidence timestamp-derived unrelated/background label; retained after Sprint 8 spot-check.
LBL-000746,ALERT-3498F28D5BC36038,,,BACKGROUND-SAMPLE,safesoc-win-01,2026-05-14T12:23:21.606-0400,unrelated_background,unrelated,background,background_sample,wazuh,,,,,N/A,N/A,752,Registry Value Entry Added to the System,medium,Stratified background alert sampled from raw Wazuh export and not correlated to a scenario run.,Medium-confidence timestamp-derived unrelated/background label; retained after Sprint 8 spot-check.
LBL-000747,ALERT-D50060796153F10B,,,BACKGROUND-SAMPLE,safesoc-win-01,2026-05-14T12:23:21.618-0400,unrelated_background,unrelated,background,background_sample,wazuh,,,,,N/A,N/A,752,Registry Value Entry Added to the System,medium,Stratified background alert sampled from raw Wazuh export and not correlated to a scenario run.,Medium-confidence timestamp-derived unrelated/background label; retained after Sprint 8 spot-check.
LBL-000748,ALERT-77CDDCD230417EDC,,,BACKGROUND-SAMPLE,safesoc-win-01,2026-05-14T12:23:21.633-0400,unrelated_background,unrelated,background,background_sample,wazuh,,,,,N/A,N/A,752,Registry Value Entry Added to the System,medium,Stratified background alert sampled from raw Wazuh export and not correlated to a scenario run.,Medium-confidence timestamp-derived unrelated/background label; retained after Sprint 8 spot-check.
LBL-000749,ALERT-99411A04E2FA6438,,,BACKGROUND-SAMPLE,safesoc-win-01,2026-05-14T12:23:21.648-0400,unrelated_background,unrelated,background,background_sample,wazuh,,,,,N/A,N/A,594,Registry Key Integrity Checksum Changed,medium,Stratified background alert sampled from raw Wazuh export and not correlated to a scenario run.,Medium-confidence timestamp-derived unrelated/background label; retained after Sprint 8 spot-check.
LBL-000750,ALERT-1E5E6E1677E86BF0,,,BACKGROUND-SAMPLE,safesoc-win-01,2026-05-14T12:23:21.665-0400,unrelated_background,unrelated,background,background_sample,wazuh,,,,,N/A,N/A,752,Registry Value Entry Added to the System,medium,Stratified background alert sampled from raw Wazuh export and not correlated to a scenario run.,Medium-confidence timestamp-derived unrelated/background label; retained after Sprint 8 spot-check.
LBL-000751,ALERT-93B633BCA1B9BBEE,,,BACKGROUND-SAMPLE,safesoc-win-01,2026-05-14T12:23:21.752-0400,unrelated_background,unrelated,background,background_sample,wazuh,,,,,N/A,N/A,594,Registry Key Integrity Checksum Changed,medium,Stratified background alert sampled from raw Wazuh export and not correlated to a scenario run.,Medium-confidence timestamp-derived unrelated/background label; retained after Sprint 8 spot-check.
LBL-000752,ALERT-F0BC9E4C57D26210,,,BACKGROUND-SAMPLE,safesoc-win-01,2026-05-14T12:23:21.752-0400,unrelated_background,unrelated,background,background_sample,wazuh,,,,,N/A,N/A,750,Registry Value Integrity Checksum Changed,medium,Stratified background alert sampled from raw Wazuh export and not correlated to a scenario run.,Medium-confidence timestamp-derived unrelated/background label; retained after Sprint 8 spot-check.
LBL-000753,ALERT-ADEF1F0CA9035EFE,,,BACKGROUND-SAMPLE,safesoc-win-01,2026-05-14T12:23:21.762-0400,unrelated_background,unrelated,background,background_sample,wazuh,,,,,N/A,N/A,750,Registry Value Integrity Checksum Changed,medium,Stratified background alert sampled from raw Wazuh export and not correlated to a scenario run.,Medium-confidence timestamp-derived unrelated/background label; retained after Sprint 8 spot-check.
LBL-000754,ALERT-B3C87D3DB980FAB1,,,BACKGROUND-SAMPLE,safesoc-win-01,2026-05-14T12:23:21.780-0400,unrelated_background,unrelated,background,background_sample,wazuh,,,,,N/A,N/A,750,Registry Value Integrity Checksum Changed,medium,Stratified background alert sampled from raw Wazuh export and not correlated to a scenario run.,Medium-confidence timestamp-derived unrelated/background label; retained after Sprint 8 spot-check.
LBL-000755,ALERT-A14D006CC1AB2706,,,BACKGROUND-SAMPLE,safesoc-win-01,2026-05-14T12:23:21.821-0400,unrelated_background,unrelated,background,background_sample,wazuh,,,,,N/A,N/A,750,Registry Value Integrity Checksum Changed,medium,Stratified background alert sampled from raw Wazuh export and not correlated to a scenario run.,Medium-confidence timestamp-derived unrelated/background label; retained after Sprint 8 spot-check.
LBL-000756,ALERT-3E81C6B265420FA9,,,BACKGROUND-SAMPLE,safesoc-win-01,2026-05-14T12:23:21.822-0400,unrelated_background,unrelated,background,background_sample,wazuh,,,,,N/A,N/A,750,Registry Value Integrity Checksum Changed,medium,Stratified background alert sampled from raw Wazuh export and not correlated to a scenario run.,Medium-confidence timestamp-derived unrelated/background label; retained after Sprint 8 spot-check.
LBL-000757,ALERT-2387D0B0C8CABF6F,,,BACKGROUND-SAMPLE,safesoc-win-01,2026-05-14T12:23:21.837-0400,unrelated_background,unrelated,background,background_sample,wazuh,,,,,N/A,N/A,594,Registry Key Integrity Checksum Changed,medium,Stratified background alert sampled from raw Wazuh export and not correlated to a scenario run.,Medium-confidence timestamp-derived unrelated/background label; retained after Sprint 8 spot-check.
LBL-000758,ALERT-0FE4576C26C7DCD2,,,BACKGROUND-SAMPLE,safesoc-win-01,2026-05-14T12:23:22.660-0400,unrelated_background,unrelated,background,background_sample,wazuh,,,,,N/A,N/A,92066,C:\\Windows\\SysWOW64\\SecEdit.exe binary in a suspicious location launched by C:\\Windows\\SysWOW64\\WindowsPowerShell\\v1.0\\powershell.exe,medium,Stratified background alert sampled from raw Wazuh export and not correlated to a scenario run.,Medium-confidence timestamp-derived unrelated/background label; retained after Sprint 8 spot-check.
LBL-000759,ALERT-2A35E03F13F7BDC7,,,BACKGROUND-SAMPLE,safesoc-win-01,2026-05-14T12:23:22.688-0400,unrelated_background,unrelated,background,background_sample,wazuh,,,,,N/A,N/A,92021,Powershell was used to delete files or directories,medium,Stratified background alert sampled from raw Wazuh export and not correlated to a scenario run.,Medium-confidence timestamp-derived unrelated/background label; retained after Sprint 8 spot-check.
LBL-000760,ALERT-F1B6F331FD6620A6,,,BACKGROUND-SAMPLE,safesoc-win-01,2026-05-14T12:23:23.615-0400,unrelated_background,unrelated,background,background_sample,wazuh,,,,,N/A,N/A,598,Registry Key Entry Added to the System,medium,Stratified background alert sampled from raw Wazuh export and not correlated to a scenario run.,Medium-confidence timestamp-derived unrelated/background label; retained after Sprint 8 spot-check.
LBL-000761,ALERT-BFAD7FB0954A8EE4,,,BACKGROUND-SAMPLE,safesoc-win-01,2026-05-14T12:23:24.544-0400,unrelated_background,unrelated,background,background_sample,wazuh,,,,,N/A,N/A,92066,C:\\Windows\\SysWOW64\\SecEdit.exe binary in a suspicious location launched by C:\\Windows\\SysWOW64\\WindowsPowerShell\\v1.0\\powershell.exe,medium,Stratified background alert sampled from raw Wazuh export and not correlated to a scenario run.,Medium-confidence timestamp-derived unrelated/background label; retained after Sprint 8 spot-check.
LBL-000762,ALERT-46711C16B8439D11,,,BACKGROUND-SAMPLE,safesoc-win-01,2026-05-14T12:23:24.593-0400,unrelated_background,unrelated,background,background_sample,wazuh,,,,,N/A,N/A,92021,Powershell was used to delete files or directories,medium,Stratified background alert sampled from raw Wazuh export and not correlated to a scenario run.,Medium-confidence timestamp-derived unrelated/background label; retained after Sprint 8 spot-check.
LBL-000763,ALERT-05566EB22ACB9FBC,,,BACKGROUND-SAMPLE,safesoc-win-01,2026-05-14T12:23:25.307-0400,unrelated_background,unrelated,background,background_sample,wazuh,,,,,N/A,N/A,598,Registry Key Entry Added to the System,medium,Stratified background alert sampled from raw Wazuh export and not correlated to a scenario run.,Medium-confidence timestamp-derived unrelated/background label; retained after Sprint 8 spot-check.
LBL-000764,ALERT-B4917CBF29F9E8E6,,,BACKGROUND-SAMPLE,safesoc-win-01,2026-05-14T12:23:26.149-0400,unrelated_background,unrelated,background,background_sample,wazuh,,,,,N/A,N/A,92066,C:\\Windows\\SysWOW64\\SecEdit.exe binary in a suspicious location launched by C:\\Windows\\SysWOW64\\WindowsPowerShell\\v1.0\\powershell.exe,medium,Stratified background alert sampled from raw Wazuh export and not correlated to a scenario run.,Medium-confidence timestamp-derived unrelated/background label; retained after Sprint 8 spot-check.
LBL-000765,ALERT-202040691C33E222,,,BACKGROUND-SAMPLE,safesoc-win-01,2026-05-14T12:23:31.359-0400,unrelated_background,unrelated,background,background_sample,wazuh,,,,,N/A,N/A,92031,Discovery activity executed,medium,Stratified background alert sampled from raw Wazuh export and not correlated to a scenario run.,Medium-confidence timestamp-derived unrelated/background label; retained after Sprint 8 spot-check.
LBL-000766,ALERT-888B81D3B2A132D0,,,BACKGROUND-SAMPLE,safesoc-win-01,2026-05-14T12:23:31.406-0400,unrelated_background,unrelated,background,background_sample,wazuh,,,,,N/A,N/A,92031,Discovery activity executed,medium,Stratified background alert sampled from raw Wazuh export and not correlated to a scenario run.,Medium-confidence timestamp-derived unrelated/background label; retained after Sprint 8 spot-check.
LBL-000767,ALERT-7FC3D6A6B4DE31C3,,,BACKGROUND-SAMPLE,safesoc-win-01,2026-05-14T12:23:31.470-0400,unrelated_background,unrelated,background,background_sample,wazuh,,,,,N/A,N/A,92031,Discovery activity executed,medium,Stratified background alert sampled from raw Wazuh export and not correlated to a scenario run.,Medium-confidence timestamp-derived unrelated/background label; retained after Sprint 8 spot-check.
LBL-000768,ALERT-E661CC3BD1D9E87B,,,BACKGROUND-SAMPLE,safesoc-win-01,2026-05-14T12:23:31.501-0400,unrelated_background,unrelated,background,background_sample,wazuh,,,,,N/A,N/A,92031,Discovery activity executed,medium,Stratified background alert sampled from raw Wazuh export and not correlated to a scenario run.,Medium-confidence timestamp-derived unrelated/background label; retained after Sprint 8 spot-check.
LBL-000769,ALERT-AA1F4C5343611A80,,,BACKGROUND-SAMPLE,safesoc-win-01,2026-05-14T12:23:45.857-0400,unrelated_background,unrelated,background,background_sample,wazuh,,,,,N/A,N/A,60642,Software protection service scheduled successfully.,medium,Stratified background alert sampled from raw Wazuh export and not correlated to a scenario run.,Medium-confidence timestamp-derived unrelated/background label; retained after Sprint 8 spot-check.
LBL-000770,ALERT-41AAC27750AC34C5,,,BACKGROUND-SAMPLE,safesoc-win-01,2026-05-14T12:25:50.170-0400,unrelated_background,unrelated,background,background_sample,wazuh,,,,,N/A,N/A,60118,Windows Workstation Logon Success,medium,Stratified background alert sampled from raw Wazuh export and not correlated to a scenario run.,Medium-confidence timestamp-derived unrelated/background label; retained after Sprint 8 spot-check.
LBL-000771,ALERT-D854699BFA5FBED9,,,BACKGROUND-SAMPLE,safesoc-win-01,2026-05-14T12:25:50.172-0400,unrelated_background,unrelated,background,background_sample,wazuh,,,,,N/A,N/A,60118,Windows Workstation Logon Success,medium,Stratified background alert sampled from raw Wazuh export and not correlated to a scenario run.,Medium-confidence timestamp-derived unrelated/background label; retained after Sprint 8 spot-check.
LBL-000772,ALERT-958C9053450FB9DA,,,BACKGROUND-SAMPLE,safesoc-win-01,2026-05-14T12:25:50.173-0400,unrelated_background,unrelated,background,background_sample,wazuh,,,,,N/A,N/A,67028,Special privileges assigned to new logon.,medium,Stratified background alert sampled from raw Wazuh export and not correlated to a scenario run.,Medium-confidence timestamp-derived unrelated/background label; retained after Sprint 8 spot-check.
LBL-000773,ALERT-32297A9ABE6E588F,,,BACKGROUND-SAMPLE,safesoc-win-01,2026-05-14T12:25:50.192-0400,unrelated_background,unrelated,background,background_sample,wazuh,,,,,N/A,N/A,67023,Non service account logged off.,medium,Stratified background alert sampled from raw Wazuh export and not correlated to a scenario run.,Medium-confidence timestamp-derived unrelated/background label; retained after Sprint 8 spot-check.
LBL-000774,ALERT-D67B76F768A3B6E7,,,BACKGROUND-SAMPLE,safesoc-win-01,2026-05-14T12:25:50.222-0400,unrelated_background,unrelated,background,background_sample,wazuh,,,,,N/A,N/A,67023,Non service account logged off.,medium,Stratified background alert sampled from raw Wazuh export and not correlated to a scenario run.,Medium-confidence timestamp-derived unrelated/background label; retained after Sprint 8 spot-check.
LBL-000775,ALERT-E3C88676F44FED5F,,,BACKGROUND-SAMPLE,safesoc-win-01,2026-05-14T12:28:13.441-0400,unrelated_background,unrelated,background,background_sample,wazuh,,,,,N/A,N/A,60642,Software protection service scheduled successfully.,medium,Stratified background alert sampled from raw Wazuh export and not correlated to a scenario run.,Medium-confidence timestamp-derived unrelated/background label; retained after Sprint 8 spot-check.
LBL-000776,ALERT-0E7E51F7568F4346,,,BACKGROUND-SAMPLE,safesoc-win-01,2026-05-14T12:28:14.526-0400,unrelated_background,unrelated,background,background_sample,wazuh,,,,,N/A,N/A,61640,Sysmon - Suspicious Process - explorer.exe,medium,Stratified background alert sampled from raw Wazuh export and not correlated to a scenario run.,Medium-confidence timestamp-derived unrelated/background label; retained after Sprint 8 spot-check.
LBL-000777,ALERT-A5714D8AC21F6555,,,BACKGROUND-SAMPLE,safesoc-win-01,2026-05-14T12:29:19.536-0400,unrelated_background,unrelated,background,background_sample,wazuh,,,,,N/A,N/A,61104,Service startup type was changed,medium,Stratified background alert sampled from raw Wazuh export and not correlated to a scenario run.,Medium-confidence timestamp-derived unrelated/background label; retained after Sprint 8 spot-check.
LBL-000778,ALERT-73C134B9ECE9AD23,,,BACKGROUND-SAMPLE,safesoc-win-01,2026-05-14T12:29:49.336-0400,unrelated_background,unrelated,background,background_sample,wazuh,,,,,N/A,N/A,60642,Software protection service scheduled successfully.,medium,Stratified background alert sampled from raw Wazuh export and not correlated to a scenario run.,Medium-confidence timestamp-derived unrelated/background label; retained after Sprint 8 spot-check.
LBL-000779,ALERT-03CAD068260B2061,,,BACKGROUND-SAMPLE,safesoc-win-01,2026-05-14T12:30:40.063-0400,unrelated_background,unrelated,background,background_sample,wazuh,,,,,N/A,N/A,60642,Software protection service scheduled successfully.,medium,Stratified background alert sampled from raw Wazuh export and not correlated to a scenario run.,Medium-confidence timestamp-derived unrelated/background label; retained after Sprint 8 spot-check.
LBL-000780,ALERT-725F5395CFF2BF85,,,BACKGROUND-SAMPLE,safesoc-win-01,2026-05-14T12:31:44.771-0400,unrelated_background,unrelated,background,background_sample,wazuh,,,,,N/A,N/A,92033,Discovery activity spawned via powershell execution,medium,Stratified background alert sampled from raw Wazuh export and not correlated to a scenario run.,Medium-confidence timestamp-derived unrelated/background label; retained after Sprint 8 spot-check.
LBL-000781,ALERT-CEAA65BCFE5C938D,,,BACKGROUND-SAMPLE,safesoc-win-01,2026-05-14T12:31:44.772-0400,unrelated_background,unrelated,background,background_sample,wazuh,,,,,N/A,N/A,92031,Discovery activity executed,medium,Stratified background alert sampled from raw Wazuh export and not correlated to a scenario run.,Medium-confidence timestamp-derived unrelated/background label; retained after Sprint 8 spot-check.
LBL-000782,ALERT-F6E6F952F1F184FC,,,BACKGROUND-SAMPLE,safesoc-win-01,2026-05-14T12:31:47.576-0400,unrelated_background,unrelated,background,background_sample,wazuh,,,,,N/A,N/A,92033,Discovery activity spawned via powershell execution,medium,Stratified background alert sampled from raw Wazuh export and not correlated to a scenario run.,Medium-confidence timestamp-derived unrelated/background label; retained after Sprint 8 spot-check.
LBL-000783,ALERT-2C8327A5F09D4195,,,BACKGROUND-SAMPLE,safesoc-win-01,2026-05-14T12:41:30.558-0400,unrelated_background,unrelated,background,background_sample,wazuh,,,,,N/A,N/A,60642,Software protection service scheduled successfully.,medium,Stratified background alert sampled from raw Wazuh export and not correlated to a scenario run.,Medium-confidence timestamp-derived unrelated/background label; retained after Sprint 8 spot-check.
LBL-000784,ALERT-612C0362F5A2ACAA,,,BACKGROUND-SAMPLE,safesoc-win-01,2026-05-14T12:51:57.561-0400,unrelated_background,unrelated,background,background_sample,wazuh,,,,,N/A,N/A,61104,Service startup type was changed,medium,Stratified background alert sampled from raw Wazuh export and not correlated to a scenario run.,Medium-confidence timestamp-derived unrelated/background label; retained after Sprint 8 spot-check.
LBL-000785,ALERT-FA0E86EC33323A0D,,,BACKGROUND-SAMPLE,safesoc-win-01,2026-05-14T12:52:49.700-0400,unrelated_background,unrelated,background,background_sample,wazuh,,,,,N/A,N/A,92052,Windows command prompt started by an abnormal process,medium,Stratified background alert sampled from raw Wazuh export and not correlated to a scenario run.,Medium-confidence timestamp-derived unrelated/background label; retained after Sprint 8 spot-check.
LBL-000786,ALERT-EAD87F5C4E6A29BA,,,BACKGROUND-SAMPLE,safesoc-win-01,2026-05-14T12:52:49.875-0400,unrelated_background,unrelated,background,background_sample,wazuh,,,,,N/A,N/A,92032,Suspicious Windows cmd shell execution,medium,Stratified background alert sampled from raw Wazuh export and not correlated to a scenario run.,Medium-confidence timestamp-derived unrelated/background label; retained after Sprint 8 spot-check.
LBL-000787,ALERT-BCBD4006E71B62F3,,,BACKGROUND-SAMPLE,safesoc-win-01,2026-05-14T12:52:50.941-0400,unrelated_background,unrelated,background,background_sample,wazuh,,,,,N/A,N/A,60805,The database engine is starting a new instance.,medium,Stratified background alert sampled from raw Wazuh export and not correlated to a scenario run.,Medium-confidence timestamp-derived unrelated/background label; retained after Sprint 8 spot-check.
LBL-000788,ALERT-5B36C51D524F541F,,,BACKGROUND-SAMPLE,safesoc-win-01,2026-05-14T12:52:54.750-0400,unrelated_background,unrelated,background,background_sample,wazuh,,,,,N/A,N/A,61104,Service startup type was changed,medium,Stratified background alert sampled from raw Wazuh export and not correlated to a scenario run.,Medium-confidence timestamp-derived unrelated/background label; retained after Sprint 8 spot-check.
LBL-000789,ALERT-48F1B38F0D328EDD,,,BACKGROUND-SAMPLE,safesoc-win-01,2026-05-14T12:52:56.427-0400,unrelated_background,unrelated,background,background_sample,wazuh,,,,,N/A,N/A,61104,Service startup type was changed,medium,Stratified background alert sampled from raw Wazuh export and not correlated to a scenario run.,Medium-confidence timestamp-derived unrelated/background label; retained after Sprint 8 spot-check.
LBL-000790,ALERT-526931E7BBA615B3,,,BACKGROUND-SAMPLE,safesoc-win-01,2026-05-14T13:08:18.488-0400,unrelated_background,unrelated,background,background_sample,wazuh,,,,,N/A,N/A,92004,Powershell process spawned Windows command shell instance,medium,Stratified background alert sampled from raw Wazuh export and not correlated to a scenario run.,Medium-confidence timestamp-derived unrelated/background label; retained after Sprint 8 spot-check.
LBL-000791,ALERT-517154A79CDD59FD,,,BACKGROUND-SAMPLE,safesoc-win-01,2026-05-14T13:08:18.489-0400,unrelated_background,unrelated,background,background_sample,wazuh,,,,,N/A,N/A,92032,Suspicious Windows cmd shell execution,medium,Stratified background alert sampled from raw Wazuh export and not correlated to a scenario run.,Medium-confidence timestamp-derived unrelated/background label; retained after Sprint 8 spot-check.
LBL-000792,ALERT-D96016242D5AEFA9,,,BACKGROUND-SAMPLE,safesoc-win-01,2026-05-14T13:08:24.680-0400,unrelated_background,unrelated,background,background_sample,wazuh,,,,,N/A,N/A,92004,Powershell process spawned Windows command shell instance,medium,Stratified background alert sampled from raw Wazuh export and not correlated to a scenario run.,Medium-confidence timestamp-derived unrelated/background label; retained after Sprint 8 spot-check.
LBL-000793,ALERT-C4018D839CC00F9A,,,BACKGROUND-SAMPLE,safesoc-win-01,2026-05-14T13:08:24.681-0400,unrelated_background,unrelated,background,background_sample,wazuh,,,,,N/A,N/A,92032,Suspicious Windows cmd shell execution,medium,Stratified background alert sampled from raw Wazuh export and not correlated to a scenario run.,Medium-confidence timestamp-derived unrelated/background label; retained after Sprint 8 spot-check.
LBL-000794,ALERT-C9ABEAE2E17CDB6A,,,BACKGROUND-SAMPLE,safesoc-win-01,2026-05-14T13:08:28.710-0400,unrelated_background,unrelated,background,background_sample,wazuh,,,,,N/A,N/A,92004,Powershell process spawned Windows command shell instance,medium,Stratified background alert sampled from raw Wazuh export and not correlated to a scenario run.,Medium-confidence timestamp-derived unrelated/background label; retained after Sprint 8 spot-check.
LBL-000795,ALERT-BF7B7ECA6E21EBED,,,BACKGROUND-SAMPLE,safesoc-win-01,2026-05-14T13:08:31.807-0400,unrelated_background,unrelated,background,background_sample,wazuh,,,,,N/A,N/A,92004,Powershell process spawned Windows command shell instance,medium,Stratified background alert sampled from raw Wazuh export and not correlated to a scenario run.,Medium-confidence timestamp-derived unrelated/background label; retained after Sprint 8 spot-check.
LBL-000796,ALERT-8CCB5DDC27D76481,,,BACKGROUND-SAMPLE,safesoc-win-01,2026-05-14T13:08:31.808-0400,unrelated_background,unrelated,background,background_sample,wazuh,,,,,N/A,N/A,92036,A C:\\Windows\\System32\\net.exe binary was started by a Windows cmd shell,medium,Stratified background alert sampled from raw Wazuh export and not correlated to a scenario run.,Medium-confidence timestamp-derived unrelated/background label; retained after Sprint 8 spot-check.
LBL-000797,ALERT-DD3D1C060A8BDE33,,,BACKGROUND-SAMPLE,safesoc-win-01,2026-05-14T13:08:35.105-0400,unrelated_background,unrelated,background,background_sample,wazuh,,,,,N/A,N/A,92004,Powershell process spawned Windows command shell instance,medium,Stratified background alert sampled from raw Wazuh export and not correlated to a scenario run.,Medium-confidence timestamp-derived unrelated/background label; retained after Sprint 8 spot-check.
LBL-000798,ALERT-538A517A2D423D0D,,,BACKGROUND-SAMPLE,safesoc-win-01,2026-05-14T13:08:35.106-0400,unrelated_background,unrelated,background,background_sample,wazuh,,,,,N/A,N/A,92036,A C:\\Windows\\System32\\net.exe binary was started by a Windows cmd shell,medium,Stratified background alert sampled from raw Wazuh export and not correlated to a scenario run.,Medium-confidence timestamp-derived unrelated/background label; retained after Sprint 8 spot-check.
LBL-000799,ALERT-81A166FC7E006B4B,,,BACKGROUND-SAMPLE,safesoc-win-01,2026-05-14T13:08:50.156-0400,unrelated_background,unrelated,background,background_sample,wazuh,,,,,N/A,N/A,92027,Powershell process spawned powershell instance,medium,Stratified background alert sampled from raw Wazuh export and not correlated to a scenario run.,Medium-confidence timestamp-derived unrelated/background label; retained after Sprint 8 spot-check.
LBL-000800,ALERT-5C5DD2962A706280,,,BACKGROUND-SAMPLE,safesoc-win-01,2026-05-14T13:08:53.033-0400,unrelated_background,unrelated,background,background_sample,wazuh,,,,,N/A,N/A,92027,Powershell process spawned powershell instance,medium,Stratified background alert sampled from raw Wazuh export and not correlated to a scenario run.,Medium-confidence timestamp-derived unrelated/background label; retained after Sprint 8 spot-check.
