agent_name,rule_id,rule_description,rule_level,raw_count,unlabeled_count,labeled_overlap_count
safesoc-lnx-01,2904,Dpkg (Debian Package) half configured.,7,672,648,24
safesoc-lnx-01,550,Integrity checksum changed.,7,469,463,6
safesoc-lnx-01,2902,New dpkg (Debian Package) installed.,7,422,401,21
safesoc-lnx-01,5501,PAM: Login session opened.,3,107,45,62
safesoc-lnx-01,92604,Processes running for all users were queried with ps command.,6,103,0,103
safesoc-win-01,92032,Suspicious Windows cmd shell execution,3,101,85,16
safesoc-win-01,92004,Powershell process spawned Windows command shell instance,4,97,91,6
safesoc-lnx-01,5502,PAM: Login session closed.,3,96,42,54
safesoc-lnx-01,5402,Successful sudo to ROOT executed.,3,89,37,52
safesoc-lnx-01,554,File added to the system.,5,45,39,6
safesoc-wazuh-01,5502,PAM: Login session closed.,3,44,34,10
safesoc-wazuh-01,5501,PAM: Login session opened.,3,43,33,10
safesoc-win-01,92021,Powershell was used to delete files or directories,3,43,27,16
safesoc-win-01,92066,C:\\Windows\\SysWOW64\\SecEdit.exe binary in a suspicious location launched by C:\\Windows\\SysWOW64\\WindowsPowerShell\\v1.0\\powershell.exe,4,40,27,13
safesoc-win-01,92031,Discovery activity executed,3,37,27,10
safesoc-wazuh-01,5402,Successful sudo to ROOT executed.,3,33,23,10
safesoc-win-01,60642,Software protection service scheduled successfully.,3,30,21,9
safesoc-win-01,594,Registry Key Integrity Checksum Changed,5,25,20,5
safesoc-win-01,750,Registry Value Integrity Checksum Changed,5,22,17,5
safesoc-win-01,92027,Powershell process spawned powershell instance,4,21,13,8
safesoc-win-01,61104,Service startup type was changed,3,19,13,6
safesoc-win-01,92052,Windows command prompt started by an abnormal process,4,19,5,14
safesoc-lnx-01,2901,New dpkg (Debian Package) requested to install.,3,18,9,9
safesoc-wazuh-01,2902,New dpkg (Debian Package) installed.,7,16,6,10
safesoc-wazuh-01,2904,Dpkg (Debian Package) half configured.,7,16,6,10
safesoc-lnx-01,5503,PAM: User login failed.,5,16,6,10
safesoc-wazuh-01,52002,Apparmor DENIED,3,15,10,5
safesoc-wazuh-01,553,File deleted.,7,15,10,5
safesoc-win-01,92036,A C:\\Windows\\System32\\net.exe binary was started by a Windows cmd shell,3,14,12,2
safesoc-lnx-01,100760,SafeAgentSOC run start marker observed,3,14,0,14
safesoc-lnx-01,100761,SafeAgentSOC run end marker observed,3,14,0,14
safesoc-lnx-01,5710,sshd: Attempt to login using a non-existent user,5,13,6,7
safesoc-wazuh-01,550,Integrity checksum changed.,7,12,7,5
safesoc-wazuh-01,2901,New dpkg (Debian Package) requested to install.,3,10,2,8
safesoc-lnx-01,5760,sshd: authentication failed.,5,10,0,10
safesoc-lnx-01,52002,Apparmor DENIED,3,9,4,5
safesoc-win-01,92058,Application Compatibility Database launched,12,9,6,3
safesoc-wazuh-01,533,Listened ports status (netstat) changed (new port opened or closed).,7,8,4,4
safesoc-win-01,60118,Windows Workstation Logon Success,3,8,2,6
safesoc-wazuh-01,554,File added to the system.,5,7,3,4
safesoc-win-01,752,Registry Value Entry Added to the System,5,6,1,5
safesoc-win-01,67023,Non service account logged off.,3,6,0,6
safesoc-lnx-01,100764,SafeAgentSOC S09 Linux discovery scenario marker,5,6,0,6
safesoc-lnx-01,2502,syslog: User missed the password more than one time,10,6,0,6
safesoc-win-01,503,Wazuh agent started.,3,5,5,0
safesoc-lnx-01,5401,Failed attempt to run sudo.,5,5,1,4
safesoc-wazuh-01,5715,sshd: authentication success.,3,4,0,4
safesoc-win-01,67028,Special privileges assigned to new logon.,3,4,1,3
safesoc-lnx-01,2501,syslog: User authentication failure.,5,4,0,4
safesoc-win-01,60608,Summary event of the report's signatures.,4,4,4,0
safesoc-win-01,506,Wazuh agent stopped.,3,4,4,0
safesoc-wazuh-01,502,Wazuh server started.,3,4,4,0
safesoc-lnx-01,100763,SafeAgentSOC S08 Linux sudo authentication scenario marker,6,4,0,4
safesoc-lnx-01,100765,SafeAgentSOC S10 Linux cron marker scenario,7,4,0,4
safesoc-lnx-01,100782,SafeAgentSOC simulated credential dumping gap marker,10,4,4,0
safesoc-lnx-01,100783,SafeAgentSOC simulated Linux log clearing gap marker,10,4,4,0
safesoc-lnx-01,100784,SafeAgentSOC simulated defense impairment gap marker,10,4,4,0
safesoc-win-01,61138,New Windows Service Created,5,4,4,0
safesoc-lnx-01,80730,Auditd: SELinux permission check.,3,3,0,3
safesoc-wazuh-01,5902,New user added to the system.,8,3,1,2
safesoc-win-01,60646,License activation (slui.exe) failed.,5,3,2,1
safesoc-win-01,598,Registry Key Entry Added to the System,5,3,0,3
safesoc-win-01,92033,Discovery activity spawned via powershell execution,3,3,0,3
safesoc-lnx-01,506,Wazuh agent stopped.,3,3,2,1
safesoc-lnx-01,503,Wazuh agent started.,3,3,2,1
safesoc-win-01,60122,Logon Failure - Unknown user or bad password,5,3,1,2
safesoc-win-01,92034,Discovery activity spawned via cmd shell execution,3,3,0,3
safesoc-win-01,62123,Windows Defender: Antimalware platform detected  potentially unwanted software (),12,3,0,3
safesoc-win-01,504,Wazuh agent disconnected.,3,3,3,0
safesoc-win-01,62124,Windows Defender: Antimalware platform performed an action to protect you from potentially unwanted software (),3,2,0,2
safesoc-lnx-01,5403,First time user executed sudo.,4,2,2,0
safesoc-lnx-01,40112,Multiple authentication failures followed by a success.,12,2,0,2
safesoc-lnx-01,2832,Crontab entry changed.,5,2,2,0
safesoc-lnx-01,100780,SafeAgentSOC simulated-only high-risk gap started,8,2,2,0
safesoc-lnx-01,100781,SafeAgentSOC simulated-only high-risk gap completed,8,2,2,0
safesoc-wazuh-01,19004,SCA summary: CIS Ubuntu Linux 24.04 LTS Benchmark v1.0.0.: Score less than 50% (47),7,2,2,0
safesoc-win-01,19007,CIS Microsoft Windows 11 Enterprise Benchmark v3.0.0: Ensure 'Choose how BitLocker-protected operating system drives can be recovered: Allow data recovery agent' is set to 'Enabled: False'.,7,2,2,0
safesoc-win-01,19008,CIS Microsoft Windows 11 Enterprise Benchmark v3.0.0: Ensure 'Allow Basic authentication' is set to 'Disabled'.,3,2,2,0
safesoc-win-01,19008,CIS Microsoft Windows 11 Enterprise Benchmark v3.0.0: Ensure 'Allow unencrypted traffic' is set to 'Disabled'.,3,2,2,0
safesoc-win-01,19005,SCA summary: CIS Microsoft Windows 11 Enterprise Benchmark v3.0.0: Score less than 30% (26),9,2,2,0
safesoc-win-01,60602,Windows application error event.,9,2,2,0
safesoc-lnx-01,2903,Dpkg (Debian Package) removed.,7,1,0,1
safesoc-lnx-01,19010,CIS Ubuntu Linux 24.04 LTS Benchmark v1.0.0.: Ensure all AppArmor Profiles are in enforce or complain mode.: Status changed from failed to passed,3,1,0,1
safesoc-lnx-01,19014,CIS Ubuntu Linux 24.04 LTS Benchmark v1.0.0.: Ensure sshd access is configured.: Status changed from 'not applicable' to failed,9,1,0,1
safesoc-lnx-01,19014,CIS Ubuntu Linux 24.04 LTS Benchmark v1.0.0.: Ensure sshd Banner is configured.: Status changed from 'not applicable' to failed,9,1,0,1
safesoc-lnx-01,19015,CIS Ubuntu Linux 24.04 LTS Benchmark v1.0.0.: Ensure sshd Ciphers are configured.: Status changed from 'not applicable' to passed,3,1,0,1
safesoc-lnx-01,19014,CIS Ubuntu Linux 24.04 LTS Benchmark v1.0.0.: Ensure sshd ClientAliveInterval and ClientAliveCountMax are configured.: Status changed from 'not applicable' to failed,9,1,0,1
safesoc-lnx-01,19014,CIS Ubuntu Linux 24.04 LTS Benchmark v1.0.0.: Ensure sshd DisableForwarding is enabled.: Status changed from 'not applicable' to failed,9,1,0,1
safesoc-lnx-01,19015,CIS Ubuntu Linux 24.04 LTS Benchmark v1.0.0.: Ensure sshd GSSAPIAuthentication is disabled.: Status changed from 'not applicable' to passed,3,1,0,1
safesoc-lnx-01,19015,CIS Ubuntu Linux 24.04 LTS Benchmark v1.0.0.: Ensure sshd HostbasedAuthentication is disabled.: Status changed from 'not applicable' to passed,3,1,0,1
safesoc-lnx-01,19015,CIS Ubuntu Linux 24.04 LTS Benchmark v1.0.0.: Ensure sshd IgnoreRhosts is enabled.: Status changed from 'not applicable' to passed,3,1,0,1
safesoc-lnx-01,19015,CIS Ubuntu Linux 24.04 LTS Benchmark v1.0.0.: Ensure sshd KexAlgorithms is configured.: Status changed from 'not applicable' to passed,3,1,0,1
safesoc-lnx-01,19014,CIS Ubuntu Linux 24.04 LTS Benchmark v1.0.0.: Ensure sshd LoginGraceTime is configured.: Status changed from 'not applicable' to failed,9,1,0,1
safesoc-lnx-01,19015,CIS Ubuntu Linux 24.04 LTS Benchmark v1.0.0.: Ensure sshd LogLevel is configured.: Status changed from 'not applicable' to passed,3,1,1,0
safesoc-lnx-01,19014,CIS Ubuntu Linux 24.04 LTS Benchmark v1.0.0.: Ensure sshd MACs are configured.: Status changed from 'not applicable' to failed,9,1,1,0
safesoc-lnx-01,19014,CIS Ubuntu Linux 24.04 LTS Benchmark v1.0.0.: Ensure sshd MaxAuthTries is configured.: Status changed from 'not applicable' to failed,9,1,1,0
safesoc-lnx-01,19015,CIS Ubuntu Linux 24.04 LTS Benchmark v1.0.0.: Ensure sshd MaxSessions is configured.: Status changed from 'not applicable' to passed,3,1,1,0
safesoc-lnx-01,19014,CIS Ubuntu Linux 24.04 LTS Benchmark v1.0.0.: Ensure sshd MaxStartups is configured.: Status changed from 'not applicable' to failed,9,1,1,0
safesoc-lnx-01,19015,CIS Ubuntu Linux 24.04 LTS Benchmark v1.0.0.: Ensure sshd PermitEmptyPasswords is disabled.: Status changed from 'not applicable' to passed,3,1,1,0
safesoc-lnx-01,19014,CIS Ubuntu Linux 24.04 LTS Benchmark v1.0.0.: Ensure sshd PermitRootLogin is disabled.: Status changed from 'not applicable' to failed,9,1,1,0
safesoc-lnx-01,19015,CIS Ubuntu Linux 24.04 LTS Benchmark v1.0.0.: Ensure sshd PermitUserEnvironment is disabled.: Status changed from 'not applicable' to passed,3,1,1,0
safesoc-lnx-01,19015,CIS Ubuntu Linux 24.04 LTS Benchmark v1.0.0.: Ensure sshd UsePAM is enabled.: Status changed from 'not applicable' to passed,3,1,1,0
safesoc-lnx-01,19004,SCA summary: CIS Ubuntu Linux 24.04 LTS Benchmark v1.0.0.: Score less than 50% (48),7,1,0,1
safesoc-lnx-01,23504,CVE-2024-52616 affects avahi-daemon,7,1,0,1
safesoc-lnx-01,23504,CVE-2024-52615 affects avahi-daemon,7,1,0,1
safesoc-lnx-01,23504,CVE-2026-34933 affects avahi-daemon,7,1,0,1
safesoc-lnx-01,23504,CVE-2026-24401 affects avahi-daemon,7,1,0,1
safesoc-lnx-01,23504,CVE-2025-59529 affects avahi-daemon,7,1,0,1
safesoc-lnx-01,23504,CVE-2026-27456 affects bsdextrautils,7,1,1,0
safesoc-lnx-01,23504,CVE-2026-27456 affects bsdutils,7,1,1,0
safesoc-lnx-01,23504,CVE-2026-41079 affects cups,7,1,1,0
safesoc-lnx-01,23504,CVE-2026-41079 affects cups-bsd,7,1,1,0
safesoc-lnx-01,23504,CVE-2026-41079 affects cups-client,7,1,1,0
safesoc-lnx-01,23504,CVE-2026-41079 affects cups-common,7,1,1,0
safesoc-lnx-01,23504,CVE-2026-41079 affects cups-core-drivers,7,1,1,0
safesoc-lnx-01,23504,CVE-2026-41079 affects cups-daemon,7,1,1,0
safesoc-lnx-01,23504,CVE-2026-41079 affects cups-ipp-utils,7,1,1,0
safesoc-lnx-01,23504,CVE-2026-41079 affects cups-ppdc,7,1,1,0
safesoc-lnx-01,23504,CVE-2026-41079 affects cups-server-common,7,1,1,0
safesoc-lnx-01,23503,CVE-2025-12199 affects dnsmasq-base,5,1,0,1
safesoc-lnx-01,23503,CVE-2025-12200 affects dnsmasq-base,5,1,0,1
safesoc-lnx-01,23505,CVE-2025-12198 affects dnsmasq-base,10,1,0,1
safesoc-lnx-01,23504,CVE-2026-27456 affects eject,7,1,1,0
safesoc-lnx-01,23504,CVE-2026-27456 affects fdisk,7,1,1,0
safesoc-lnx-01,23504,CVE-2025-66286 affects gir1.2-javascriptcoregtk-4.1,7,1,1,0
safesoc-lnx-01,23504,CVE-2025-66286 affects gir1.2-javascriptcoregtk-6.0,7,1,1,0
safesoc-lnx-01,23503,CVE-2022-0987 affects gir1.2-packagekitglib-1.0,5,1,0,1
safesoc-lnx-01,23503,CVE-2024-0217 affects gir1.2-packagekitglib-1.0,5,1,0,1
safesoc-lnx-01,23505,CVE-2016-2568 affects gir1.2-polkit-1.0,10,1,0,1
safesoc-lnx-01,23504,CVE-2025-9901 affects gir1.2-soup-3.0,7,1,1,0
safesoc-lnx-01,23504,CVE-2025-4035 affects gir1.2-soup-3.0,7,1,1,0
safesoc-lnx-01,23505,CVE-2025-14523 affects gir1.2-soup-3.0,10,1,0,1
safesoc-lnx-01,23504,CVE-2026-0716 affects gir1.2-soup-3.0,7,1,1,0
safesoc-lnx-01,23503,CVE-2026-3633 affects gir1.2-soup-3.0,5,1,0,1
safesoc-lnx-01,23503,CVE-2026-3632 affects gir1.2-soup-3.0,5,1,1,0
safesoc-lnx-01,23503,CVE-2026-3634 affects gir1.2-soup-3.0,5,1,1,0
safesoc-lnx-01,23505,CVE-2025-32049 affects gir1.2-soup-3.0,10,1,0,1
safesoc-lnx-01,23504,CVE-2026-3099 affects gir1.2-soup-3.0,7,1,1,0
safesoc-lnx-01,23505,CVE-2026-0719 affects gir1.2-soup-3.0,10,1,0,1
safesoc-lnx-01,23504,CVE-2025-66286 affects gir1.2-webkit-6.0,7,1,1,0
safesoc-lnx-01,23504,CVE-2025-66286 affects gir1.2-webkit2-4.1,7,1,1,0
safesoc-lnx-01,23503,CVE-2022-0987 affects gstreamer1.0-packagekit,5,1,1,0
safesoc-lnx-01,23503,CVE-2024-0217 affects gstreamer1.0-packagekit,5,1,1,0
safesoc-lnx-01,23505,CVE-2026-28372 affects inetutils-telnet,10,1,1,0
safesoc-lnx-01,23504,CVE-2026-4426 affects libarchive13t64,7,1,1,0
safesoc-lnx-01,23506,CVE-2026-5121 affects libarchive13t64,13,1,0,1
safesoc-lnx-01,23504,CVE-2026-5745 affects libarchive13t64,7,1,1,0
safesoc-lnx-01,23505,CVE-2026-4424 affects libarchive13t64,10,1,1,0
safesoc-lnx-01,23504,CVE-2024-52616 affects libavahi-client3,7,1,1,0
safesoc-lnx-01,23504,CVE-2024-52615 affects libavahi-client3,7,1,1,0
safesoc-lnx-01,23504,CVE-2026-34933 affects libavahi-client3,7,1,1,0
safesoc-lnx-01,23504,CVE-2026-24401 affects libavahi-client3,7,1,1,0
safesoc-lnx-01,23504,CVE-2025-59529 affects libavahi-client3,7,1,1,0
safesoc-lnx-01,23504,CVE-2024-52616 affects libavahi-common-data,7,1,1,0
safesoc-lnx-01,23504,CVE-2024-52615 affects libavahi-common-data,7,1,1,0
safesoc-lnx-01,23504,CVE-2026-34933 affects libavahi-common-data,7,1,1,0
safesoc-lnx-01,23504,CVE-2026-24401 affects libavahi-common-data,7,1,1,0
safesoc-lnx-01,23504,CVE-2025-59529 affects libavahi-common-data,7,1,1,0
safesoc-lnx-01,23504,CVE-2024-52616 affects libavahi-common3,7,1,1,0
safesoc-lnx-01,23504,CVE-2024-52615 affects libavahi-common3,7,1,1,0
safesoc-lnx-01,23504,CVE-2026-34933 affects libavahi-common3,7,1,1,0
safesoc-lnx-01,23504,CVE-2026-24401 affects libavahi-common3,7,1,1,0
safesoc-lnx-01,23504,CVE-2025-59529 affects libavahi-common3,7,1,1,0
safesoc-lnx-01,23504,CVE-2024-52616 affects libavahi-core7,7,1,1,0
safesoc-lnx-01,23504,CVE-2024-52615 affects libavahi-core7,7,1,1,0
safesoc-lnx-01,23504,CVE-2026-34933 affects libavahi-core7,7,1,1,0
safesoc-lnx-01,23504,CVE-2026-24401 affects libavahi-core7,7,1,1,0
safesoc-lnx-01,23504,CVE-2025-59529 affects libavahi-core7,7,1,1,0
safesoc-lnx-01,23504,CVE-2024-52616 affects libavahi-glib1,7,1,1,0
safesoc-lnx-01,23504,CVE-2024-52615 affects libavahi-glib1,7,1,1,0
safesoc-lnx-01,23504,CVE-2026-34933 affects libavahi-glib1,7,1,1,0
safesoc-lnx-01,23504,CVE-2026-24401 affects libavahi-glib1,7,1,1,0
safesoc-lnx-01,23504,CVE-2025-59529 affects libavahi-glib1,7,1,1,0
safesoc-lnx-01,23504,CVE-2026-27456 affects libblkid1,7,1,1,0
safesoc-lnx-01,23505,CVE-2026-4046 affects libc-bin,10,1,1,0
safesoc-lnx-01,23505,CVE-2026-4437 affects libc-bin,10,1,1,0
safesoc-lnx-01,23504,CVE-2026-4438 affects libc-bin,7,1,1,0
safesoc-lnx-01,23505,CVE-2026-4046 affects libc6,10,1,1,0
safesoc-lnx-01,23505,CVE-2026-4437 affects libc6,10,1,1,0
safesoc-lnx-01,23504,CVE-2026-4438 affects libc6,7,1,1,0
safesoc-lnx-01,23504,CVE-2026-41079 affects libcups2t64,7,1,1,0
safesoc-lnx-01,23504,CVE-2026-41079 affects libcupsimage2t64,7,1,1,0
safesoc-lnx-01,23504,CVE-2020-18773 affects libexiv2-27,7,1,1,0
safesoc-lnx-01,23504,CVE-2020-18774 affects libexiv2-27,7,1,1,0
safesoc-lnx-01,23503,CVE-2025-66382 affects libexpat1,5,1,1,0
safesoc-lnx-01,23504,CVE-2026-27456 affects libfdisk1,7,1,1,0
safesoc-lnx-01,23504,CVE-2026-27951 affects libfreerdp-server3-3,7,1,1,0
safesoc-lnx-01,23504,CVE-2026-27951 affects libfreerdp3-3,7,1,1,0
safesoc-lnx-01,23504,CVE-2025-66286 affects libjavascriptcoregtk-4.1-0,7,1,1,0
safesoc-lnx-01,23504,CVE-2025-66286 affects libjavascriptcoregtk-6.0-1,7,1,1,0
safesoc-lnx-01,23504,CVE-2026-27456 affects libmount1,7,1,1,0
safesoc-lnx-01,23504,CVE-2019-6988 affects libopenjp2-7,7,1,1,0
safesoc-lnx-01,23504,CVE-2023-39328 affects libopenjp2-7,7,1,1,0
safesoc-lnx-01,23504,CVE-2023-39329 affects libopenjp2-7,7,1,1,0
safesoc-lnx-01,23503,CVE-2022-0987 affects libpackagekit-glib2-18,5,1,1,0
safesoc-lnx-01,23503,CVE-2024-0217 affects libpackagekit-glib2-18,5,1,1,0
safesoc-lnx-01,23505,CVE-2016-2568 affects libpolkit-agent-1-0,10,1,1,0
safesoc-lnx-01,23505,CVE-2016-2568 affects libpolkit-gobject-1-0,10,1,1,0
safesoc-lnx-01,23505,CVE-2019-9543 affects libpoppler-cpp0t64,10,1,1,0
safesoc-lnx-01,23505,CVE-2019-9545 affects libpoppler-cpp0t64,10,1,1,0
safesoc-lnx-01,23505,CVE-2019-9543 affects libpoppler-glib8t64,10,1,1,0
safesoc-lnx-01,23505,CVE-2019-9545 affects libpoppler-glib8t64,10,1,1,0
safesoc-lnx-01,23505,CVE-2019-9543 affects libpoppler134,10,1,1,0
safesoc-lnx-01,23505,CVE-2019-9545 affects libpoppler134,10,1,1,0
safesoc-lnx-01,23508,"CVE-2026-6409 affects libprotobuf32t64 (Missing information, CVE awaiting analysis)",3,1,0,1
safesoc-lnx-01,23508,"CVE-2025-13462 affects libpython3.12-minimal (Missing information, CVE awaiting analysis)",3,1,0,1
safesoc-lnx-01,23508,"CVE-2026-2297 affects libpython3.12-minimal (Missing information, CVE awaiting analysis)",3,1,0,1
safesoc-lnx-01,23508,"CVE-2025-13462 affects libpython3.12-stdlib (Missing information, CVE awaiting analysis)",3,1,0,1
safesoc-lnx-01,23508,"CVE-2026-2297 affects libpython3.12-stdlib (Missing information, CVE awaiting analysis)",3,1,0,1
safesoc-lnx-01,23508,"CVE-2025-13462 affects libpython3.12t64 (Missing information, CVE awaiting analysis)",3,1,1,0
safesoc-lnx-01,23508,"CVE-2026-2297 affects libpython3.12t64 (Missing information, CVE awaiting analysis)",3,1,1,0
safesoc-lnx-01,23504,CVE-2026-27456 affects libsmartcols1,7,1,1,0
safesoc-lnx-01,23504,CVE-2025-9901 affects libsoup-3.0-0,7,1,1,0
safesoc-lnx-01,23504,CVE-2025-4035 affects libsoup-3.0-0,7,1,1,0
safesoc-lnx-01,23505,CVE-2025-14523 affects libsoup-3.0-0,10,1,1,0
safesoc-lnx-01,23504,CVE-2026-0716 affects libsoup-3.0-0,7,1,1,0
safesoc-lnx-01,23503,CVE-2026-3633 affects libsoup-3.0-0,5,1,1,0
safesoc-lnx-01,23503,CVE-2026-3632 affects libsoup-3.0-0,5,1,1,0
safesoc-lnx-01,23503,CVE-2026-3634 affects libsoup-3.0-0,5,1,1,0
safesoc-lnx-01,23505,CVE-2025-32049 affects libsoup-3.0-0,10,1,1,0
safesoc-lnx-01,23504,CVE-2026-3099 affects libsoup-3.0-0,7,1,1,0
safesoc-lnx-01,23505,CVE-2026-0719 affects libsoup-3.0-0,10,1,1,0
safesoc-lnx-01,23504,CVE-2025-9901 affects libsoup-3.0-common,7,1,1,0
safesoc-lnx-01,23504,CVE-2025-4035 affects libsoup-3.0-common,7,1,1,0
safesoc-lnx-01,23505,CVE-2025-14523 affects libsoup-3.0-common,10,1,1,0
safesoc-lnx-01,23504,CVE-2026-0716 affects libsoup-3.0-common,7,1,1,0
safesoc-lnx-01,23503,CVE-2026-3633 affects libsoup-3.0-common,5,1,1,0
safesoc-lnx-01,23503,CVE-2026-3632 affects libsoup-3.0-common,5,1,1,0
safesoc-lnx-01,23503,CVE-2026-3634 affects libsoup-3.0-common,5,1,1,0
safesoc-lnx-01,23505,CVE-2025-32049 affects libsoup-3.0-common,10,1,1,0
safesoc-lnx-01,23504,CVE-2026-3099 affects libsoup-3.0-common,7,1,1,0
safesoc-lnx-01,23505,CVE-2026-0719 affects libsoup-3.0-common,10,1,1,0
safesoc-lnx-01,23504,CVE-2026-27456 affects libuuid1,7,1,1,0
safesoc-lnx-01,23504,CVE-2025-66286 affects libwebkit2gtk-4.1-0,7,1,1,0
safesoc-lnx-01,23504,CVE-2025-66286 affects libwebkitgtk-6.0-4,7,1,1,0
safesoc-lnx-01,23504,CVE-2026-27951 affects libwinpr3-3,7,1,1,0
safesoc-lnx-01,23504,CVE-2025-10911 affects libxslt1.1,7,1,1,0
safesoc-lnx-01,23505,CVE-2025-7425 affects libxslt1.1,10,1,1,0
safesoc-lnx-01,23505,CVE-2026-31470 affects linux-image-6.17.0-23-generic,10,1,1,0
safesoc-lnx-01,23505,CVE-2026-31464 affects linux-image-6.17.0-23-generic,10,1,1,0
safesoc-lnx-01,23504,CVE-2026-31461 affects linux-image-6.17.0-23-generic,7,1,1,0
safesoc-lnx-01,23505,CVE-2026-31455 affects linux-image-6.17.0-23-generic,10,1,1,0
safesoc-lnx-01,23505,CVE-2026-31454 affects linux-image-6.17.0-23-generic,10,1,1,0
safesoc-lnx-01,23504,CVE-2026-23442 affects linux-image-6.17.0-23-generic,7,1,1,0
safesoc-lnx-01,23505,CVE-2026-23461 affects linux-image-6.17.0-23-generic,10,1,1,0
safesoc-lnx-01,23505,CVE-2026-31452 affects linux-image-6.17.0-23-generic,10,1,1,0
safesoc-lnx-01,23508,"CVE-2026-23289 affects linux-image-6.17.0-23-generic (Missing information, CVE awaiting analysis)",3,1,1,0
safesoc-lnx-01,23504,CVE-2026-31440 affects linux-image-6.17.0-23-generic,7,1,1,0
safesoc-lnx-01,23504,CVE-2026-31441 affects linux-image-6.17.0-23-generic,7,1,1,0
safesoc-lnx-01,23508,"CVE-2025-40362 affects linux-image-6.17.0-23-generic (Missing information, CVE awaiting analysis)",3,1,1,0
safesoc-lnx-01,23505,CVE-2026-31695 affects linux-image-6.17.0-23-generic,10,1,1,0
safesoc-lnx-01,23506,CVE-2026-31436 affects linux-image-6.17.0-23-generic,13,1,0,1
safesoc-lnx-01,23505,CVE-2026-31431 affects linux-image-6.17.0-23-generic,10,1,1,0
safesoc-lnx-01,23504,CVE-2026-23419 affects linux-image-6.17.0-23-generic,7,1,1,0
safesoc-lnx-01,23508,"CVE-2026-31434 affects linux-image-6.17.0-23-generic (Missing information, CVE awaiting analysis)",3,1,1,0
safesoc-lnx-01,23504,CVE-2026-23144 affects linux-image-6.17.0-23-generic,7,1,1,0
safesoc-lnx-01,23505,CVE-2026-31662 affects linux-image-6.17.0-23-generic,10,1,1,0
safesoc-lnx-01,23505,CVE-2026-31432 affects linux-image-6.17.0-23-generic,10,1,1,0
safesoc-lnx-01,23508,"CVE-2026-31429 affects linux-image-6.17.0-23-generic (Missing information, CVE awaiting analysis)",3,1,1,0
safesoc-lnx-01,23508,"CVE-2026-31428 affects linux-image-6.17.0-23-generic (Missing information, CVE awaiting analysis)",3,1,1,0
safesoc-lnx-01,23508,"CVE-2025-40012 affects linux-image-6.17.0-23-generic (Missing information, CVE awaiting analysis)",3,1,1,0
safesoc-lnx-01,23505,CVE-2024-25743 affects linux-image-6.17.0-23-generic,10,1,1,0
safesoc-lnx-01,23508,"CVE-2026-31423 affects linux-image-6.17.0-23-generic (Missing information, CVE awaiting analysis)",3,1,1,0
safesoc-lnx-01,23505,CVE-2026-23390 affects linux-image-6.17.0-23-generic,10,1,1,0
safesoc-lnx-01,23505,CVE-2024-46833 affects linux-image-6.17.0-23-generic,10,1,1,0
safesoc-lnx-01,23508,"CVE-2026-31422 affects linux-image-6.17.0-23-generic (Missing information, CVE awaiting analysis)",3,1,1,0
safesoc-lnx-01,23508,"CVE-2025-71292 affects linux-image-6.17.0-23-generic (Missing information, CVE awaiting analysis)",3,1,1,0
safesoc-lnx-01,23508,"CVE-2026-31420 affects linux-image-6.17.0-23-generic (Missing information, CVE awaiting analysis)",3,1,1,0
safesoc-lnx-01,23508,"CVE-2026-31416 affects linux-image-6.17.0-23-generic (Missing information, CVE awaiting analysis)",3,1,1,0
safesoc-lnx-01,23504,CVE-2026-31512 affects linux-image-6.17.0-23-generic,7,1,1,0
safesoc-lnx-01,23505,CVE-2026-43016 affects linux-image-6.17.0-23-generic,10,1,1,0
safesoc-lnx-01,23508,"CVE-2026-31415 affects linux-image-6.17.0-23-generic (Missing information, CVE awaiting analysis)",3,1,1,0
safesoc-lnx-01,23504,CVE-2024-58095 affects linux-image-6.17.0-23-generic,7,1,1,0
safesoc-lnx-01,23506,CVE-2026-31414 affects linux-image-6.17.0-23-generic,13,1,0,1
safesoc-lnx-01,23508,"CVE-2026-23176 affects linux-image-6.17.0-23-generic (Missing information, CVE awaiting analysis)",3,1,1,0
safesoc-lnx-01,23508,"CVE-2026-31410 affects linux-image-6.17.0-23-generic (Missing information, CVE awaiting analysis)",3,1,1,0
safesoc-lnx-01,23504,CVE-2026-23401 affects linux-image-6.17.0-23-generic,7,1,1,0
safesoc-lnx-01,23508,"CVE-2026-31400 affects linux-image-6.17.0-23-generic (Missing information, CVE awaiting analysis)",3,1,1,0
safesoc-lnx-01,23505,CVE-2026-31396 affects linux-image-6.17.0-23-generic,10,1,1,0
safesoc-lnx-01,23508,"CVE-2026-31394 affects linux-image-6.17.0-23-generic (Missing information, CVE awaiting analysis)",3,1,1,0
safesoc-lnx-01,23504,CVE-2025-71223 affects linux-image-6.17.0-23-generic,7,1,1,0
safesoc-lnx-01,23508,"CVE-2026-31391 affects linux-image-6.17.0-23-generic (Missing information, CVE awaiting analysis)",3,1,1,0
safesoc-lnx-01,23504,CVE-2026-23230 affects linux-image-6.17.0-23-generic,7,1,1,0
safesoc-lnx-01,23508,"CVE-2026-23469 affects linux-image-6.17.0-23-generic (Missing information, CVE awaiting analysis)",3,1,1,0
safesoc-lnx-01,23508,"CVE-2026-23463 affects linux-image-6.17.0-23-generic (Missing information, CVE awaiting analysis)",3,1,1,0
safesoc-lnx-01,23508,"CVE-2025-68193 affects linux-image-6.17.0-23-generic (Missing information, CVE awaiting analysis)",3,1,1,0
safesoc-lnx-01,23505,CVE-2026-23462 affects linux-image-6.17.0-23-generic,10,1,1,0
safesoc-lnx-01,23504,CVE-2026-23139 affects linux-image-6.17.0-23-generic,7,1,1,0
safesoc-lnx-01,23504,CVE-2026-31495 affects linux-image-6.17.0-23-generic,7,1,1,0
safesoc-lnx-01,23508,"CVE-2026-23460 affects linux-image-6.17.0-23-generic (Missing information, CVE awaiting analysis)",3,1,1,0
safesoc-lnx-01,23505,CVE-2026-23456 affects linux-image-6.17.0-23-generic,10,1,1,0
safesoc-lnx-01,23506,CVE-2026-23455 affects linux-image-6.17.0-23-generic,13,1,0,1
safesoc-lnx-01,23508,"CVE-2026-23454 affects linux-image-6.17.0-23-generic (Missing information, CVE awaiting analysis)",3,1,1,0
safesoc-lnx-01,23504,CVE-2026-23398 affects linux-image-6.17.0-23-generic,7,1,1,0
safesoc-lnx-01,23508,"CVE-2026-23452 affects linux-image-6.17.0-23-generic (Missing information, CVE awaiting analysis)",3,1,1,0
safesoc-lnx-01,23506,CVE-2026-23450 affects linux-image-6.17.0-23-generic,13,1,0,1
safesoc-lnx-01,23508,"CVE-2026-23448 affects linux-image-6.17.0-23-generic (Missing information, CVE awaiting analysis)",3,1,1,0
safesoc-lnx-01,23505,CVE-2020-26560 affects linux-image-6.17.0-23-generic,10,1,1,0
safesoc-lnx-01,23505,CVE-2025-71221 affects linux-image-6.17.0-23-generic,10,1,1,0
safesoc-lnx-01,23504,CVE-2026-23444 affects linux-image-6.17.0-23-generic,7,1,1,0
safesoc-lnx-01,23504,CVE-2026-23438 affects linux-image-6.17.0-23-generic,7,1,1,0
safesoc-lnx-01,23504,CVE-2026-23434 affects linux-image-6.17.0-23-generic,7,1,1,0
safesoc-lnx-01,23504,CVE-2025-12801 affects linux-image-6.17.0-23-generic,7,1,1,0
safesoc-lnx-01,23505,CVE-2026-31576 affects linux-image-6.17.0-23-generic,10,1,1,0
safesoc-lnx-01,23505,CVE-2026-23428 affects linux-image-6.17.0-23-generic,10,1,1,0
safesoc-lnx-01,23504,CVE-2026-31519 affects linux-image-6.17.0-23-generic,7,1,1,0
safesoc-lnx-01,23504,CVE-2026-23426 affects linux-image-6.17.0-23-generic,7,1,1,0
safesoc-lnx-01,23505,CVE-2026-31486 affects linux-image-6.17.0-23-generic,10,1,1,0
safesoc-lnx-01,23504,CVE-2026-23414 affects linux-image-6.17.0-23-generic,7,1,1,0
safesoc-lnx-01,23505,CVE-2026-23413 affects linux-image-6.17.0-23-generic,10,1,1,0
safesoc-lnx-01,23504,CVE-2026-31728 affects linux-image-6.17.0-23-generic,7,1,1,0
safesoc-lnx-01,23505,CVE-2026-23397 affects linux-image-6.17.0-23-generic,10,1,1,0
safesoc-lnx-01,23505,CVE-2026-23393 affects linux-image-6.17.0-23-generic,10,1,1,0
safesoc-lnx-01,23504,CVE-2022-4543 affects linux-image-6.17.0-23-generic,7,1,1,0
safesoc-lnx-01,23505,CVE-2026-23392 affects linux-image-6.17.0-23-generic,10,1,1,0
safesoc-lnx-01,23505,CVE-2026-23391 affects linux-image-6.17.0-23-generic,10,1,1,0
safesoc-lnx-01,23505,CVE-2026-31479 affects linux-image-6.17.0-23-generic,10,1,1,0
safesoc-lnx-01,23508,"CVE-2026-31399 affects linux-image-6.17.0-23-generic (Missing information, CVE awaiting analysis)",3,1,1,0
safesoc-lnx-01,23504,CVE-2026-23381 affects linux-image-6.17.0-23-generic,7,1,1,0
safesoc-lnx-01,23505,CVE-2026-31477 affects linux-image-6.17.0-23-generic,10,1,1,0
safesoc-lnx-01,23505,CVE-2026-23378 affects linux-image-6.17.0-23-generic,10,1,1,0
safesoc-lnx-01,23505,CVE-2026-23372 affects linux-image-6.17.0-23-generic,10,1,1,0
safesoc-lnx-01,23504,CVE-2026-43227 affects linux-image-6.17.0-23-generic,7,1,1,0
safesoc-lnx-01,23504,CVE-2026-23370 affects linux-image-6.17.0-23-generic,7,1,1,0
safesoc-lnx-01,23504,CVE-2026-23367 affects linux-image-6.17.0-23-generic,7,1,1,0
safesoc-lnx-01,23505,CVE-2026-31392 affects linux-image-6.17.0-23-generic,10,1,1,0
safesoc-lnx-01,23504,CVE-2026-23097 affects linux-image-6.17.0-23-generic,7,1,1,0
safesoc-lnx-01,23505,CVE-2026-23361 affects linux-image-6.17.0-23-generic,10,1,1,0
safesoc-lnx-01,23505,CVE-2026-31403 affects linux-image-6.17.0-23-generic,10,1,1,0
safesoc-lnx-01,23505,CVE-2026-23388 affects linux-image-6.17.0-23-generic,10,1,1,0
safesoc-lnx-01,23504,CVE-2026-23190 affects linux-image-6.17.0-23-generic,7,1,1,0
safesoc-lnx-01,23508,"CVE-2026-43161 affects linux-image-6.17.0-23-generic (Missing information, CVE awaiting analysis)",3,1,1,0
safesoc-lnx-01,23504,CVE-2026-23357 affects linux-image-6.17.0-23-generic,7,1,1,0
safesoc-lnx-01,23505,CVE-2026-23351 affects linux-image-6.17.0-23-generic,10,1,1,0
safesoc-lnx-01,23505,CVE-2026-23343 affects linux-image-6.17.0-23-generic,10,1,1,0
safesoc-lnx-01,23505,CVE-2026-23336 affects linux-image-6.17.0-23-generic,10,1,1,0
safesoc-lnx-01,23504,CVE-2026-23335 affects linux-image-6.17.0-23-generic,7,1,1,0
safesoc-lnx-01,23504,CVE-2026-23321 affects linux-image-6.17.0-23-generic,7,1,1,0
safesoc-lnx-01,23505,CVE-2024-44932 affects linux-image-6.17.0-23-generic,10,1,1,0
safesoc-lnx-01,23505,CVE-2026-23319 affects linux-image-6.17.0-23-generic,10,1,1,0
safesoc-lnx-01,23505,CVE-2026-23318 affects linux-image-6.17.0-23-generic,10,1,1,0
safesoc-lnx-01,23505,CVE-2026-23315 affects linux-image-6.17.0-23-generic,10,1,1,0
safesoc-lnx-01,23504,CVE-2024-43872 affects linux-image-6.17.0-23-generic,7,1,1,0
safesoc-lnx-01,23504,CVE-2025-71182 affects linux-image-6.17.0-23-generic,7,1,1,0
safesoc-lnx-01,23508,"CVE-2026-23312 affects linux-image-6.17.0-23-generic (Missing information, CVE awaiting analysis)",3,1,1,0
safesoc-lnx-01,23508,"CVE-2025-71291 affects linux-image-6.17.0-23-generic (Missing information, CVE awaiting analysis)",3,1,1,0
safesoc-lnx-01,23508,"CVE-2026-23308 affects linux-image-6.17.0-23-generic (Missing information, CVE awaiting analysis)",3,1,1,0
safesoc-lnx-01,23504,CVE-2024-50034 affects linux-image-6.17.0-23-generic,7,1,1,0
safesoc-lnx-01,23508,"CVE-2026-23307 affects linux-image-6.17.0-23-generic (Missing information, CVE awaiting analysis)",3,1,1,0
safesoc-lnx-01,23505,CVE-2026-31630 affects linux-image-6.17.0-23-generic,10,1,1,0
safesoc-lnx-01,23505,CVE-2026-23306 affects linux-image-6.17.0-23-generic,10,1,1,0
safesoc-lnx-01,23505,CVE-2023-33053 affects linux-image-6.17.0-23-generic,10,1,1,0
safesoc-lnx-01,23505,CVE-2026-43057 affects linux-image-6.17.0-23-generic,10,1,1,0
safesoc-lnx-01,23505,CVE-2026-31409 affects linux-image-6.17.0-23-generic,10,1,1,0
safesoc-lnx-01,23504,CVE-2026-31551 affects linux-image-6.17.0-23-generic,7,1,1,0
safesoc-lnx-01,23505,CVE-2026-43112 affects linux-image-6.17.0-23-generic,10,1,1,0
safesoc-lnx-01,23508,"CVE-2026-23303 affects linux-image-6.17.0-23-generic (Missing information, CVE awaiting analysis)",3,1,1,0
safesoc-lnx-01,23508,"CVE-2025-71194 affects linux-image-6.17.0-23-generic (Missing information, CVE awaiting analysis)",3,1,1,0
safesoc-lnx-01,23508,"CVE-2026-23296 affects linux-image-6.17.0-23-generic (Missing information, CVE awaiting analysis)",3,1,1,0
safesoc-lnx-01,23505,CVE-2026-31446 affects linux-image-6.17.0-23-generic,10,1,1,0
safesoc-lnx-01,23508,"CVE-2026-43173 affects linux-image-6.17.0-23-generic (Missing information, CVE awaiting analysis)",3,1,1,0
safesoc-lnx-01,23508,"CVE-2026-23292 affects linux-image-6.17.0-23-generic (Missing information, CVE awaiting analysis)",3,1,1,0
safesoc-lnx-01,23505,CVE-2026-43025 affects linux-image-6.17.0-23-generic,10,1,1,0
safesoc-lnx-01,23505,CVE-2026-43042 affects linux-image-6.17.0-23-generic,10,1,1,0
safesoc-lnx-01,23508,"CVE-2026-23287 affects linux-image-6.17.0-23-generic (Missing information, CVE awaiting analysis)",3,1,1,0
safesoc-lnx-01,23504,CVE-2025-71227 affects linux-image-6.17.0-23-generic,7,1,1,0
safesoc-lnx-01,23505,CVE-2026-31597 affects linux-image-6.17.0-23-generic,10,1,1,0
safesoc-lnx-01,23508,"CVE-2026-23281 affects linux-image-6.17.0-23-generic (Missing information, CVE awaiting analysis)",3,1,1,0
safesoc-lnx-01,23505,CVE-2026-31675 affects linux-image-6.17.0-23-generic,10,1,1,0
safesoc-lnx-01,23508,"CVE-2026-43221 affects linux-image-6.17.0-23-generic (Missing information, CVE awaiting analysis)",3,1,1,0
safesoc-lnx-01,23505,CVE-2026-23278 affects linux-image-6.17.0-23-generic,10,1,1,0
safesoc-lnx-01,23505,CVE-2020-26556 affects linux-image-6.17.0-23-generic,10,1,1,0
safesoc-lnx-01,23508,"CVE-2025-40338 affects linux-image-6.17.0-23-generic (Missing information, CVE awaiting analysis)",3,1,1,0
safesoc-lnx-01,23504,CVE-2026-31618 affects linux-image-6.17.0-23-generic,7,1,1,0
safesoc-lnx-01,23505,CVE-2026-23272 affects linux-image-6.17.0-23-generic,10,1,1,0
safesoc-lnx-01,23508,"CVE-2026-23267 affects linux-image-6.17.0-23-generic (Missing information, CVE awaiting analysis)",3,1,1,0
safesoc-lnx-01,23508,"CVE-2026-23266 affects linux-image-6.17.0-23-generic (Missing information, CVE awaiting analysis)",3,1,1,0
safesoc-lnx-01,23508,"CVE-2026-23264 affects linux-image-6.17.0-23-generic (Missing information, CVE awaiting analysis)",3,1,1,0
safesoc-lnx-01,23504,CVE-2026-31524 affects linux-image-6.17.0-23-generic,7,1,1,0
safesoc-lnx-01,23508,"CVE-2026-23260 affects linux-image-6.17.0-23-generic (Missing information, CVE awaiting analysis)",3,1,1,0
safesoc-lnx-01,23504,CVE-2026-31518 affects linux-image-6.17.0-23-generic,7,1,1,0
safesoc-lnx-01,23508,"CVE-2026-23259 affects linux-image-6.17.0-23-generic (Missing information, CVE awaiting analysis)",3,1,1,0
safesoc-lnx-01,23504,CVE-2026-31540 affects linux-image-6.17.0-23-generic,7,1,1,0
safesoc-lnx-01,23508,"CVE-2026-23258 affects linux-image-6.17.0-23-generic (Missing information, CVE awaiting analysis)",3,1,1,0
safesoc-lnx-01,23508,"CVE-2026-23257 affects linux-image-6.17.0-23-generic (Missing information, CVE awaiting analysis)",3,1,1,0
safesoc-lnx-01,23504,CVE-2026-23080 affects linux-image-6.17.0-23-generic,7,1,1,0
safesoc-lnx-01,23505,CVE-2026-31467 affects linux-image-6.17.0-23-generic,10,1,1,0
safesoc-lnx-01,23508,"CVE-2026-23256 affects linux-image-6.17.0-23-generic (Missing information, CVE awaiting analysis)",3,1,1,0
safesoc-lnx-01,23505,CVE-2026-23248 affects linux-image-6.17.0-23-generic,10,1,1,0
safesoc-lnx-01,23504,CVE-2021-31615 affects linux-image-6.17.0-23-generic,7,1,1,0
safesoc-lnx-01,23505,CVE-2026-31407 affects linux-image-6.17.0-23-generic,10,1,1,0
safesoc-lnx-01,23508,"CVE-2026-23249 affects linux-image-6.17.0-23-generic (Missing information, CVE awaiting analysis)",3,1,1,0
safesoc-lnx-01,23508,"CVE-2026-23031 affects linux-image-6.17.0-23-generic (Missing information, CVE awaiting analysis)",3,1,1,0
safesoc-lnx-01,23505,CVE-2026-31453 affects linux-image-6.17.0-23-generic,10,1,1,0
safesoc-lnx-01,23508,"CVE-2026-23247 affects linux-image-6.17.0-23-generic (Missing information, CVE awaiting analysis)",3,1,1,0
safesoc-lnx-01,23504,CVE-2026-23389 affects linux-image-6.17.0-23-generic,7,1,1,0
safesoc-lnx-01,23504,CVE-2026-31605 affects linux-image-6.17.0-23-generic,7,1,1,0
safesoc-lnx-01,23505,CVE-2026-23245 affects linux-image-6.17.0-23-generic,10,1,1,0
safesoc-lnx-01,23505,CVE-2026-23242 affects linux-image-6.17.0-23-generic,10,1,1,0
safesoc-lnx-01,23508,"CVE-2026-23298 affects linux-image-6.17.0-23-generic (Missing information, CVE awaiting analysis)",3,1,1,0
safesoc-lnx-01,23505,CVE-2025-38565 affects linux-image-6.17.0-23-generic,10,1,1,0
safesoc-lnx-01,23504,CVE-2026-23238 affects linux-image-6.17.0-23-generic,7,1,1,0
safesoc-lnx-01,23504,CVE-2026-23237 affects linux-image-6.17.0-23-generic,7,1,1,0
safesoc-lnx-01,23505,CVE-2026-31516 affects linux-image-6.17.0-23-generic,10,1,1,0
safesoc-lnx-01,23505,CVE-2026-23235 affects linux-image-6.17.0-23-generic,10,1,1,0
safesoc-lnx-01,23504,CVE-2026-43225 affects linux-image-6.17.0-23-generic,7,1,1,0
safesoc-lnx-01,23505,CVE-2026-23233 affects linux-image-6.17.0-23-generic,10,1,1,0
safesoc-lnx-01,23504,CVE-2026-23229 affects linux-image-6.17.0-23-generic,7,1,1,0
safesoc-lnx-01,23508,"CVE-2025-68251 affects linux-image-6.17.0-23-generic (Missing information, CVE awaiting analysis)",3,1,1,0
safesoc-lnx-01,23508,"CVE-2026-23265 affects linux-image-6.17.0-23-generic (Missing information, CVE awaiting analysis)",3,1,1,0
safesoc-lnx-01,23504,CVE-2026-43189 affects linux-image-6.17.0-23-generic,7,1,1,0
safesoc-lnx-01,23504,CVE-2026-23228 affects linux-image-6.17.0-23-generic,7,1,1,0
safesoc-lnx-01,23505,CVE-2025-21751 affects linux-image-6.17.0-23-generic,10,1,1,0
safesoc-lnx-01,23504,CVE-2026-23222 affects linux-image-6.17.0-23-generic,7,1,1,0
safesoc-lnx-01,23505,CVE-2026-23221 affects linux-image-6.17.0-23-generic,10,1,1,0
safesoc-lnx-01,23504,CVE-2026-23371 affects linux-image-6.17.0-23-generic,7,1,1,0
safesoc-lnx-01,23508,"CVE-2026-23241 affects linux-image-6.17.0-23-generic (Missing information, CVE awaiting analysis)",3,1,1,0
safesoc-lnx-01,23505,CVE-2026-31711 affects linux-image-6.17.0-23-generic,10,1,1,0
safesoc-lnx-01,23504,CVE-2026-23217 affects linux-image-6.17.0-23-generic,7,1,1,0
safesoc-lnx-01,23504,CVE-2026-23120 affects linux-image-6.17.0-23-generic,7,1,1,0
safesoc-lnx-01,23505,CVE-2026-23216 affects linux-image-6.17.0-23-generic,10,1,1,0
safesoc-lnx-01,23504,CVE-2026-43132 affects linux-image-6.17.0-23-generic,7,1,1,0
safesoc-lnx-01,23504,CVE-2026-23215 affects linux-image-6.17.0-23-generic,7,1,1,0
safesoc-lnx-01,23504,CVE-2026-23214 affects linux-image-6.17.0-23-generic,7,1,1,0
safesoc-lnx-01,23504,CVE-2026-23129 affects linux-image-6.17.0-23-generic,7,1,1,0
safesoc-lnx-01,23504,CVE-2026-23212 affects linux-image-6.17.0-23-generic,7,1,1,0
safesoc-lnx-01,23504,CVE-2026-23206 affects linux-image-6.17.0-23-generic,7,1,1,0
safesoc-lnx-01,23504,CVE-2026-23205 affects linux-image-6.17.0-23-generic,7,1,1,0
safesoc-lnx-01,23504,CVE-2026-31462 affects linux-image-6.17.0-23-generic,7,1,1,0
safesoc-lnx-01,23504,CVE-2026-23200 affects linux-image-6.17.0-23-generic,7,1,1,0
safesoc-lnx-01,23505,CVE-2026-31489 affects linux-image-6.17.0-23-generic,10,1,1,0
safesoc-lnx-01,23506,CVE-2026-43185 affects linux-image-6.17.0-23-generic,13,1,1,0
safesoc-lnx-01,23505,CVE-2026-23193 affects linux-image-6.17.0-23-generic,10,1,1,0
safesoc-lnx-01,23505,CVE-2026-23187 affects linux-image-6.17.0-23-generic,10,1,1,0
safesoc-lnx-01,23505,CVE-2026-23234 affects linux-image-6.17.0-23-generic,10,1,1,0
safesoc-lnx-01,23504,CVE-2026-31751 affects linux-image-6.17.0-23-generic,7,1,1,0
safesoc-lnx-01,23504,CVE-2026-23356 affects linux-image-6.17.0-23-generic,7,1,1,0
safesoc-lnx-01,23508,"CVE-2025-68353 affects linux-image-6.17.0-23-generic (Missing information, CVE awaiting analysis)",3,1,1,0
safesoc-lnx-01,23508,"CVE-2026-23182 affects linux-image-6.17.0-23-generic (Missing information, CVE awaiting analysis)",3,1,1,0
safesoc-lnx-01,23504,CVE-2024-56591 affects linux-image-6.17.0-23-generic,7,1,1,0
safesoc-lnx-01,23504,CVE-2026-23386 affects linux-image-6.17.0-23-generic,7,1,1,0
safesoc-lnx-01,23505,CVE-2025-38187 affects linux-image-6.17.0-23-generic,10,1,1,0
safesoc-lnx-01,23505,CVE-2026-31696 affects linux-image-6.17.0-23-generic,10,1,1,0
safesoc-lnx-01,23508,"CVE-2026-23304 affects linux-image-6.17.0-23-generic (Missing information, CVE awaiting analysis)",3,1,1,0
safesoc-lnx-01,23508,"CVE-2026-23181 affects linux-image-6.17.0-23-generic (Missing information, CVE awaiting analysis)",3,1,1,0
safesoc-lnx-01,23505,CVE-2026-23180 affects linux-image-6.17.0-23-generic,10,1,1,0
safesoc-lnx-01,23504,CVE-2026-23446 affects linux-image-6.17.0-23-generic,7,1,1,0
safesoc-lnx-01,23508,"CVE-2026-23179 affects linux-image-6.17.0-23-generic (Missing information, CVE awaiting analysis)",3,1,1,0
safesoc-lnx-01,23505,CVE-2026-31683 affects linux-image-6.17.0-23-generic,10,1,1,0
safesoc-lnx-01,23505,CVE-2026-31433 affects linux-image-6.17.0-23-generic,10,1,1,0
safesoc-lnx-01,23505,CVE-2026-23178 affects linux-image-6.17.0-23-generic,10,1,1,0
safesoc-lnx-01,23504,CVE-2026-23172 affects linux-image-6.17.0-23-generic,7,1,1,0
safesoc-lnx-01,23508,"CVE-2025-40344 affects linux-image-6.17.0-23-generic (Missing information, CVE awaiting analysis)",3,1,1,0
safesoc-lnx-01,23508,"CVE-2025-40217 affects linux-image-6.17.0-23-generic (Missing information, CVE awaiting analysis)",3,1,1,0
safesoc-lnx-01,23504,CVE-2026-43107 affects linux-image-6.17.0-23-generic,7,1,1,0
safesoc-lnx-01,23504,CVE-2026-23170 affects linux-image-6.17.0-23-generic,7,1,1,0
safesoc-lnx-01,23504,CVE-2026-23164 affects linux-image-6.17.0-23-generic,7,1,1,0
safesoc-lnx-01,23504,CVE-2026-23163 affects linux-image-6.17.0-23-generic,7,1,1,0
safesoc-lnx-01,23504,CVE-2026-23160 affects linux-image-6.17.0-23-generic,7,1,1,0
safesoc-lnx-01,23504,CVE-2026-23159 affects linux-image-6.17.0-23-generic,7,1,1,0
safesoc-lnx-01,23504,CVE-2026-23157 affects linux-image-6.17.0-23-generic,7,1,1,0
safesoc-lnx-01,23505,CVE-2026-23156 affects linux-image-6.17.0-23-generic,10,1,1,0
safesoc-lnx-01,23508,"CVE-2026-23054 affects linux-image-6.17.0-23-generic (Missing information, CVE awaiting analysis)",3,1,1,0
safesoc-lnx-01,23504,CVE-2026-23152 affects linux-image-6.17.0-23-generic,7,1,1,0
safesoc-lnx-01,23504,CVE-2026-23151 affects linux-image-6.17.0-23-generic,7,1,1,0
safesoc-lnx-01,23505,CVE-2026-31598 affects linux-image-6.17.0-23-generic,10,1,1,0
safesoc-lnx-01,23505,CVE-2026-23317 affects linux-image-6.17.0-23-generic,10,1,1,0
safesoc-lnx-01,23504,CVE-2026-23150 affects linux-image-6.17.0-23-generic,7,1,1,0
safesoc-lnx-01,23508,"CVE-2013-7445 affects linux-image-6.17.0-23-generic (Missing information, CVE awaiting analysis)",3,1,1,0
safesoc-lnx-01,23508,"CVE-2026-23465 affects linux-image-6.17.0-23-generic (Missing information, CVE awaiting analysis)",3,1,1,0
safesoc-lnx-01,23504,CVE-2026-23141 affects linux-image-6.17.0-23-generic,7,1,1,0
safesoc-lnx-01,23504,CVE-2026-31624 affects linux-image-6.17.0-23-generic,7,1,1,0
safesoc-lnx-01,23504,CVE-2026-23140 affects linux-image-6.17.0-23-generic,7,1,1,0
safesoc-lnx-01,23504,CVE-2026-23135 affects linux-image-6.17.0-23-generic,7,1,1,0
safesoc-lnx-01,23504,CVE-2026-23131 affects linux-image-6.17.0-23-generic,7,1,1,0
safesoc-lnx-01,23508,"CVE-2026-31439 affects linux-image-6.17.0-23-generic (Missing information, CVE awaiting analysis)",3,1,1,0
safesoc-lnx-01,23508,"CVE-2025-68304 affects linux-image-6.17.0-23-generic (Missing information, CVE awaiting analysis)",3,1,1,0
safesoc-lnx-01,23505,CVE-2026-23359 affects linux-image-6.17.0-23-generic,10,1,1,0
safesoc-lnx-01,23504,CVE-2026-23128 affects linux-image-6.17.0-23-generic,7,1,1,0
safesoc-lnx-01,23505,CVE-2026-31712 affects linux-image-6.17.0-23-generic,10,1,1,0
safesoc-lnx-01,23508,"CVE-2026-31418 affects linux-image-6.17.0-23-generic (Missing information, CVE awaiting analysis)",3,1,1,0
safesoc-lnx-01,23504,CVE-2026-23126 affects linux-image-6.17.0-23-generic,7,1,1,0
safesoc-lnx-01,23504,CVE-2025-68351 affects linux-image-6.17.0-23-generic,7,1,1,0
safesoc-lnx-01,23505,CVE-2026-23239 affects linux-image-6.17.0-23-generic,10,1,1,0
safesoc-lnx-01,23504,CVE-2026-23124 affects linux-image-6.17.0-23-generic,7,1,1,0
safesoc-lnx-01,23504,CVE-2026-23123 affects linux-image-6.17.0-23-generic,7,1,1,0
safesoc-lnx-01,23504,CVE-2026-23121 affects linux-image-6.17.0-23-generic,7,1,1,0
safesoc-lnx-01,23504,CVE-2026-23118 affects linux-image-6.17.0-23-generic,7,1,1,0
safesoc-lnx-01,23508,"CVE-2024-14027 affects linux-image-6.17.0-23-generic (Missing information, CVE awaiting analysis)",3,1,1,0
safesoc-lnx-01,23504,CVE-2026-23116 affects linux-image-6.17.0-23-generic,7,1,1,0
safesoc-lnx-01,23504,CVE-2026-23113 affects linux-image-6.17.0-23-generic,7,1,1,0
safesoc-lnx-01,23504,CVE-2026-23065 affects linux-image-6.17.0-23-generic,7,1,1,0
safesoc-lnx-01,23504,CVE-2026-23202 affects linux-image-6.17.0-23-generic,7,1,1,0
safesoc-lnx-01,23505,CVE-2026-31707 affects linux-image-6.17.0-23-generic,10,1,1,0
safesoc-lnx-01,23505,CVE-2026-23102 affects linux-image-6.17.0-23-generic,10,1,1,0
safesoc-lnx-01,23504,CVE-2026-23236 affects linux-image-6.17.0-23-generic,7,1,1,0
safesoc-lnx-01,23505,CVE-2026-23340 affects linux-image-6.17.0-23-generic,10,1,1,0
safesoc-lnx-01,23504,CVE-2026-23101 affects linux-image-6.17.0-23-generic,7,1,1,0
safesoc-lnx-01,23504,CVE-2026-23100 affects linux-image-6.17.0-23-generic,7,1,1,0
safesoc-lnx-01,23508,"CVE-2023-54190 affects linux-image-6.17.0-23-generic (Missing information, CVE awaiting analysis)",3,1,1,0
safesoc-lnx-01,23505,CVE-2026-23098 affects linux-image-6.17.0-23-generic,10,1,1,0
safesoc-lnx-01,23505,CVE-2026-31587 affects linux-image-6.17.0-23-generic,10,1,1,0
safesoc-lnx-01,23505,CVE-2026-43052 affects linux-image-6.17.0-23-generic,10,1,1,0
safesoc-lnx-01,23504,CVE-2026-23094 affects linux-image-6.17.0-23-generic,7,1,1,0
safesoc-lnx-01,23504,CVE-2026-23093 affects linux-image-6.17.0-23-generic,7,1,1,0
safesoc-lnx-01,23504,CVE-2026-23090 affects linux-image-6.17.0-23-generic,7,1,1,0
safesoc-lnx-01,23505,CVE-2026-23364 affects linux-image-6.17.0-23-generic,10,1,1,0
safesoc-lnx-01,23505,CVE-2026-23089 affects linux-image-6.17.0-23-generic,10,1,1,0
safesoc-lnx-01,23508,"CVE-2025-71274 affects linux-image-6.17.0-23-generic (Missing information, CVE awaiting analysis)",3,1,1,0
safesoc-lnx-01,23504,CVE-2026-31499 affects linux-image-6.17.0-23-generic,7,1,1,0
safesoc-lnx-01,23505,CVE-2026-23395 affects linux-image-6.17.0-23-generic,10,1,1,0
safesoc-lnx-01,23504,CVE-2026-23086 affects linux-image-6.17.0-23-generic,7,1,1,0
safesoc-lnx-01,23508,"CVE-2025-40190 affects linux-image-6.17.0-23-generic (Missing information, CVE awaiting analysis)",3,1,1,0
safesoc-lnx-01,23505,CVE-2025-39905 affects linux-image-6.17.0-23-generic,10,1,1,0
safesoc-lnx-01,23504,CVE-2026-23084 affects linux-image-6.17.0-23-generic,7,1,1,0
safesoc-lnx-01,23508,"CVE-2026-43089 affects linux-image-6.17.0-23-generic (Missing information, CVE awaiting analysis)",3,1,1,0
safesoc-lnx-01,23504,CVE-2026-23146 affects linux-image-6.17.0-23-generic,7,1,1,0
safesoc-lnx-01,23508,"CVE-2025-40064 affects linux-image-6.17.0-23-generic (Missing information, CVE awaiting analysis)",3,1,1,0
safesoc-lnx-01,23504,CVE-2026-23142 affects linux-image-6.17.0-23-generic,7,1,1,0
safesoc-lnx-01,23505,CVE-2026-23078 affects linux-image-6.17.0-23-generic,10,1,1,0
safesoc-lnx-01,23505,CVE-2026-23076 affects linux-image-6.17.0-23-generic,10,1,1,0
safesoc-lnx-01,23504,CVE-2026-23075 affects linux-image-6.17.0-23-generic,7,1,1,0
safesoc-lnx-01,23504,CVE-2026-23375 affects linux-image-6.17.0-23-generic,7,1,1,0
safesoc-lnx-01,23506,CVE-2026-43114 affects linux-image-6.17.0-23-generic,13,1,1,0
safesoc-lnx-01,23508,"CVE-2026-23255 affects linux-image-6.17.0-23-generic (Missing information, CVE awaiting analysis)",3,1,1,0
safesoc-lnx-01,23504,CVE-2025-38360 affects linux-image-6.17.0-23-generic,7,1,1,0
safesoc-lnx-01,23504,CVE-2026-23071 affects linux-image-6.17.0-23-generic,7,1,1,0
safesoc-lnx-01,23508,"CVE-2026-31421 affects linux-image-6.17.0-23-generic (Missing information, CVE awaiting analysis)",3,1,1,0
safesoc-lnx-01,23504,CVE-2026-43262 affects linux-image-6.17.0-23-generic,7,1,1,0
safesoc-lnx-01,23505,CVE-2026-23068 affects linux-image-6.17.0-23-generic,10,1,1,0
safesoc-lnx-01,23504,CVE-2026-23066 affects linux-image-6.17.0-23-generic,7,1,1,0
safesoc-lnx-01,23508,"CVE-2026-23284 affects linux-image-6.17.0-23-generic (Missing information, CVE awaiting analysis)",3,1,1,0
safesoc-lnx-01,23504,CVE-2026-31487 affects linux-image-6.17.0-23-generic,7,1,1,0
safesoc-lnx-01,23504,CVE-2026-23064 affects linux-image-6.17.0-23-generic,7,1,1,0
safesoc-lnx-01,23504,CVE-2026-23061 affects linux-image-6.17.0-23-generic,7,1,1,0
safesoc-lnx-01,23504,CVE-2026-43129 affects linux-image-6.17.0-23-generic,7,1,1,0
safesoc-lnx-01,23504,CVE-2026-23220 affects linux-image-6.17.0-23-generic,7,1,1,0
safesoc-lnx-01,23508,"CVE-2026-23030 affects linux-image-6.17.0-23-generic (Missing information, CVE awaiting analysis)",3,1,1,0
safesoc-lnx-01,23508,"CVE-2026-23059 affects linux-image-6.17.0-23-generic (Missing information, CVE awaiting analysis)",3,1,1,0
safesoc-lnx-01,23508,"CVE-2026-23058 affects linux-image-6.17.0-23-generic (Missing information, CVE awaiting analysis)",3,1,1,0
safesoc-lnx-01,23508,"CVE-2026-23057 affects linux-image-6.17.0-23-generic (Missing information, CVE awaiting analysis)",3,1,1,0
safesoc-lnx-01,23506,CVE-2026-31402 affects linux-image-6.17.0-23-generic,13,1,1,0
safesoc-lnx-01,23508,"CVE-2026-23053 affects linux-image-6.17.0-23-generic (Missing information, CVE awaiting analysis)",3,1,1,0
safesoc-lnx-01,23508,"CVE-2026-23050 affects linux-image-6.17.0-23-generic (Missing information, CVE awaiting analysis)",3,1,1,0
safesoc-lnx-01,23508,"CVE-2026-23047 affects linux-image-6.17.0-23-generic (Missing information, CVE awaiting analysis)",3,1,1,0
safesoc-lnx-01,23504,CVE-2026-23063 affects linux-image-6.17.0-23-generic,7,1,1,0
safesoc-lnx-01,23508,"CVE-2026-23038 affects linux-image-6.17.0-23-generic (Missing information, CVE awaiting analysis)",3,1,1,0
safesoc-lnx-01,23508,"CVE-2026-23037 affects linux-image-6.17.0-23-generic (Missing information, CVE awaiting analysis)",3,1,1,0
safesoc-lnx-01,23508,"CVE-2026-23035 affects linux-image-6.17.0-23-generic (Missing information, CVE awaiting analysis)",3,1,1,0
safesoc-lnx-01,23504,CVE-2026-23167 affects linux-image-6.17.0-23-generic,7,1,1,0
safesoc-lnx-01,23508,"CVE-2026-23033 affects linux-image-6.17.0-23-generic (Missing information, CVE awaiting analysis)",3,1,1,0
safesoc-lnx-01,23505,CVE-2026-23025 affects linux-image-6.17.0-23-generic,10,1,1,0
safesoc-lnx-01,23508,"CVE-2026-23475 affects linux-image-6.17.0-23-generic (Missing information, CVE awaiting analysis)",3,1,1,0
safesoc-lnx-01,23504,CVE-2026-23020 affects linux-image-6.17.0-23-generic,7,1,1,0
safesoc-lnx-01,23504,CVE-2026-23019 affects linux-image-6.17.0-23-generic,7,1,1,0
safesoc-lnx-01,23504,CVE-2026-23017 affects linux-image-6.17.0-23-generic,7,1,1,0
safesoc-lnx-01,23508,"CVE-2026-31412 affects linux-image-6.17.0-23-generic (Missing information, CVE awaiting analysis)",3,1,1,0
safesoc-lnx-01,23504,CVE-2026-23011 affects linux-image-6.17.0-23-generic,7,1,1,0
safesoc-lnx-01,23504,CVE-2026-23005 affects linux-image-6.17.0-23-generic,7,1,1,0
safesoc-lnx-01,23508,"CVE-2025-68188 affects linux-image-6.17.0-23-generic (Missing information, CVE awaiting analysis)",3,1,1,0
safesoc-lnx-01,23504,CVE-2026-23004 affects linux-image-6.17.0-23-generic,7,1,1,0
safesoc-lnx-01,23505,CVE-2026-23447 affects linux-image-6.17.0-23-generic,10,1,1,0
safesoc-lnx-01,23505,CVE-2026-23001 affects linux-image-6.17.0-23-generic,10,1,1,0
safesoc-lnx-01,23504,CVE-2026-23000 affects linux-image-6.17.0-23-generic,7,1,1,0
safesoc-lnx-01,23504,CVE-2026-22999 affects linux-image-6.17.0-23-generic,7,1,1,0
safesoc-lnx-01,23504,CVE-2026-23085 affects linux-image-6.17.0-23-generic,7,1,1,0
safesoc-lnx-01,23504,CVE-2026-22998 affects linux-image-6.17.0-23-generic,7,1,1,0
safesoc-lnx-01,23504,CVE-2026-43032 affects linux-image-6.17.0-23-generic,7,1,1,0
safesoc-lnx-01,23504,CVE-2026-22997 affects linux-image-6.17.0-23-generic,7,1,1,0
safesoc-lnx-01,23505,CVE-2026-43040 affects linux-image-6.17.0-23-generic,10,1,1,0
safesoc-lnx-01,23508,"CVE-2026-23474 affects linux-image-6.17.0-23-generic (Missing information, CVE awaiting analysis)",3,1,1,0
safesoc-lnx-01,23508,"CVE-2026-23313 affects linux-image-6.17.0-23-generic (Missing information, CVE awaiting analysis)",3,1,1,0
safesoc-lnx-01,23504,CVE-2026-22994 affects linux-image-6.17.0-23-generic,7,1,1,0
safesoc-lnx-01,23508,"CVE-2023-54105 affects linux-image-6.17.0-23-generic (Missing information, CVE awaiting analysis)",3,1,1,0
safesoc-lnx-01,23505,CVE-2026-43051 affects linux-image-6.17.0-23-generic,10,1,1,0
safesoc-lnx-01,23504,CVE-2026-22993 affects linux-image-6.17.0-23-generic,7,1,1,0
safesoc-lnx-01,23504,CVE-2025-38237 affects linux-image-6.17.0-23-generic,7,1,1,0
safesoc-lnx-01,23504,CVE-2026-22991 affects linux-image-6.17.0-23-generic,7,1,1,0
safesoc-lnx-01,23504,CVE-2026-22990 affects linux-image-6.17.0-23-generic,7,1,1,0
safesoc-lnx-01,23504,CVE-2023-1193 affects linux-image-6.17.0-23-generic,7,1,1,0
safesoc-lnx-01,23504,CVE-2026-23346 affects linux-image-6.17.0-23-generic,7,1,1,0
safesoc-lnx-01,23508,"CVE-2025-71198 affects linux-image-6.17.0-23-generic (Missing information, CVE awaiting analysis)",3,1,1,0
safesoc-lnx-01,23505,CVE-2026-31476 affects linux-image-6.17.0-23-generic,10,1,1,0
safesoc-lnx-01,23504,CVE-2026-23103 affects linux-image-6.17.0-23-generic,7,1,1,0
safesoc-lnx-01,23505,CVE-2026-22984 affects linux-image-6.17.0-23-generic,10,1,1,0
safesoc-lnx-01,23504,CVE-2026-22982 affects linux-image-6.17.0-23-generic,7,1,1,0
safesoc-lnx-01,23505,CVE-2026-22980 affects linux-image-6.17.0-23-generic,10,1,1,0
safesoc-lnx-01,23504,CVE-2026-23324 affects linux-image-6.17.0-23-generic,7,1,1,0
safesoc-lnx-01,23505,CVE-2026-23246 affects linux-image-6.17.0-23-generic,10,1,1,0
safesoc-lnx-01,23504,CVE-2026-22979 affects linux-image-6.17.0-23-generic,7,1,1,0
safesoc-lnx-01,23504,CVE-2024-58096 affects linux-image-6.17.0-23-generic,7,1,1,0
safesoc-lnx-01,23508,"CVE-2026-43069 affects linux-image-6.17.0-23-generic (Missing information, CVE awaiting analysis)",3,1,1,0
safesoc-lnx-01,23503,CVE-2026-22978 affects linux-image-6.17.0-23-generic,5,1,1,0
safesoc-lnx-01,23504,CVE-2026-22977 affects linux-image-6.17.0-23-generic,7,1,1,0
safesoc-lnx-01,23508,"CVE-2026-43072 affects linux-image-6.17.0-23-generic (Missing information, CVE awaiting analysis)",3,1,1,0
safesoc-lnx-01,23508,"CVE-2025-71295 affects linux-image-6.17.0-23-generic (Missing information, CVE awaiting analysis)",3,1,1,0
safesoc-lnx-01,23508,"CVE-2025-71294 affects linux-image-6.17.0-23-generic (Missing information, CVE awaiting analysis)",3,1,1,0
safesoc-lnx-01,23505,CVE-2026-31680 affects linux-image-6.17.0-23-generic,10,1,1,0
safesoc-lnx-01,23508,"CVE-2025-71290 affects linux-image-6.17.0-23-generic (Missing information, CVE awaiting analysis)",3,1,1,0
safesoc-lnx-01,23505,CVE-2026-23363 affects linux-image-6.17.0-23-generic,10,1,1,0
safesoc-lnx-01,23508,"CVE-2025-71287 affects linux-image-6.17.0-23-generic (Missing information, CVE awaiting analysis)",3,1,1,0
safesoc-lnx-01,23505,CVE-2026-23327 affects linux-image-6.17.0-23-generic,10,1,1,0
safesoc-lnx-01,23504,CVE-2026-23339 affects linux-image-6.17.0-23-generic,7,1,1,0
safesoc-lnx-01,23508,"CVE-2025-71285 affects linux-image-6.17.0-23-generic (Missing information, CVE awaiting analysis)",3,1,1,0
safesoc-lnx-01,23508,"CVE-2026-23473 affects linux-image-6.17.0-23-generic (Missing information, CVE awaiting analysis)",3,1,1,0
safesoc-lnx-01,23505,CVE-2026-31485 affects linux-image-6.17.0-23-generic,10,1,1,0
safesoc-lnx-01,23508,"CVE-2025-71270 affects linux-image-6.17.0-23-generic (Missing information, CVE awaiting analysis)",3,1,1,0
safesoc-lnx-01,23508,"CVE-2025-71269 affects linux-image-6.17.0-23-generic (Missing information, CVE awaiting analysis)",3,1,1,0
safesoc-lnx-01,23503,CVE-2018-1121 affects linux-image-6.17.0-23-generic,5,1,1,0
safesoc-lnx-01,23508,"CVE-2025-71268 affects linux-image-6.17.0-23-generic (Missing information, CVE awaiting analysis)",3,1,1,0
safesoc-lnx-01,23508,"CVE-2025-71267 affects linux-image-6.17.0-23-generic (Missing information, CVE awaiting analysis)",3,1,1,0
safesoc-lnx-01,23504,CVE-2025-37833 affects linux-image-6.17.0-23-generic,7,1,1,0
safesoc-lnx-01,23505,CVE-2025-71238 affects linux-image-6.17.0-23-generic,10,1,1,0
safesoc-lnx-01,23506,CVE-2026-43198 affects linux-image-6.17.0-23-generic,13,1,1,0
safesoc-lnx-01,23504,CVE-2025-71237 affects linux-image-6.17.0-23-generic,7,1,1,0
safesoc-lnx-01,23504,CVE-2025-71233 affects linux-image-6.17.0-23-generic,7,1,1,0
safesoc-lnx-01,23504,CVE-2026-31498 affects linux-image-6.17.0-23-generic,7,1,1,0
safesoc-lnx-01,23504,CVE-2025-71229 affects linux-image-6.17.0-23-generic,7,1,1,0
safesoc-lnx-01,23504,CVE-2025-37880 affects linux-image-6.17.0-23-generic,7,1,1,0
safesoc-lnx-01,23504,CVE-2024-57950 affects linux-image-6.17.0-23-generic,7,1,1,0
safesoc-lnx-01,23504,CVE-2022-50230 affects linux-image-6.17.0-23-generic,7,1,1,0
safesoc-lnx-01,23505,CVE-2026-43074 affects linux-image-6.17.0-23-generic,10,1,1,0
safesoc-lnx-01,23504,CVE-2025-37855 affects linux-image-6.17.0-23-generic,7,1,1,0
safesoc-lnx-01,23504,CVE-2025-68211 affects linux-image-6.17.0-23-generic,7,1,1,0
safesoc-lnx-01,23504,CVE-2025-37806 affects linux-image-6.17.0-23-generic,7,1,1,0
safesoc-lnx-01,23504,CVE-2025-23132 affects linux-image-6.17.0-23-generic,7,1,1,0
safesoc-lnx-01,23508,"CVE-2025-68318 affects linux-image-6.17.0-23-generic (Missing information, CVE awaiting analysis)",3,1,1,0
safesoc-lnx-01,23508,"CVE-2025-40208 affects linux-image-6.17.0-23-generic (Missing information, CVE awaiting analysis)",3,1,1,0
safesoc-lnx-01,23504,CVE-2026-31762 affects linux-image-6.17.0-23-generic,7,1,1,0
safesoc-lnx-01,23504,CVE-2026-23362 affects linux-image-6.17.0-23-generic,7,1,1,0
safesoc-lnx-01,23504,CVE-2026-23334 affects linux-image-6.17.0-23-generic,7,1,1,0
safesoc-lnx-01,23504,CVE-2024-58098 affects linux-image-6.17.0-23-generic,7,1,1,0
safesoc-lnx-01,23504,CVE-2025-71185 affects linux-image-6.17.0-23-generic,7,1,1,0
safesoc-lnx-01,23504,CVE-2025-22127 affects linux-image-6.17.0-23-generic,7,1,1,0
safesoc-lnx-01,23508,"CVE-2025-40203 affects linux-image-6.17.0-23-generic (Missing information, CVE awaiting analysis)",3,1,1,0
safesoc-lnx-01,23504,CVE-2025-38047 affects linux-image-6.17.0-23-generic,7,1,1,0
safesoc-lnx-01,23505,CVE-2025-71203 affects linux-image-6.17.0-23-generic,10,1,1,0
safesoc-lnx-01,23504,CVE-2025-22116 affects linux-image-6.17.0-23-generic,7,1,1,0
safesoc-lnx-01,23505,CVE-2026-31552 affects linux-image-6.17.0-23-generic,10,1,1,0
safesoc-lnx-01,23508,"CVE-2026-23291 affects linux-image-6.17.0-23-generic (Missing information, CVE awaiting analysis)",3,1,1,0
safesoc-lnx-01,23504,CVE-2025-22109 affects linux-image-6.17.0-23-generic,7,1,1,0
safesoc-lnx-01,23504,CVE-2026-23369 affects linux-image-6.17.0-23-generic,7,1,1,0
safesoc-lnx-01,23504,CVE-2025-22108 affects linux-image-6.17.0-23-generic,7,1,1,0
safesoc-lnx-01,23505,CVE-2026-43236 affects linux-image-6.17.0-23-generic,10,1,1,0
safesoc-lnx-01,23504,CVE-2025-39908 affects linux-image-6.17.0-23-generic,7,1,1,0
safesoc-lnx-01,23504,CVE-2026-31466 affects linux-image-6.17.0-23-generic,7,1,1,0
safesoc-lnx-01,23508,"CVE-2025-40247 affects linux-image-6.17.0-23-generic (Missing information, CVE awaiting analysis)",3,1,1,0
safesoc-lnx-01,23508,"CVE-2024-35923 affects linux-image-6.17.0-23-generic (Missing information, CVE awaiting analysis)",3,1,1,0
safesoc-lnx-01,23504,CVE-2026-23439 affects linux-image-6.17.0-23-generic,7,1,1,0
safesoc-lnx-01,23504,CVE-2025-40039 affects linux-image-6.17.0-23-generic,7,1,1,0
safesoc-lnx-01,23508,"CVE-2026-23302 affects linux-image-6.17.0-23-generic (Missing information, CVE awaiting analysis)",3,1,1,0
safesoc-lnx-01,23504,CVE-2026-43261 affects linux-image-6.17.0-23-generic,7,1,1,0
safesoc-lnx-01,23508,"CVE-2025-40075 affects linux-image-6.17.0-23-generic (Missing information, CVE awaiting analysis)",3,1,1,0
safesoc-lnx-01,23504,CVE-2025-21984 affects linux-image-6.17.0-23-generic,7,1,1,0
safesoc-lnx-01,23508,"CVE-2026-31430 affects linux-image-6.17.0-23-generic (Missing information, CVE awaiting analysis)",3,1,1,0
safesoc-lnx-01,23504,CVE-2026-23026 affects linux-image-6.17.0-23-generic,7,1,1,0
safesoc-lnx-01,23504,CVE-2020-11935 affects linux-image-6.17.0-23-generic,7,1,1,0
safesoc-lnx-01,23508,"CVE-2026-31411 affects linux-image-6.17.0-23-generic (Missing information, CVE awaiting analysis)",3,1,1,0
safesoc-lnx-01,23504,CVE-2025-23162 affects linux-image-6.17.0-23-generic,7,1,1,0
safesoc-lnx-01,23508,"CVE-2025-68338 affects linux-image-6.17.0-23-generic (Missing information, CVE awaiting analysis)",3,1,1,0
safesoc-lnx-01,23508,"CVE-2025-40170 affects linux-image-6.17.0-23-generic (Missing information, CVE awaiting analysis)",3,1,1,0
safesoc-lnx-01,23504,CVE-2025-38203 affects linux-image-6.17.0-23-generic,7,1,1,0
safesoc-lnx-01,23508,"CVE-2025-40354 affects linux-image-6.17.0-23-generic (Missing information, CVE awaiting analysis)",3,1,1,0
safesoc-lnx-01,23504,CVE-2024-57875 affects linux-image-6.17.0-23-generic,7,1,1,0
safesoc-lnx-01,23505,CVE-2026-43215 affects linux-image-6.17.0-23-generic,10,1,1,0
safesoc-lnx-01,23505,CVE-2024-57857 affects linux-image-6.17.0-23-generic,10,1,1,0
safesoc-lnx-01,23504,CVE-2025-38605 affects linux-image-6.17.0-23-generic,7,1,1,0
safesoc-lnx-01,23504,CVE-2024-24864 affects linux-image-6.17.0-23-generic,7,1,1,0
safesoc-lnx-01,23504,CVE-2024-56552 affects linux-image-6.17.0-23-generic,7,1,1,0
safesoc-lnx-01,23504,CVE-2026-43271 affects linux-image-6.17.0-23-generic,7,1,1,0
safesoc-lnx-01,23504,CVE-2026-23201 affects linux-image-6.17.0-23-generic,7,1,1,0
safesoc-lnx-01,23504,CVE-2026-23108 affects linux-image-6.17.0-23-generic,7,1,1,0
safesoc-lnx-01,23504,CVE-2026-31480 affects linux-image-6.17.0-23-generic,7,1,1,0
safesoc-lnx-01,23504,CVE-2025-38673 affects linux-image-6.17.0-23-generic,7,1,1,0
safesoc-lnx-01,23505,CVE-2026-31720 affects linux-image-6.17.0-23-generic,10,1,1,0
safesoc-lnx-01,23508,"CVE-2026-23254 affects linux-image-6.17.0-23-generic (Missing information, CVE awaiting analysis)",3,1,1,0
safesoc-lnx-01,23505,CVE-2026-43128 affects linux-image-6.17.0-23-generic,10,1,1,0
safesoc-lnx-01,23505,CVE-2026-23243 affects linux-image-6.17.0-23-generic,10,1,1,0
safesoc-lnx-01,23508,"CVE-2025-71289 affects linux-image-6.17.0-23-generic (Missing information, CVE awaiting analysis)",3,1,1,0
safesoc-lnx-01,23508,"CVE-2025-71273 affects linux-image-6.17.0-23-generic (Missing information, CVE awaiting analysis)",3,1,1,0
safesoc-lnx-01,23504,CVE-2024-56544 affects linux-image-6.17.0-23-generic,7,1,1,0
safesoc-lnx-01,23505,CVE-2026-31773 affects linux-image-6.17.0-23-generic,10,1,1,0
safesoc-lnx-01,23504,CVE-2026-43046 affects linux-image-6.17.0-23-generic,7,1,1,0
safesoc-lnx-01,23504,CVE-2025-71232 affects linux-image-6.17.0-23-generic,7,1,1,0
safesoc-lnx-01,23505,CVE-2026-43194 affects linux-image-6.17.0-23-generic,10,1,1,0
safesoc-lnx-01,23504,CVE-2025-37747 affects linux-image-6.17.0-23-generic,7,1,1,0
safesoc-lnx-01,23505,CVE-2026-31772 affects linux-image-6.17.0-23-generic,10,1,1,0
safesoc-lnx-01,23504,CVE-2022-50380 affects linux-image-6.17.0-23-generic,7,1,1,0
safesoc-lnx-01,23504,CVE-2025-38140 affects linux-image-6.17.0-23-generic,7,1,1,0
safesoc-lnx-01,23504,CVE-2026-23420 affects linux-image-6.17.0-23-generic,7,1,1,0
safesoc-lnx-01,23505,CVE-2025-71231 affects linux-image-6.17.0-23-generic,10,1,1,0
safesoc-lnx-01,23504,CVE-2024-56368 affects linux-image-6.17.0-23-generic,7,1,1,0
safesoc-lnx-01,23504,CVE-2026-23377 affects linux-image-6.17.0-23-generic,7,1,1,0
safesoc-lnx-01,23504,CVE-2024-53241 affects linux-image-6.17.0-23-generic,7,1,1,0
safesoc-lnx-01,23504,CVE-2023-53642 affects linux-image-6.17.0-23-generic,7,1,1,0
safesoc-lnx-01,23505,CVE-2025-38563 affects linux-image-6.17.0-23-generic,10,1,1,0
safesoc-lnx-01,23506,CVE-2026-43038 affects linux-image-6.17.0-23-generic,13,1,1,0
safesoc-lnx-01,23504,CVE-2025-38498 affects linux-image-6.17.0-23-generic,7,1,1,0
safesoc-lnx-01,23504,CVE-2026-43131 affects linux-image-6.17.0-23-generic,7,1,1,0
safesoc-lnx-01,23504,CVE-2024-57852 affects linux-image-6.17.0-23-generic,7,1,1,0
safesoc-lnx-01,23508,"CVE-2026-23310 affects linux-image-6.17.0-23-generic (Missing information, CVE awaiting analysis)",3,1,1,0
safesoc-lnx-01,23504,CVE-2025-38621 affects linux-image-6.17.0-23-generic,7,1,1,0
safesoc-lnx-01,23505,CVE-2025-38636 affects linux-image-6.17.0-23-generic,10,1,1,0
safesoc-lnx-01,23508,"CVE-2026-23244 affects linux-image-6.17.0-23-generic (Missing information, CVE awaiting analysis)",3,1,1,0
safesoc-lnx-01,23504,CVE-2025-38242 affects linux-image-6.17.0-23-generic,7,1,1,0
safesoc-lnx-01,23508,"CVE-2025-68736 affects linux-image-6.17.0-23-generic (Missing information, CVE awaiting analysis)",3,1,1,0
safesoc-lnx-01,23504,CVE-2025-38672 affects linux-image-6.17.0-23-generic,7,1,1,0
safesoc-lnx-01,23504,CVE-2026-31726 affects linux-image-6.17.0-23-generic,7,1,1,0
safesoc-lnx-01,23504,CVE-2026-23107 affects linux-image-6.17.0-23-generic,7,1,1,0
safesoc-lnx-01,23504,CVE-2025-39677 affects linux-image-6.17.0-23-generic,7,1,1,0
safesoc-lnx-01,23505,CVE-2020-26557 affects linux-image-6.17.0-23-generic,10,1,1,0
safesoc-lnx-01,23505,CVE-2019-20426 affects linux-image-6.17.0-23-generic,10,1,1,0
safesoc-lnx-01,23504,CVE-2025-39764 affects linux-image-6.17.0-23-generic,7,1,1,0
safesoc-lnx-01,23504,CVE-2025-39833 affects linux-image-6.17.0-23-generic,7,1,1,0
safesoc-lnx-01,23508,"CVE-2026-23032 affects linux-image-6.17.0-23-generic (Missing information, CVE awaiting analysis)",3,1,1,0
safesoc-lnx-01,23504,CVE-2020-26142 affects linux-image-6.17.0-23-generic,7,1,1,0
safesoc-lnx-01,23505,CVE-2026-31449 affects linux-image-6.17.0-23-generic,10,1,1,0
safesoc-lnx-01,23504,CVE-2024-57976 affects linux-image-6.17.0-23-generic,7,1,1,0
safesoc-lnx-01,23504,CVE-2024-58097 affects linux-image-6.17.0-23-generic,7,1,1,0
safesoc-lnx-01,23508,"CVE-2025-40139 affects linux-image-6.17.0-23-generic (Missing information, CVE awaiting analysis)",3,1,1,0
safesoc-lnx-01,23508,"CVE-2026-23300 affects linux-image-6.17.0-23-generic (Missing information, CVE awaiting analysis)",3,1,1,0
safesoc-lnx-01,23508,"CVE-2025-40168 affects linux-image-6.17.0-23-generic (Missing information, CVE awaiting analysis)",3,1,1,0
safesoc-lnx-01,23504,CVE-2026-43021 affects linux-image-6.17.0-23-generic,7,1,1,0
safesoc-lnx-01,23504,CVE-2026-23148 affects linux-image-6.17.0-23-generic,7,1,1,0
safesoc-lnx-01,23508,"CVE-2025-40195 affects linux-image-6.17.0-23-generic (Missing information, CVE awaiting analysis)",3,1,1,0
safesoc-lnx-01,23505,CVE-2026-23171 affects linux-image-6.17.0-23-generic,10,1,1,0
safesoc-lnx-01,23508,"CVE-2026-43081 affects linux-image-6.17.0-23-generic (Missing information, CVE awaiting analysis)",3,1,1,0
safesoc-lnx-01,23505,CVE-2026-43062 affects linux-image-6.17.0-23-generic,10,1,1,0
safesoc-lnx-01,23508,"CVE-2025-68768 affects linux-image-6.17.0-23-generic (Missing information, CVE awaiting analysis)",3,1,1,0
safesoc-lnx-01,23505,CVE-2026-23344 affects linux-image-6.17.0-23-generic,10,1,1,0
safesoc-lnx-01,23508,"CVE-2025-68230 affects linux-image-6.17.0-23-generic (Missing information, CVE awaiting analysis)",3,1,1,0
safesoc-lnx-01,23508,"CVE-2025-40335 affects linux-image-6.17.0-23-generic (Missing information, CVE awaiting analysis)",3,1,1,0
safesoc-lnx-01,23505,CVE-2021-26934 affects linux-image-6.17.0-23-generic,10,1,1,0
safesoc-lnx-01,23508,"CVE-2025-68376 affects linux-image-6.17.0-23-generic (Missing information, CVE awaiting analysis)",3,1,1,0
safesoc-lnx-01,23504,CVE-2026-23374 affects linux-image-6.17.0-23-generic,7,1,1,0
safesoc-lnx-01,23504,CVE-2026-31661 affects linux-image-6.17.0-23-generic,7,1,1,0
safesoc-lnx-01,23504,CVE-2026-23006 affects linux-image-6.17.0-23-generic,7,1,1,0
safesoc-lnx-01,23504,CVE-2026-23087 affects linux-image-6.17.0-23-generic,7,1,1,0
safesoc-lnx-01,23508,"CVE-2025-68296 affects linux-image-6.17.0-23-generic (Missing information, CVE awaiting analysis)",3,1,1,0
safesoc-lnx-01,23508,"CVE-2025-40065 affects linux-image-6.17.0-23-generic (Missing information, CVE awaiting analysis)",3,1,1,0
safesoc-lnx-01,23504,CVE-2026-23125 affects linux-image-6.17.0-23-generic,7,1,1,0
safesoc-lnx-01,23504,CVE-2025-68725 affects linux-image-6.17.0-23-generic,7,1,1,0
safesoc-lnx-01,23504,CVE-2026-23399 affects linux-image-6.17.0-23-generic,7,1,1,0
safesoc-lnx-01,23504,CVE-2025-21709 affects linux-image-6.17.0-23-generic,7,1,1,0
safesoc-lnx-01,23508,"CVE-2025-68730 affects linux-image-6.17.0-23-generic (Missing information, CVE awaiting analysis)",3,1,1,0
safesoc-lnx-01,23505,CVE-2026-31408 affects linux-image-6.17.0-23-generic,10,1,1,0
safesoc-lnx-01,23508,"CVE-2025-68745 affects linux-image-6.17.0-23-generic (Missing information, CVE awaiting analysis)",3,1,1,0
safesoc-lnx-01,23504,CVE-2025-38092 affects linux-image-6.17.0-23-generic,7,1,1,0
safesoc-lnx-01,23508,"CVE-2025-68781 affects linux-image-6.17.0-23-generic (Missing information, CVE awaiting analysis)",3,1,1,0
safesoc-lnx-01,23505,CVE-2026-31417 affects linux-image-6.17.0-23-generic,10,1,1,0
safesoc-lnx-01,23505,CVE-2025-71073 affects linux-image-6.17.0-23-generic,10,1,1,0
safesoc-lnx-01,23504,CVE-2024-53240 affects linux-image-6.17.0-23-generic,7,1,1,0
safesoc-lnx-01,23504,CVE-2026-23396 affects linux-image-6.17.0-23-generic,7,1,1,0
safesoc-lnx-01,23504,CVE-2026-43130 affects linux-image-6.17.0-23-generic,7,1,1,0
safesoc-lnx-01,23504,CVE-2026-43109 affects linux-image-6.17.0-23-generic,7,1,1,0
safesoc-lnx-01,23505,CVE-2025-39859 affects linux-image-6.17.0-23-generic,10,1,1,0
safesoc-lnx-01,23504,CVE-2026-31549 affects linux-image-6.17.0-23-generic,7,1,1,0
safesoc-lnx-01,23504,CVE-2025-71115 affects linux-image-6.17.0-23-generic,7,1,1,0
safesoc-lnx-01,23505,CVE-2026-31694 affects linux-image-6.17.0-23-generic,10,1,1,0
safesoc-lnx-01,23504,CVE-2024-56639 affects linux-image-6.17.0-23-generic,7,1,1,0
safesoc-lnx-01,23505,CVE-2025-71152 affects linux-image-6.17.0-23-generic,10,1,1,0
safesoc-lnx-01,23504,CVE-2026-43202 affects linux-image-6.17.0-23-generic,7,1,1,0
safesoc-lnx-01,23504,CVE-2025-71161 affects linux-image-6.17.0-23-generic,7,1,1,0
safesoc-lnx-01,23505,CVE-2026-31570 affects linux-image-6.17.0-23-generic,10,1,1,0
safesoc-lnx-01,23505,CVE-2026-43120 affects linux-image-6.17.0-23-generic,10,1,1,0
safesoc-lnx-01,23508,"CVE-2026-31425 affects linux-image-6.17.0-23-generic (Missing information, CVE awaiting analysis)",3,1,1,0
safesoc-lnx-01,23508,"CVE-2026-23472 affects linux-image-6.17.0-23-generic (Missing information, CVE awaiting analysis)",3,1,1,0
safesoc-lnx-01,23508,"CVE-2025-68360 affects linux-image-6.17.0-23-generic (Missing information, CVE awaiting analysis)",3,1,1,0
safesoc-lnx-01,23508,"CVE-2025-71192 affects linux-image-6.17.0-23-generic (Missing information, CVE awaiting analysis)",3,1,1,0
safesoc-lnx-01,23508,"CVE-2025-71266 affects linux-image-6.17.0-23-generic (Missing information, CVE awaiting analysis)",3,1,1,0
safesoc-lnx-01,23508,"CVE-2026-43149 affects linux-image-6.17.0-23-generic (Missing information, CVE awaiting analysis)",3,1,1,0
safesoc-lnx-01,23504,CVE-2026-43118 affects linux-image-6.17.0-23-generic,7,1,1,0
safesoc-lnx-01,23504,CVE-2024-50003 affects linux-image-6.17.0-23-generic,7,1,1,0
safesoc-lnx-01,23504,CVE-2026-23136 affects linux-image-6.17.0-23-generic,7,1,1,0
safesoc-lnx-01,23504,CVE-2026-31749 affects linux-image-6.17.0-23-generic,7,1,1,0
safesoc-lnx-01,23508,"CVE-2025-40102 affects linux-image-6.17.0-23-generic (Missing information, CVE awaiting analysis)",3,1,1,0
safesoc-lnx-01,23504,CVE-2026-31752 affects linux-image-6.17.0-23-generic,7,1,1,0
safesoc-lnx-01,23505,CVE-2026-23383 affects linux-image-6.17.0-23-generic,10,1,1,0
safesoc-lnx-01,23508,"CVE-2025-71239 affects linux-image-6.17.0-23-generic (Missing information, CVE awaiting analysis)",3,1,1,0
safesoc-lnx-01,23504,CVE-2025-38717 affects linux-image-6.17.0-23-generic,7,1,1,0
safesoc-lnx-01,23504,CVE-2025-71225 affects linux-image-6.17.0-23-generic,7,1,1,0
safesoc-lnx-01,23504,CVE-2025-71163 affects linux-image-6.17.0-23-generic,7,1,1,0
safesoc-lnx-01,23505,CVE-2026-43212 affects linux-image-6.17.0-23-generic,10,1,1,0
safesoc-lnx-01,23504,CVE-2023-0160 affects linux-image-6.17.0-23-generic,7,1,1,0
safesoc-lnx-01,23504,CVE-2026-23330 affects linux-image-6.17.0-23-generic,7,1,1,0
safesoc-lnx-01,23504,CVE-2024-49904 affects linux-image-6.17.0-23-generic,7,1,1,0
safesoc-lnx-01,23508,"CVE-2025-40054 affects linux-image-6.17.0-23-generic (Missing information, CVE awaiting analysis)",3,1,1,0
safesoc-lnx-01,23504,CVE-2026-31651 affects linux-image-6.17.0-23-generic,7,1,1,0
safesoc-lnx-01,23504,CVE-2026-31646 affects linux-image-6.17.0-23-generic,7,1,1,0
safesoc-lnx-01,23505,CVE-2026-31474 affects linux-image-6.17.0-23-generic,10,1,1,0
safesoc-lnx-01,23508,"CVE-2025-68822 affects linux-image-6.17.0-23-generic (Missing information, CVE awaiting analysis)",3,1,1,0
safesoc-lnx-01,23506,CVE-2026-31478 affects linux-image-6.17.0-23-generic,13,1,1,0
safesoc-lnx-01,23505,CVE-2026-23073 affects linux-image-6.17.0-23-generic,10,1,1,0
safesoc-lnx-01,23506,CVE-2026-23240 affects linux-image-6.17.0-23-generic,13,1,1,0
safesoc-lnx-01,23504,CVE-2025-39771 affects linux-image-6.17.0-23-generic,7,1,1,0
safesoc-lnx-01,23504,CVE-2026-31482 affects linux-image-6.17.0-23-generic,7,1,1,0
safesoc-lnx-01,23505,CVE-2026-31493 affects linux-image-6.17.0-23-generic,10,1,1,0
safesoc-lnx-01,23504,CVE-2026-43275 affects linux-image-6.17.0-23-generic,7,1,1,0
safesoc-lnx-01,23505,CVE-2026-31500 affects linux-image-6.17.0-23-generic,10,1,1,0
safesoc-lnx-01,23504,CVE-2018-17977 affects linux-image-6.17.0-23-generic,7,1,1,0
safesoc-lnx-01,23508,"CVE-2026-43145 affects linux-image-6.17.0-23-generic (Missing information, CVE awaiting analysis)",3,1,1,0
safesoc-lnx-01,23504,CVE-2025-40040 affects linux-image-6.17.0-23-generic,7,1,1,0
safesoc-lnx-01,23508,"CVE-2025-68196 affects linux-image-6.17.0-23-generic (Missing information, CVE awaiting analysis)",3,1,1,0
safesoc-lnx-01,23504,CVE-2026-31579 affects linux-image-6.17.0-23-generic,7,1,1,0
safesoc-lnx-01,23504,CVE-2026-43246 affects linux-image-6.17.0-23-generic,7,1,1,0
safesoc-lnx-01,23505,CVE-2026-31506 affects linux-image-6.17.0-23-generic,10,1,1,0
safesoc-lnx-01,23504,CVE-2026-31510 affects linux-image-6.17.0-23-generic,7,1,1,0
safesoc-lnx-01,23505,CVE-2026-31511 affects linux-image-6.17.0-23-generic,10,1,1,0
safesoc-lnx-01,23504,CVE-2026-31577 affects linux-image-6.17.0-23-generic,7,1,1,0
safesoc-lnx-01,23504,CVE-2026-31520 affects linux-image-6.17.0-23-generic,7,1,1,0
safesoc-lnx-01,23504,CVE-2026-31723 affects linux-image-6.17.0-23-generic,7,1,1,0
safesoc-lnx-01,23504,CVE-2026-31531 affects linux-image-6.17.0-23-generic,7,1,1,0
safesoc-lnx-01,23505,CVE-2026-31532 affects linux-image-6.17.0-23-generic,10,1,1,0
safesoc-lnx-01,23504,CVE-2026-31781 affects linux-image-6.17.0-23-generic,7,1,1,0
safesoc-lnx-01,23506,CVE-2026-31533 affects linux-image-6.17.0-23-generic,13,1,1,0
safesoc-lnx-01,23506,CVE-2026-31536 affects linux-image-6.17.0-23-generic,13,1,1,0
safesoc-lnx-01,23505,CVE-2026-31548 affects linux-image-6.17.0-23-generic,10,1,1,0
safesoc-lnx-01,23504,CVE-2026-31496 affects linux-image-6.17.0-23-generic,7,1,1,0
safesoc-lnx-01,23505,CVE-2026-43249 affects linux-image-6.17.0-23-generic,10,1,1,0
safesoc-lnx-01,23504,CVE-2026-31550 affects linux-image-6.17.0-23-generic,7,1,1,0
safesoc-lnx-01,23508,"CVE-2025-68803 affects linux-image-6.17.0-23-generic (Missing information, CVE awaiting analysis)",3,1,1,0
safesoc-lnx-01,23504,CVE-2026-22981 affects linux-image-6.17.0-23-generic,7,1,1,0
safesoc-lnx-01,23505,CVE-2017-13165 affects linux-image-6.17.0-23-generic,10,1,1,0
safesoc-lnx-01,23508,"CVE-2025-68281 affects linux-image-6.17.0-23-generic (Missing information, CVE awaiting analysis)",3,1,1,0
safesoc-lnx-01,23505,CVE-2026-31554 affects linux-image-6.17.0-23-generic,10,1,1,0
safesoc-lnx-01,23504,CVE-2026-43218 affects linux-image-6.17.0-23-generic,7,1,1,0
safesoc-lnx-01,23504,CVE-2026-31565 affects linux-image-6.17.0-23-generic,7,1,1,0
safesoc-lnx-01,23504,CVE-2026-43183 affects linux-image-6.17.0-23-generic,7,1,1,0
safesoc-lnx-01,23504,CVE-2025-38597 affects linux-image-6.17.0-23-generic,7,1,1,0
safesoc-lnx-01,23505,CVE-2026-31715 affects linux-image-6.17.0-23-generic,10,1,1,0
safesoc-lnx-01,23504,CVE-2025-38070 affects linux-image-6.17.0-23-generic,7,1,1,0
safesoc-lnx-01,23504,CVE-2026-43182 affects linux-image-6.17.0-23-generic,7,1,1,0
safesoc-lnx-01,23505,CVE-2025-40082 affects linux-image-6.17.0-23-generic,10,1,1,0
safesoc-lnx-01,23505,CVE-2026-31447 affects linux-image-6.17.0-23-generic,10,1,1,0
safesoc-lnx-01,23505,CVE-2026-31566 affects linux-image-6.17.0-23-generic,10,1,1,0
safesoc-lnx-01,23505,CVE-2026-31688 affects linux-image-6.17.0-23-generic,10,1,1,0
safesoc-lnx-01,23508,"CVE-2025-40332 affects linux-image-6.17.0-23-generic (Missing information, CVE awaiting analysis)",3,1,1,0
safesoc-lnx-01,23505,CVE-2026-31776 affects linux-image-6.17.0-23-generic,10,1,1,0
safesoc-lnx-01,23505,CVE-2026-31568 affects linux-image-6.17.0-23-generic,10,1,1,0
safesoc-lnx-01,23504,CVE-2025-39884 affects linux-image-6.17.0-23-generic,7,1,1,0
safesoc-lnx-01,23505,CVE-2026-31426 affects linux-image-6.17.0-23-generic,10,1,1,0
safesoc-lnx-01,23505,CVE-2026-31578 affects linux-image-6.17.0-23-generic,10,1,1,0
safesoc-lnx-01,23505,CVE-2026-31563 affects linux-image-6.17.0-23-generic,10,1,1,0
safesoc-lnx-01,23505,CVE-2026-31582 affects linux-image-6.17.0-23-generic,10,1,1,0
safesoc-lnx-01,23504,CVE-2026-23119 affects linux-image-6.17.0-23-generic,7,1,1,0
safesoc-lnx-01,23504,CVE-2026-31714 affects linux-image-6.17.0-23-generic,7,1,1,0
safesoc-lnx-01,23504,CVE-2026-31725 affects linux-image-6.17.0-23-generic,7,1,1,0
safesoc-lnx-01,23505,CVE-2026-43278 affects linux-image-6.17.0-23-generic,10,1,1,0
safesoc-lnx-01,23506,CVE-2026-31657 affects linux-image-6.17.0-23-generic,13,1,1,0
safesoc-lnx-01,23504,CVE-2026-31585 affects linux-image-6.17.0-23-generic,7,1,1,0
safesoc-lnx-01,23508,"CVE-2026-23279 affects linux-image-6.17.0-23-generic (Missing information, CVE awaiting analysis)",3,1,1,0
safesoc-lnx-01,23505,CVE-2026-31586 affects linux-image-6.17.0-23-generic,10,1,1,0
safesoc-lnx-01,23505,CVE-2026-31588 affects linux-image-6.17.0-23-generic,10,1,1,0
safesoc-lnx-01,23505,CVE-2026-31697 affects linux-image-6.17.0-23-generic,10,1,1,0
safesoc-lnx-01,23505,CVE-2025-22104 affects linux-image-6.17.0-23-generic,10,1,1,0
safesoc-lnx-01,23504,CVE-2026-31684 affects linux-image-6.17.0-23-generic,7,1,1,0
safesoc-lnx-01,23504,CVE-2025-71202 affects linux-image-6.17.0-23-generic,7,1,1,0
safesoc-lnx-01,23505,CVE-2026-31771 affects linux-image-6.17.0-23-generic,10,1,1,0
safesoc-lnx-01,23504,CVE-2026-31590 affects linux-image-6.17.0-23-generic,7,1,1,0
safesoc-lnx-01,23505,CVE-2026-43233 affects linux-image-6.17.0-23-generic,10,1,1,0
safesoc-lnx-01,23504,CVE-2026-31592 affects linux-image-6.17.0-23-generic,7,1,1,0
safesoc-lnx-01,23505,CVE-2026-43500 affects linux-image-6.17.0-23-generic,10,1,1,0
safesoc-lnx-01,23504,CVE-2026-31599 affects linux-image-6.17.0-23-generic,7,1,1,0
safesoc-lnx-01,23505,CVE-2026-31602 affects linux-image-6.17.0-23-generic,10,1,1,0
safesoc-lnx-01,23504,CVE-2026-31603 affects linux-image-6.17.0-23-generic,7,1,1,0
safesoc-lnx-01,23504,CVE-2025-39933 affects linux-image-6.17.0-23-generic,7,1,1,0
safesoc-lnx-01,23504,CVE-2026-31595 affects linux-image-6.17.0-23-generic,7,1,1,0
safesoc-lnx-01,23508,"CVE-2026-43058 affects linux-image-6.17.0-23-generic (Missing information, CVE awaiting analysis)",3,1,1,0
safesoc-lnx-01,23505,CVE-2026-31557 affects linux-image-6.17.0-23-generic,10,1,1,0
safesoc-lnx-01,23504,CVE-2026-43270 affects linux-image-6.17.0-23-generic,7,1,1,0
safesoc-lnx-01,23504,CVE-2025-38689 affects linux-image-6.17.0-23-generic,7,1,1,0
safesoc-lnx-01,23504,CVE-2026-31671 affects linux-image-6.17.0-23-generic,7,1,1,0
safesoc-lnx-01,23508,"CVE-2026-43059 affects linux-image-6.17.0-23-generic (Missing information, CVE awaiting analysis)",3,1,1,0
safesoc-lnx-01,23508,"CVE-2026-43065 affects linux-image-6.17.0-23-generic (Missing information, CVE awaiting analysis)",3,1,1,0
safesoc-lnx-01,23504,CVE-2026-43209 affects linux-image-6.17.0-23-generic,7,1,1,0
safesoc-lnx-01,23508,"CVE-2026-43098 affects linux-image-6.17.0-23-generic (Missing information, CVE awaiting analysis)",3,1,1,0
safesoc-lnx-01,23505,CVE-2026-43150 affects linux-image-6.17.0-23-generic,10,1,1,0
safesoc-lnx-01,23508,"CVE-2025-68212 affects linux-image-6.17.0-23-generic (Missing information, CVE awaiting analysis)",3,1,1,0
safesoc-lnx-01,23504,CVE-2025-38261 affects linux-image-6.17.0-23-generic,7,1,1,0
safesoc-lnx-01,23508,"CVE-2025-40136 affects linux-image-6.17.0-23-generic (Missing information, CVE awaiting analysis)",3,1,1,0
safesoc-lnx-01,23505,CVE-2026-43226 affects linux-image-6.17.0-23-generic,10,1,1,0
safesoc-lnx-01,23504,CVE-2026-31628 affects linux-image-6.17.0-23-generic,7,1,1,0
safesoc-lnx-01,23505,CVE-2026-43101 affects linux-image-6.17.0-23-generic,10,1,1,0
safesoc-lnx-01,23508,"CVE-2026-43156 affects linux-image-6.17.0-23-generic (Missing information, CVE awaiting analysis)",3,1,1,0
safesoc-lnx-01,23505,CVE-2026-43091 affects linux-image-6.17.0-23-generic,10,1,1,0
safesoc-lnx-01,23504,CVE-2026-31670 affects linux-image-6.17.0-23-generic,7,1,1,0
safesoc-lnx-01,23504,CVE-2024-56788 affects linux-image-6.17.0-23-generic,7,1,1,0
safesoc-lnx-01,23505,CVE-2026-43134 affects linux-image-6.17.0-23-generic,10,1,1,0
safesoc-lnx-01,23508,"CVE-2026-43137 affects linux-image-6.17.0-23-generic (Missing information, CVE awaiting analysis)",3,1,1,0
safesoc-lnx-01,23508,"CVE-2026-43086 affects linux-image-6.17.0-23-generic (Missing information, CVE awaiting analysis)",3,1,1,0
safesoc-lnx-01,23508,"CVE-2025-68729 affects linux-image-6.17.0-23-generic (Missing information, CVE awaiting analysis)",3,1,1,0
safesoc-lnx-01,23504,CVE-2025-71183 affects linux-image-6.17.0-23-generic,7,1,1,0
safesoc-lnx-01,23505,CVE-2026-43241 affects linux-image-6.17.0-23-generic,10,1,1,0
safesoc-lnx-01,23505,CVE-2026-43274 affects linux-image-6.17.0-23-generic,10,1,1,0
safesoc-lnx-01,23505,CVE-2026-43126 affects linux-image-6.17.0-23-generic,10,1,1,0
safesoc-lnx-01,23505,CVE-2026-31508 affects linux-image-6.17.0-23-generic,10,1,1,0
safesoc-lnx-01,23505,CVE-2026-43222 affects linux-image-6.17.0-23-generic,10,1,1,0
safesoc-lnx-01,23505,CVE-2026-43111 affects linux-image-6.17.0-23-generic,10,1,1,0
safesoc-lnx-01,23505,CVE-2026-43205 affects linux-image-6.17.0-23-generic,10,1,1,0
safesoc-lnx-01,23505,CVE-2026-43133 affects linux-image-6.17.0-23-generic,10,1,1,0
safesoc-lnx-01,23504,CVE-2026-23379 affects linux-image-6.17.0-23-generic,7,1,1,0
safesoc-lnx-01,23505,CVE-2026-43030 affects linux-image-6.17.0-23-generic,10,1,1,0
safesoc-lnx-01,23504,CVE-2025-68365 affects linux-image-6.17.0-23-generic,7,1,1,0
safesoc-lnx-01,23504,CVE-2024-56702 affects linux-image-6.17.0-23-generic,7,1,1,0
safesoc-lnx-01,23505,CVE-2026-43020 affects linux-image-6.17.0-23-generic,10,1,1,0
safesoc-lnx-01,23508,"CVE-2025-68779 affects linux-image-6.17.0-23-generic (Missing information, CVE awaiting analysis)",3,1,1,0
safesoc-lnx-01,23504,CVE-2026-31619 affects linux-image-6.17.0-23-generic,7,1,1,0
safesoc-lnx-01,23504,CVE-2026-31672 affects linux-image-6.17.0-23-generic,7,1,1,0
safesoc-lnx-01,23505,CVE-2026-43139 affects linux-image-6.17.0-23-generic,10,1,1,0
safesoc-lnx-01,23505,CVE-2026-43279 affects linux-image-6.17.0-23-generic,10,1,1,0
safesoc-lnx-01,23504,CVE-2026-43041 affects linux-image-6.17.0-23-generic,7,1,1,0
safesoc-lnx-01,23504,CVE-2026-43277 affects linux-image-6.17.0-23-generic,7,1,1,0
safesoc-lnx-01,23508,"CVE-2026-43171 affects linux-image-6.17.0-23-generic (Missing information, CVE awaiting analysis)",3,1,1,0
safesoc-lnx-01,23505,CVE-2025-38069 affects linux-image-6.17.0-23-generic,10,1,1,0
safesoc-lnx-01,23504,CVE-2025-39762 affects linux-image-6.17.0-23-generic,7,1,1,0
safesoc-lnx-01,23505,CVE-2026-31419 affects linux-image-6.17.0-23-generic,10,1,1,0
safesoc-lnx-01,23505,CVE-2026-43211 affects linux-image-6.17.0-23-generic,10,1,1,0
safesoc-lnx-01,23508,"CVE-2026-43143 affects linux-image-6.17.0-23-generic (Missing information, CVE awaiting analysis)",3,1,1,0
safesoc-lnx-01,23508,"CVE-2026-43147 affects linux-image-6.17.0-23-generic (Missing information, CVE awaiting analysis)",3,1,1,0
safesoc-lnx-01,23505,CVE-2026-31706 affects linux-image-6.17.0-23-generic,10,1,1,0
safesoc-lnx-01,23505,CVE-2026-31389 affects linux-image-6.17.0-23-generic,10,1,1,0
safesoc-lnx-01,23504,CVE-2026-31545 affects linux-image-6.17.0-23-generic,7,1,1,0
safesoc-lnx-01,23505,CVE-2026-31787 affects linux-image-6.17.0-23-generic,10,1,1,0
safesoc-lnx-01,23504,CVE-2026-31738 affects linux-image-6.17.0-23-generic,7,1,1,0
safesoc-lnx-01,23504,CVE-2026-23348 affects linux-image-6.17.0-23-generic,7,1,1,0
safesoc-lnx-01,23504,CVE-2022-50332 affects linux-image-6.17.0-23-generic,7,1,1,0
safesoc-lnx-01,23505,CVE-2025-38091 affects linux-image-6.17.0-23-generic,10,1,1,0
safesoc-lnx-01,23508,"CVE-2026-43159 affects linux-image-6.17.0-23-generic (Missing information, CVE awaiting analysis)",3,1,1,0
safesoc-lnx-01,23508,"CVE-2026-43162 affects linux-image-6.17.0-23-generic (Missing information, CVE awaiting analysis)",3,1,1,0
safesoc-lnx-01,23504,CVE-2026-31623 affects linux-image-6.17.0-23-generic,7,1,1,0
safesoc-lnx-01,23505,CVE-2026-31679 affects linux-image-6.17.0-23-generic,10,1,1,0
safesoc-lnx-01,23504,CVE-2026-31625 affects linux-image-6.17.0-23-generic,7,1,1,0
safesoc-lnx-01,23508,"CVE-2026-43167 affects linux-image-6.17.0-23-generic (Missing information, CVE awaiting analysis)",3,1,1,0
safesoc-lnx-01,23504,CVE-2026-43240 affects linux-image-6.17.0-23-generic,7,1,1,0
safesoc-lnx-01,23505,CVE-2023-3640 affects linux-image-6.17.0-23-generic,10,1,1,0
safesoc-lnx-01,23508,"CVE-2026-31424 affects linux-image-6.17.0-23-generic (Missing information, CVE awaiting analysis)",3,1,1,0
safesoc-lnx-01,23504,CVE-2025-71158 affects linux-image-6.17.0-23-generic,7,1,1,0
safesoc-lnx-01,23505,CVE-2026-43190 affects linux-image-6.17.0-23-generic,10,1,1,0
safesoc-lnx-01,23504,CVE-2026-43017 affects linux-image-6.17.0-23-generic,7,1,1,0
safesoc-lnx-01,23505,CVE-2026-23274 affects linux-image-6.17.0-23-generic,10,1,1,0
safesoc-lnx-01,23508,"CVE-2024-37353 affects linux-image-6.17.0-23-generic (Missing information, CVE awaiting analysis)",3,1,1,0
safesoc-lnx-01,23505,CVE-2026-43248 affects linux-image-6.17.0-23-generic,10,1,1,0
safesoc-lnx-01,23508,"CVE-2026-43238 affects linux-image-6.17.0-23-generic (Missing information, CVE awaiting analysis)",3,1,1,0
safesoc-lnx-01,23508,"CVE-2025-40025 affects linux-image-6.17.0-23-generic (Missing information, CVE awaiting analysis)",3,1,1,0
safesoc-lnx-01,23505,CVE-2026-43237 affects linux-image-6.17.0-23-generic,10,1,1,0
safesoc-lnx-01,23504,CVE-2025-38372 affects linux-image-6.17.0-23-generic,7,1,1,0
safesoc-lnx-01,23504,CVE-2026-23394 affects linux-image-6.17.0-23-generic,7,1,1,0
safesoc-lnx-01,23506,CVE-2026-43186 affects linux-image-6.17.0-23-generic,13,1,1,0
safesoc-lnx-01,23504,CVE-2025-68749 affects linux-image-6.17.0-23-generic,7,1,1,0
safesoc-lnx-01,23505,CVE-2026-43033 affects linux-image-6.17.0-23-generic,10,1,1,0
safesoc-lnx-01,23504,CVE-2026-31575 affects linux-image-6.17.0-23-generic,7,1,1,0
safesoc-lnx-01,23505,CVE-2024-53098 affects linux-image-6.17.0-23-generic,10,1,1,0
safesoc-lnx-01,23505,CVE-2026-43027 affects linux-image-6.17.0-23-generic,10,1,1,0
safesoc-lnx-01,23505,CVE-2022-1247 affects linux-image-6.17.0-23-generic,10,1,1,0
safesoc-lnx-01,23504,CVE-2026-43255 affects linux-image-6.17.0-23-generic,7,1,1,0
safesoc-lnx-01,23508,"CVE-2026-43168 affects linux-image-6.17.0-23-generic (Missing information, CVE awaiting analysis)",3,1,1,0
safesoc-lnx-01,23504,CVE-2026-31546 affects linux-image-6.17.0-23-generic,7,1,1,0
safesoc-lnx-01,23504,CVE-2026-43204 affects linux-image-6.17.0-23-generic,7,1,1,0
safesoc-lnx-01,23504,CVE-2026-43265 affects linux-image-6.17.0-23-generic,7,1,1,0
safesoc-lnx-01,23504,CVE-2026-31740 affects linux-image-6.17.0-23-generic,7,1,1,0
safesoc-lnx-01,23505,CVE-2026-43245 affects linux-image-6.17.0-23-generic,10,1,1,0
safesoc-lnx-01,23505,CVE-2026-31614 affects linux-image-6.17.0-23-generic,10,1,1,0
safesoc-lnx-01,23504,CVE-2026-43104 affects linux-image-6.17.0-23-generic,7,1,1,0
safesoc-lnx-01,23505,CVE-2026-43284 affects linux-image-6.17.0-23-generic,10,1,1,0
safesoc-lnx-01,23504,CVE-2026-43191 affects linux-image-6.17.0-23-generic,7,1,1,0
safesoc-lnx-01,23508,"CVE-2026-43234 affects linux-image-6.17.0-23-generic (Missing information, CVE awaiting analysis)",3,1,1,0
safesoc-lnx-01,23508,"CVE-2026-43092 affects linux-image-6.17.0-23-generic (Missing information, CVE awaiting analysis)",3,1,1,0
safesoc-lnx-01,23508,"CVE-2026-43064 affects linux-image-6.17.0-23-generic (Missing information, CVE awaiting analysis)",3,1,1,0
safesoc-lnx-01,23506,CVE-2026-31659 affects linux-image-6.17.0-23-generic,13,1,1,0
safesoc-lnx-01,23504,CVE-2026-31724 affects linux-image-6.17.0-23-generic,7,1,1,0
safesoc-lnx-01,23505,CVE-2026-43093 affects linux-image-6.17.0-23-generic,10,1,1,0
safesoc-lnx-01,23504,CVE-2026-43022 affects linux-image-6.17.0-23-generic,7,1,1,0
safesoc-lnx-01,23504,CVE-2026-31660 affects linux-image-6.17.0-23-generic,7,1,1,0
safesoc-lnx-01,23504,CVE-2026-43035 affects linux-image-6.17.0-23-generic,7,1,1,0
safesoc-lnx-01,23506,CVE-2026-31607 affects linux-image-6.17.0-23-generic,13,1,1,0
safesoc-lnx-01,23505,CVE-2025-71162 affects linux-image-6.17.0-23-generic,10,1,1,0
safesoc-lnx-01,23504,CVE-2026-31701 affects linux-image-6.17.0-23-generic,7,1,1,0
safesoc-lnx-01,23504,CVE-2026-43242 affects linux-image-6.17.0-23-generic,7,1,1,0
safesoc-lnx-01,23505,CVE-2026-31504 affects linux-image-6.17.0-23-generic,10,1,1,0
safesoc-lnx-01,23504,CVE-2024-46748 affects linux-image-6.17.0-23-generic,7,1,1,0
safesoc-lnx-01,23506,CVE-2026-43011 affects linux-image-6.17.0-23-generic,13,1,1,0
safesoc-lnx-01,23504,CVE-2026-31522 affects linux-image-6.17.0-23-generic,7,1,1,0
safesoc-lnx-01,23505,CVE-2026-31779 affects linux-image-6.17.0-23-generic,10,1,1,0
safesoc-lnx-01,23504,CVE-2026-31606 affects linux-image-6.17.0-23-generic,7,1,1,0
safesoc-lnx-01,23504,CVE-2026-31767 affects linux-image-6.17.0-23-generic,7,1,1,0
safesoc-lnx-01,23504,CVE-2024-58089 affects linux-image-6.17.0-23-generic,7,1,1,0
safesoc-lnx-01,23505,CVE-2024-44964 affects linux-image-6.17.0-23-generic,10,1,1,0
safesoc-lnx-01,23505,CVE-2026-43153 affects linux-image-6.17.0-23-generic,10,1,1,0
safesoc-lnx-01,23505,CVE-2026-43283 affects linux-image-6.17.0-23-generic,10,1,1,0
safesoc-lnx-01,23504,CVE-2026-31687 affects linux-image-6.17.0-23-generic,7,1,1,0
safesoc-lnx-01,23508,"CVE-2025-68802 affects linux-image-6.17.0-23-generic (Missing information, CVE awaiting analysis)",3,1,1,0
safesoc-lnx-01,23505,CVE-2026-43253 affects linux-image-6.17.0-23-generic,10,1,1,0
safesoc-lnx-01,23505,CVE-2026-43049 affects linux-image-6.17.0-23-generic,10,1,1,0
safesoc-lnx-01,23504,CVE-2026-43045 affects linux-image-6.17.0-23-generic,7,1,1,0
safesoc-lnx-01,23505,CVE-2026-43196 affects linux-image-6.17.0-23-generic,10,1,1,0
safesoc-lnx-01,23505,CVE-2026-31708 affects linux-image-6.17.0-23-generic,10,1,1,0
safesoc-lnx-01,23504,CVE-2026-31615 affects linux-image-6.17.0-23-generic,7,1,1,0
safesoc-lnx-01,23505,CVE-2026-43239 affects linux-image-6.17.0-23-generic,10,1,1,0
safesoc-lnx-01,23505,CVE-2026-31469 affects linux-image-6.17.0-23-generic,10,1,1,0
safesoc-lnx-01,23504,CVE-2026-43252 affects linux-image-6.17.0-23-generic,7,1,1,0
safesoc-lnx-01,23504,CVE-2026-43266 affects linux-image-6.17.0-23-generic,7,1,1,0
safesoc-lnx-01,23505,CVE-2026-31747 affects linux-image-6.17.0-23-generic,10,1,1,0
safesoc-lnx-01,23504,CVE-2026-43013 affects linux-image-6.17.0-23-generic,7,1,1,0
safesoc-lnx-01,23508,"CVE-2026-43123 affects linux-image-6.17.0-23-generic (Missing information, CVE awaiting analysis)",3,1,1,0
safesoc-lnx-01,23504,CVE-2026-43223 affects linux-image-6.17.0-23-generic,7,1,1,0
safesoc-lnx-01,23504,CVE-2025-38272 affects linux-image-6.17.0-23-generic,7,1,1,0
safesoc-lnx-01,23505,CVE-2026-31769 affects linux-image-6.17.0-23-generic,10,1,1,0
safesoc-lnx-01,23504,CVE-2022-49940 affects linux-image-6.17.0-23-generic,7,1,1,0
safesoc-lnx-01,23505,CVE-2026-43214 affects linux-image-6.17.0-23-generic,10,1,1,0
safesoc-lnx-01,23504,CVE-2025-37870 affects linux-image-6.17.0-23-generic,7,1,1,0
safesoc-lnx-01,23504,CVE-2026-43264 affects linux-image-6.17.0-23-generic,7,1,1,0
safesoc-lnx-01,23504,CVE-2025-71236 affects linux-image-6.17.0-23-generic,7,1,1,0
safesoc-lnx-01,23504,CVE-2026-23095 affects linux-image-6.17.0-23-generic,7,1,1,0
safesoc-lnx-01,23505,CVE-2026-43256 affects linux-image-6.17.0-23-generic,10,1,1,0
safesoc-lnx-01,23504,CVE-2026-31483 affects linux-image-6.17.0-23-generic,7,1,1,0
safesoc-lnx-01,23504,CVE-2024-58100 affects linux-image-6.17.0-23-generic,7,1,1,0
safesoc-lnx-01,23505,CVE-2026-43258 affects linux-image-6.17.0-23-generic,10,1,1,0
safesoc-lnx-01,23504,CVE-2026-23196 affects linux-image-6.17.0-23-generic,7,1,1,0
safesoc-lnx-01,23504,CVE-2025-71191 affects linux-image-6.17.0-23-generic,7,1,1,0
safesoc-lnx-01,23508,"CVE-2026-43219 affects linux-image-6.17.0-23-generic (Missing information, CVE awaiting analysis)",3,1,1,0
safesoc-lnx-01,23504,CVE-2025-39789 affects linux-image-6.17.0-23-generic,7,1,1,0
safesoc-lnx-01,23504,CVE-2026-23382 affects linux-image-6.17.0-23-generic,7,1,1,0
safesoc-lnx-01,23508,"CVE-2025-40150 affects linux-image-6.17.0-23-generic (Missing information, CVE awaiting analysis)",3,1,1,0
safesoc-lnx-01,23504,CVE-2025-68823 affects linux-image-6.17.0-23-generic,7,1,1,0
safesoc-lnx-01,23504,CVE-2026-31509 affects linux-image-6.17.0-23-generic,7,1,1,0
safesoc-lnx-01,23504,CVE-2026-31616 affects linux-image-6.17.0-23-generic,7,1,1,0
safesoc-lnx-01,23505,CVE-2026-43213 affects linux-image-6.17.0-23-generic,10,1,1,0
safesoc-lnx-01,23504,CVE-2026-31537 affects linux-image-6.17.0-23-generic,7,1,1,0
safesoc-lnx-01,23504,CVE-2026-31692 affects linux-image-6.17.0-23-generic,7,1,1,0
safesoc-lnx-01,23508,"CVE-2026-43152 affects linux-image-6.17.0-23-generic (Missing information, CVE awaiting analysis)",3,1,1,0
safesoc-lnx-01,23508,"CVE-2026-43170 affects linux-image-6.17.0-23-generic (Missing information, CVE awaiting analysis)",3,1,1,0
safesoc-lnx-01,23504,CVE-2026-43244 affects linux-image-6.17.0-23-generic,7,1,1,0
safesoc-lnx-01,23505,CVE-2026-43232 affects linux-image-6.17.0-23-generic,10,1,1,0
safesoc-lnx-01,23505,CVE-2026-23387 affects linux-image-6.17.0-23-generic,10,1,1,0
safesoc-lnx-01,23504,CVE-2026-31556 affects linux-image-6.17.0-23-generic,7,1,1,0
safesoc-lnx-01,23505,CVE-2026-43199 affects linux-image-6.17.0-23-generic,10,1,1,0
safesoc-lnx-01,23504,CVE-2020-15802 affects linux-image-6.17.0-23-generic,7,1,1,0
safesoc-lnx-01,23504,CVE-2026-23213 affects linux-image-6.17.0-23-generic,7,1,1,0
safesoc-lnx-01,23504,CVE-2026-31655 affects linux-image-6.17.0-23-generic,7,1,1,0
safesoc-lnx-01,23505,CVE-2026-31530 affects linux-image-6.17.0-23-generic,10,1,1,0
safesoc-lnx-01,23508,"CVE-2026-43080 affects linux-image-6.17.0-23-generic (Missing information, CVE awaiting analysis)",3,1,1,0
safesoc-lnx-01,23504,CVE-2023-6238 affects linux-image-6.17.0-23-generic,7,1,1,0
safesoc-lnx-01,23504,CVE-2026-23110 affects linux-image-6.17.0-23-generic,7,1,1,0
safesoc-lnx-01,23508,"CVE-2026-23276 affects linux-image-6.17.0-23-generic (Missing information, CVE awaiting analysis)",3,1,1,0
safesoc-lnx-01,23505,CVE-2026-43230 affects linux-image-6.17.0-23-generic,10,1,1,0
safesoc-lnx-01,23504,CVE-2026-43257 affects linux-image-6.17.0-23-generic,7,1,1,0
safesoc-lnx-01,23506,CVE-2026-43125 affects linux-image-6.17.0-23-generic,13,1,1,0
safesoc-lnx-01,23503,CVE-2020-35501 affects linux-image-6.17.0-23-generic,5,1,1,0
safesoc-lnx-01,23505,CVE-2022-50240 affects linux-image-6.17.0-23-generic,10,1,1,0
safesoc-lnx-01,23505,CVE-2026-43044 affects linux-image-6.17.0-23-generic,10,1,1,0
safesoc-lnx-01,23505,CVE-2026-31663 affects linux-image-6.17.0-23-generic,10,1,1,0
safesoc-lnx-01,23504,CVE-2026-31451 affects linux-image-6.17.0-23-generic,7,1,1,0
safesoc-lnx-01,23505,CVE-2026-31716 affects linux-image-6.17.0-23-generic,10,1,1,0
safesoc-lnx-01,23504,CVE-2026-31639 affects linux-image-6.17.0-23-generic,7,1,1,0
safesoc-lnx-01,23505,CVE-2026-31693 affects linux-image-6.17.0-23-generic,10,1,1,0
safesoc-lnx-01,23508,"CVE-2025-40158 affects linux-image-6.17.0-23-generic (Missing information, CVE awaiting analysis)",3,1,1,0
safesoc-lnx-01,23508,"CVE-2026-43140 affects linux-image-6.17.0-23-generic (Missing information, CVE awaiting analysis)",3,1,1,0
safesoc-lnx-01,23504,CVE-2026-31555 affects linux-image-6.17.0-23-generic,7,1,1,0
safesoc-lnx-01,23504,CVE-2026-43053 affects linux-image-6.17.0-23-generic,7,1,1,0
safesoc-lnx-01,23504,CVE-2026-43124 affects linux-image-6.17.0-23-generic,7,1,1,0
safesoc-lnx-01,23505,CVE-2026-43075 affects linux-image-6.17.0-23-generic,10,1,1,0
safesoc-lnx-01,23508,"CVE-2026-43119 affects linux-image-6.17.0-23-generic (Missing information, CVE awaiting analysis)",3,1,1,0
safesoc-lnx-01,23505,CVE-2026-31612 affects linux-image-6.17.0-23-generic,10,1,1,0
safesoc-lnx-01,23506,CVE-2026-31637 affects linux-image-6.17.0-23-generic,13,1,1,0
safesoc-lnx-01,23504,CVE-2019-15213 affects linux-image-6.17.0-23-generic,7,1,1,0
safesoc-lnx-01,23504,CVE-2026-31497 affects linux-image-6.17.0-23-generic,7,1,1,0
safesoc-lnx-01,23505,CVE-2026-43029 affects linux-image-6.17.0-23-generic,10,1,1,0
safesoc-lnx-01,23504,CVE-2026-31604 affects linux-image-6.17.0-23-generic,7,1,1,0
safesoc-lnx-01,23504,CVE-2026-43201 affects linux-image-6.17.0-23-generic,7,1,1,0
safesoc-lnx-01,23504,CVE-2026-43200 affects linux-image-6.17.0-23-generic,7,1,1,0
safesoc-lnx-01,23504,CVE-2025-37746 affects linux-image-6.17.0-23-generic,7,1,1,0
safesoc-lnx-01,23504,CVE-2026-23091 affects linux-image-6.17.0-23-generic,7,1,1,0
safesoc-lnx-01,23505,CVE-2026-23226 affects linux-image-6.17.0-23-generic,10,1,1,0
safesoc-lnx-01,23505,CVE-2026-43184 affects linux-image-6.17.0-23-generic,10,1,1,0
safesoc-lnx-01,23505,CVE-2026-43050 affects linux-image-6.17.0-23-generic,10,1,1,0
safesoc-lnx-01,23505,CVE-2026-43028 affects linux-image-6.17.0-23-generic,10,1,1,0
safesoc-lnx-01,23504,CVE-2026-31737 affects linux-image-6.17.0-23-generic,7,1,1,0
safesoc-lnx-01,23505,CVE-2026-43076 affects linux-image-6.17.0-23-generic,10,1,1,0
safesoc-lnx-01,23505,CVE-2026-31729 affects linux-image-6.17.0-23-generic,10,1,1,0
safesoc-lnx-01,23504,CVE-2026-43024 affects linux-image-6.17.0-23-generic,7,1,1,0
safesoc-lnx-01,23505,CVE-2026-43023 affects linux-image-6.17.0-23-generic,10,1,1,0
safesoc-lnx-01,23505,CVE-2026-43015 affects linux-image-6.17.0-23-generic,10,1,1,0
safesoc-lnx-01,23504,CVE-2026-43014 affects linux-image-6.17.0-23-generic,7,1,1,0
safesoc-lnx-01,23505,CVE-2026-31494 affects linux-image-6.17.0-23-generic,10,1,1,0
safesoc-lnx-01,23505,CVE-2026-43056 affects linux-image-6.17.0-23-generic,10,1,1,0
safesoc-lnx-01,23504,CVE-2026-31722 affects linux-image-6.17.0-23-generic,7,1,1,0
safesoc-lnx-01,23505,CVE-2026-31686 affects linux-image-6.17.0-23-generic,10,1,1,0
safesoc-lnx-01,23504,CVE-2026-43269 affects linux-image-6.17.0-23-generic,7,1,1,0
safesoc-lnx-01,23505,CVE-2026-31673 affects linux-image-6.17.0-23-generic,10,1,1,0
safesoc-lnx-01,23504,CVE-2024-41008 affects linux-image-6.17.0-23-generic,7,1,1,0
safesoc-lnx-01,23504,CVE-2026-22992 affects linux-image-6.17.0-23-generic,7,1,1,0
safesoc-lnx-01,23508,"CVE-2026-43169 affects linux-image-6.17.0-23-generic (Missing information, CVE awaiting analysis)",3,1,1,0
safesoc-lnx-01,23504,CVE-2026-23069 affects linux-image-6.17.0-23-generic,7,1,1,0
safesoc-lnx-01,23505,CVE-2026-43009 affects linux-image-6.17.0-23-generic,10,1,1,0
safesoc-lnx-01,23505,CVE-2026-31502 affects linux-image-6.17.0-23-generic,10,1,1,0
safesoc-lnx-01,23504,CVE-2025-38029 affects linux-image-6.17.0-23-generic,7,1,1,0
safesoc-lnx-01,23504,CVE-2026-43127 affects linux-image-6.17.0-23-generic,7,1,1,0
safesoc-lnx-01,23505,CVE-2024-35948 affects linux-image-6.17.0-23-generic,10,1,1,0
safesoc-lnx-01,23508,"CVE-2026-23468 affects linux-image-6.17.0-23-generic (Missing information, CVE awaiting analysis)",3,1,1,0
safesoc-lnx-01,23508,"CVE-2026-31427 affects linux-image-6.17.0-23-generic (Missing information, CVE awaiting analysis)",3,1,1,0
safesoc-lnx-01,23504,CVE-2026-43268 affects linux-image-6.17.0-23-generic,7,1,1,0
safesoc-lnx-01,23505,CVE-2026-31748 affects linux-image-6.17.0-23-generic,10,1,1,0
safesoc-lnx-01,23505,CVE-2026-43116 affects linux-image-6.17.0-23-generic,10,1,1,0
safesoc-lnx-01,23505,CVE-2026-31786 affects linux-image-6.17.0-23-generic,10,1,1,0
safesoc-lnx-01,23504,CVE-2026-31526 affects linux-image-6.17.0-23-generic,7,1,1,0
safesoc-lnx-01,23504,CVE-2024-0564 affects linux-image-6.17.0-23-generic,7,1,1,0
safesoc-lnx-01,23504,CVE-2026-43195 affects linux-image-6.17.0-23-generic,7,1,1,0
safesoc-lnx-01,23504,CVE-2024-42139 affects linux-image-6.17.0-23-generic,7,1,1,0
safesoc-lnx-01,23505,CVE-2026-31613 affects linux-image-6.17.0-23-generic,10,1,1,0
safesoc-lnx-01,23505,CVE-2026-31709 affects linux-image-6.17.0-23-generic,10,1,1,0
safesoc-lnx-01,23504,CVE-2026-43034 affects linux-image-6.17.0-23-generic,7,1,1,0
safesoc-lnx-01,23505,CVE-2026-31778 affects linux-image-6.17.0-23-generic,10,1,1,0
safesoc-lnx-01,23506,CVE-2026-43037 affects linux-image-6.17.0-23-generic,13,1,1,0
safesoc-lnx-01,23504,CVE-2026-31777 affects linux-image-6.17.0-23-generic,7,1,1,0
safesoc-lnx-01,23504,CVE-2019-20794 affects linux-image-6.17.0-23-generic,7,1,1,0
safesoc-lnx-01,23504,CVE-2026-43267 affects linux-image-6.17.0-23-generic,7,1,1,0
safesoc-lnx-01,23504,CVE-2026-31763 affects linux-image-6.17.0-23-generic,7,1,1,0
safesoc-lnx-01,23505,CVE-2026-31507 affects linux-image-6.17.0-23-generic,10,1,1,0
safesoc-lnx-01,23504,CVE-2023-6240 affects linux-image-6.17.0-23-generic,7,1,1,0
safesoc-lnx-01,23505,CVE-2026-31761 affects linux-image-6.17.0-23-generic,10,1,1,0
safesoc-lnx-01,23504,CVE-2024-39293 affects linux-image-6.17.0-23-generic,7,1,1,0
safesoc-lnx-01,23505,CVE-2026-31759 affects linux-image-6.17.0-23-generic,10,1,1,0
safesoc-lnx-01,23505,CVE-2026-43007 affects linux-image-6.17.0-23-generic,10,1,1,0
safesoc-lnx-01,23505,CVE-2025-40014 affects linux-image-6.17.0-23-generic,10,1,1,0
safesoc-lnx-01,23504,CVE-2026-31756 affects linux-image-6.17.0-23-generic,7,1,1,0
safesoc-lnx-01,23505,CVE-2023-0030 affects linux-image-6.17.0-23-generic,10,1,1,0
safesoc-lnx-01,23508,"CVE-2025-68175 affects linux-image-6.17.0-23-generic (Missing information, CVE awaiting analysis)",3,1,1,0
safesoc-lnx-01,23505,CVE-2026-31611 affects linux-image-6.17.0-23-generic,10,1,1,0
safesoc-lnx-01,23505,CVE-2026-43048 affects linux-image-6.17.0-23-generic,10,1,1,0
safesoc-lnx-01,23504,CVE-2026-43036 affects linux-image-6.17.0-23-generic,7,1,1,0
safesoc-lnx-01,23508,"CVE-2025-71195 affects linux-image-6.17.0-23-generic (Missing information, CVE awaiting analysis)",3,1,1,0
safesoc-lnx-01,23504,CVE-2026-31704 affects linux-image-6.17.0-23-generic,7,1,1,0
safesoc-lnx-01,23505,CVE-2020-26559 affects linux-image-6.17.0-23-generic,10,1,1,0
safesoc-lnx-01,23505,CVE-2026-43099 affects linux-image-6.17.0-23-generic,10,1,1,0
safesoc-lnx-01,23505,CVE-2026-31648 affects linux-image-6.17.0-23-generic,10,1,1,0
safesoc-lnx-01,23505,CVE-2026-31758 affects linux-image-6.17.0-23-generic,10,1,1,0
safesoc-lnx-01,23508,"CVE-2025-40003 affects linux-image-6.17.0-23-generic (Missing information, CVE awaiting analysis)",3,1,1,0
safesoc-lnx-01,23504,CVE-2026-43228 affects linux-image-6.17.0-23-generic,7,1,1,0
safesoc-lnx-01,23506,CVE-2026-43197 affects linux-image-6.17.0-23-generic,13,1,1,0
safesoc-lnx-01,23504,CVE-2026-31741 affects linux-image-6.17.0-23-generic,7,1,1,0
safesoc-lnx-01,23505,CVE-2026-31488 affects linux-image-6.17.0-23-generic,10,1,1,0
safesoc-lnx-01,23505,CVE-2026-31702 affects linux-image-6.17.0-23-generic,10,1,1,0
safesoc-lnx-01,23505,CVE-2022-25265 affects linux-image-6.17.0-23-generic,10,1,1,0
safesoc-lnx-01,23504,CVE-2026-43103 affects linux-image-6.17.0-23-generic,7,1,1,0
safesoc-lnx-01,23508,"CVE-2025-40098 affects linux-image-6.17.0-23-generic (Missing information, CVE awaiting analysis)",3,1,1,0
safesoc-lnx-01,23505,CVE-2026-31525 affects linux-image-6.17.0-23-generic,10,1,1,0
safesoc-lnx-01,23508,"CVE-2026-43077 affects linux-image-6.17.0-23-generic (Missing information, CVE awaiting analysis)",3,1,1,0
safesoc-lnx-01,23505,CVE-2026-31730 affects linux-image-6.17.0-23-generic,10,1,1,0
safesoc-lnx-01,23504,CVE-2026-31596 affects linux-image-6.17.0-23-generic,7,1,1,0
safesoc-lnx-01,23508,"CVE-2025-71293 affects linux-image-6.17.0-23-generic (Missing information, CVE awaiting analysis)",3,1,1,0
safesoc-lnx-01,23504,CVE-2026-23154 affects linux-image-6.17.0-23-generic,7,1,1,0
safesoc-lnx-01,23504,CVE-2026-31721 affects linux-image-6.17.0-23-generic,7,1,1,0
safesoc-lnx-01,23508,"CVE-2026-43073 affects linux-image-6.17.0-23-generic (Missing information, CVE awaiting analysis)",3,1,1,0
safesoc-lnx-01,23508,"CVE-2026-43175 affects linux-image-6.17.0-23-generic (Missing information, CVE awaiting analysis)",3,1,1,0
safesoc-lnx-01,23504,CVE-2026-43216 affects linux-image-6.17.0-23-generic,7,1,1,0
safesoc-lnx-01,23504,CVE-2025-71184 affects linux-image-6.17.0-23-generic,7,1,1,0
safesoc-lnx-01,23508,"CVE-2025-68209 affects linux-image-6.17.0-23-generic (Missing information, CVE awaiting analysis)",3,1,1,0
safesoc-lnx-01,23505,CVE-2026-31698 affects linux-image-6.17.0-23-generic,10,1,1,0
safesoc-lnx-01,23508,"CVE-2026-43061 affects linux-image-6.17.0-23-generic (Missing information, CVE awaiting analysis)",3,1,1,0
safesoc-lnx-01,23504,CVE-2026-31503 affects linux-image-6.17.0-23-generic,7,1,1,0
safesoc-lnx-01,23505,CVE-2026-43158 affects linux-image-6.17.0-23-generic,10,1,1,0
safesoc-lnx-01,23505,CVE-2026-23099 affects linux-image-6.17.0-23-generic,10,1,1,0
safesoc-lnx-01,23504,CVE-2026-43115 affects linux-image-6.17.0-23-generic,7,1,1,0
safesoc-lnx-01,23505,CVE-2026-31676 affects linux-image-6.17.0-23-generic,10,1,1,0
safesoc-lnx-01,23504,CVE-2026-22996 affects linux-image-6.17.0-23-generic,7,1,1,0
safesoc-lnx-01,23505,CVE-2022-3238 affects linux-image-6.17.0-23-generic,10,1,1,0
safesoc-lnx-01,23508,"CVE-2026-23470 affects linux-image-6.17.0-23-generic (Missing information, CVE awaiting analysis)",3,1,1,0
safesoc-lnx-01,23505,CVE-2026-31528 affects linux-image-6.17.0-23-generic,10,1,1,0
safesoc-lnx-01,23505,CVE-2026-31788 affects linux-image-6.17.0-23-generic,10,1,1,0
safesoc-lnx-01,23505,CVE-2026-43078 affects linux-image-6.17.0-23-generic,10,1,1,0
safesoc-lnx-01,23505,CVE-2026-31674 affects linux-image-6.17.0-23-generic,10,1,1,0
safesoc-lnx-01,23508,"CVE-2025-40274 affects linux-image-6.17.0-23-generic (Missing information, CVE awaiting analysis)",3,1,1,0
safesoc-lnx-01,23508,"CVE-2026-43066 affects linux-image-6.17.0-23-generic (Missing information, CVE awaiting analysis)",3,1,1,0
safesoc-lnx-01,23504,CVE-2026-31664 affects linux-image-6.17.0-23-generic,7,1,1,0
safesoc-lnx-01,23505,CVE-2026-31780 affects linux-image-6.17.0-23-generic,10,1,1,0
safesoc-lnx-01,23506,CVE-2026-31705 affects linux-image-6.17.0-23-generic,13,1,1,0
safesoc-lnx-01,23504,CVE-2026-31642 affects linux-image-6.17.0-23-generic,7,1,1,0
safesoc-lnx-01,23504,CVE-2025-37834 affects linux-image-6.17.0-23-generic,7,1,1,0
safesoc-lnx-01,23505,CVE-2026-31622 affects linux-image-6.17.0-23-generic,10,1,1,0
safesoc-lnx-01,23504,CVE-2026-31634 affects linux-image-6.17.0-23-generic,7,1,1,0
safesoc-lnx-01,23504,CVE-2026-31610 affects linux-image-6.17.0-23-generic,7,1,1,0
safesoc-lnx-01,23505,CVE-2026-43019 affects linux-image-6.17.0-23-generic,10,1,1,0
safesoc-lnx-01,23504,CVE-2026-31617 affects linux-image-6.17.0-23-generic,7,1,1,0
safesoc-lnx-01,23504,CVE-2024-57922 affects linux-image-6.17.0-23-generic,7,1,1,0
safesoc-lnx-01,23504,CVE-2025-71204 affects linux-image-6.17.0-23-generic,7,1,1,0
safesoc-lnx-01,23504,CVE-2025-39754 affects linux-image-6.17.0-23-generic,7,1,1,0
safesoc-lnx-01,23506,CVE-2026-31649 affects linux-image-6.17.0-23-generic,13,1,1,0
safesoc-lnx-01,23505,CVE-2026-31731 affects linux-image-6.17.0-23-generic,10,1,1,0
safesoc-lnx-01,23506,CVE-2026-31682 affects linux-image-6.17.0-23-generic,13,1,1,0
safesoc-lnx-01,23505,CVE-2026-43206 affects linux-image-6.17.0-23-generic,10,1,1,0
safesoc-lnx-01,23504,CVE-2026-43054 affects linux-image-6.17.0-23-generic,7,1,1,0
safesoc-lnx-01,23508,"CVE-2026-43135 affects linux-image-6.17.0-23-generic (Missing information, CVE awaiting analysis)",3,1,1,0
safesoc-lnx-01,23505,CVE-2026-31638 affects linux-image-6.17.0-23-generic,10,1,1,0
safesoc-lnx-01,23504,CVE-2025-71222 affects linux-image-6.17.0-23-generic,7,1,1,0
safesoc-lnx-01,23505,CVE-2026-31527 affects linux-image-6.17.0-23-generic,10,1,1,0
safesoc-lnx-01,23504,CVE-2025-38440 affects linux-image-6.17.0-23-generic,7,1,1,0
safesoc-lnx-01,23504,CVE-2025-38438 affects linux-image-6.17.0-23-generic,7,1,1,0
safesoc-lnx-01,23504,CVE-2026-23137 affects linux-image-6.17.0-23-generic,7,1,1,0
safesoc-lnx-01,23505,CVE-2025-38421 affects linux-image-6.17.0-23-generic,10,1,1,0
safesoc-lnx-01,23505,CVE-2024-44951 affects linux-image-6.17.0-23-generic,10,1,1,0
safesoc-lnx-01,23504,CVE-2026-43231 affects linux-image-6.17.0-23-generic,7,1,1,0
safesoc-lnx-01,23505,CVE-2025-38329 affects linux-image-6.17.0-23-generic,10,1,1,0
safesoc-lnx-01,23504,CVE-2025-71190 affects linux-image-6.17.0-23-generic,7,1,1,0
safesoc-lnx-01,23505,CVE-2026-43110 affects linux-image-6.17.0-23-generic,10,1,1,0
safesoc-lnx-01,23505,CVE-2026-43281 affects linux-image-6.17.0-23-generic,10,1,1,0
safesoc-lnx-01,23504,CVE-2026-43026 affects linux-image-6.17.0-23-generic,7,1,1,0
safesoc-lnx-01,23508,"CVE-2025-68317 affects linux-image-6.17.0-23-generic (Missing information, CVE awaiting analysis)",3,1,1,0
safesoc-lnx-01,23508,"CVE-2025-71193 affects linux-image-6.17.0-23-generic (Missing information, CVE awaiting analysis)",3,1,1,0
safesoc-lnx-01,23504,CVE-2025-23135 affects linux-image-6.17.0-23-generic,7,1,1,0
safesoc-lnx-01,23504,CVE-2026-22976 affects linux-image-6.17.0-23-generic,7,1,1,0
safesoc-lnx-01,23504,CVE-2025-38207 affects linux-image-6.17.0-23-generic,7,1,1,0
safesoc-lnx-01,23504,CVE-2025-38205 affects linux-image-6.17.0-23-generic,7,1,1,0
safesoc-lnx-01,23504,CVE-2026-23198 affects linux-image-6.17.0-23-generic,7,1,1,0
safesoc-lnx-01,23505,CVE-2026-31473 affects linux-image-6.17.0-23-generic,10,1,1,0
safesoc-lnx-01,23508,"CVE-2026-31438 affects linux-image-6.17.0-23-generic (Missing information, CVE awaiting analysis)",3,1,1,0
safesoc-lnx-01,23505,CVE-2026-31627 affects linux-image-6.17.0-23-generic,10,1,1,0
safesoc-lnx-01,23504,CVE-2025-38359 affects linux-image-6.17.0-23-generic,7,1,1,0
safesoc-lnx-01,23504,CVE-2026-31689 affects linux-image-6.17.0-23-generic,7,1,1,0
safesoc-lnx-01,23505,CVE-2025-38201 affects linux-image-6.17.0-23-generic,10,1,1,0
safesoc-lnx-01,23504,CVE-2025-23131 affects linux-image-6.17.0-23-generic,7,1,1,0
safesoc-lnx-01,23504,CVE-2025-38199 affects linux-image-6.17.0-23-generic,7,1,1,0
safesoc-lnx-01,23504,CVE-2026-23104 affects linux-image-6.17.0-23-generic,7,1,1,0
safesoc-lnx-01,23504,CVE-2025-38188 affects linux-image-6.17.0-23-generic,7,1,1,0
safesoc-lnx-01,23504,CVE-2026-23352 affects linux-image-6.17.0-23-generic,7,1,1,0
safesoc-lnx-01,23508,"CVE-2026-43220 affects linux-image-6.17.0-23-generic (Missing information, CVE awaiting analysis)",3,1,1,0
safesoc-lnx-01,23504,CVE-2025-71189 affects linux-image-6.17.0-23-generic,7,1,1,0
safesoc-lnx-01,23505,CVE-2026-23271 affects linux-image-6.17.0-23-generic,10,1,1,0
safesoc-lnx-01,23505,CVE-2026-31583 affects linux-image-6.17.0-23-generic,10,1,1,0
safesoc-lnx-01,23508,"CVE-2026-43165 affects linux-image-6.17.0-23-generic (Missing information, CVE awaiting analysis)",3,1,1,0
safesoc-lnx-01,23504,CVE-2025-38132 affects linux-image-6.17.0-23-generic,7,1,1,0
safesoc-lnx-01,23504,CVE-2026-23096 affects linux-image-6.17.0-23-generic,7,1,1,0
safesoc-lnx-01,23505,CVE-2025-38082 affects linux-image-6.17.0-23-generic,10,1,1,0
safesoc-lnx-01,23504,CVE-2025-38041 affects linux-image-6.17.0-23-generic,7,1,1,0
safesoc-lnx-01,23504,CVE-2025-71235 affects linux-image-6.17.0-23-generic,7,1,1,0
safesoc-lnx-01,23508,"CVE-2025-40336 affects linux-image-6.17.0-23-generic (Missing information, CVE awaiting analysis)",3,1,1,0
safesoc-lnx-01,23505,CVE-2026-43207 affects linux-image-6.17.0-23-generic,10,1,1,0
safesoc-lnx-01,23504,CVE-2025-38038 affects linux-image-6.17.0-23-generic,7,1,1,0
safesoc-lnx-01,23504,CVE-2025-38353 affects linux-image-6.17.0-23-generic,7,1,1,0
safesoc-lnx-01,23504,CVE-2025-38033 affects linux-image-6.17.0-23-generic,7,1,1,0
safesoc-lnx-01,23505,CVE-2025-39896 affects linux-image-6.17.0-23-generic,10,1,1,0
safesoc-lnx-01,23504,CVE-2025-71074 affects linux-image-6.17.0-23-generic,7,1,1,0
safesoc-lnx-01,23508,"CVE-2025-40086 affects linux-image-6.17.0-23-generic (Missing information, CVE awaiting analysis)",3,1,1,0
safesoc-lnx-01,23504,CVE-2024-58094 affects linux-image-6.17.0-23-generic,7,1,1,0
safesoc-lnx-01,23504,CVE-2025-71180 affects linux-image-6.17.0-23-generic,7,1,1,0
safesoc-lnx-01,23504,CVE-2025-37906 affects linux-image-6.17.0-23-generic,7,1,1,0
safesoc-lnx-01,23505,CVE-2026-23204 affects linux-image-6.17.0-23-generic,10,1,1,0
safesoc-lnx-01,23505,CVE-2025-37882 affects linux-image-6.17.0-23-generic,10,1,1,0
safesoc-lnx-01,23505,CVE-2026-43060 affects linux-image-6.17.0-23-generic,10,1,1,0
safesoc-lnx-01,23504,CVE-2025-21696 affects linux-image-6.17.0-23-generic,7,1,1,0
safesoc-lnx-01,23508,"CVE-2025-71197 affects linux-image-6.17.0-23-generic (Missing information, CVE awaiting analysis)",3,1,1,0
safesoc-lnx-01,23504,CVE-2025-21819 affects linux-image-6.17.0-23-generic,7,1,1,0
safesoc-lnx-01,23508,"CVE-2024-38391 affects linux-image-6.17.0-23-generic (Missing information, CVE awaiting analysis)",3,1,1,0
safesoc-lnx-01,23504,CVE-2024-49940 affects linux-image-6.17.0-23-generic,7,1,1,0
safesoc-lnx-01,23505,CVE-2025-21687 affects linux-image-6.17.0-23-generic,10,1,1,0
safesoc-lnx-01,23504,CVE-2025-38426 affects linux-image-6.17.0-23-generic,7,1,1,0
safesoc-lnx-01,23505,CVE-2025-38340 affects linux-image-6.17.0-23-generic,10,1,1,0
safesoc-lnx-01,23504,CVE-2020-26140 affects linux-image-6.17.0-23-generic,7,1,1,0
safesoc-lnx-01,23504,CVE-2026-43105 affects linux-image-6.17.0-23-generic,7,1,1,0
safesoc-lnx-01,23508,"CVE-2025-71265 affects linux-image-6.17.0-23-generic (Missing information, CVE awaiting analysis)",3,1,1,0
safesoc-lnx-01,23505,CVE-2026-31580 affects linux-image-6.17.0-23-generic,10,1,1,0
safesoc-lnx-01,23504,CVE-2026-31658 affects linux-image-6.17.0-23-generic,7,1,1,0
safesoc-lnx-01,23504,CVE-2024-25740 affects linux-image-6.17.0-23-generic,7,1,1,0
safesoc-lnx-01,23505,CVE-2018-12931 affects linux-image-6.17.0-23-generic,10,1,1,0
safesoc-lnx-01,23505,CVE-2022-25836 affects linux-image-6.17.0-23-generic,10,1,1,0
safesoc-lnx-01,23508,"CVE-2026-23290 affects linux-image-6.17.0-23-generic (Missing information, CVE awaiting analysis)",3,1,1,0
safesoc-lnx-01,23504,CVE-2026-31755 affects linux-image-6.17.0-23-generic,7,1,1,0
safesoc-lnx-01,23508,"CVE-2025-71196 affects linux-image-6.17.0-23-generic (Missing information, CVE awaiting analysis)",3,1,1,0
safesoc-lnx-01,23508,"CVE-2026-43079 affects linux-image-6.17.0-23-generic (Missing information, CVE awaiting analysis)",3,1,1,0
safesoc-lnx-01,23506,CVE-2026-31669 affects linux-image-6.17.0-23-generic,13,1,1,0
safesoc-lnx-01,23504,CVE-2026-31594 affects linux-image-6.17.0-23-generic,7,1,1,0
safesoc-lnx-01,23508,"CVE-2023-54187 affects linux-image-6.17.0-23-generic (Missing information, CVE awaiting analysis)",3,1,1,0
safesoc-lnx-01,23504,CVE-2024-49910 affects linux-image-6.17.0-23-generic,7,1,1,0
safesoc-lnx-01,23508,"CVE-2026-43157 affects linux-image-6.17.0-23-generic (Missing information, CVE awaiting analysis)",3,1,1,0
safesoc-lnx-01,23504,CVE-2024-42107 affects linux-image-6.17.0-23-generic,7,1,1,0
safesoc-lnx-01,23505,CVE-2021-3864 affects linux-image-6.17.0-23-generic,10,1,1,0
safesoc-lnx-01,23505,CVE-2026-31505 affects linux-image-6.17.0-23-generic,10,1,1,0
safesoc-lnx-01,23504,CVE-2025-22043 affects linux-image-6.17.0-23-generic,7,1,1,0
safesoc-lnx-01,23508,"CVE-2012-4542 affects linux-image-6.17.0-23-generic (Missing information, CVE awaiting analysis)",3,1,1,0
safesoc-lnx-01,23505,CVE-2026-23270 affects linux-image-6.17.0-23-generic,10,1,1,0
safesoc-lnx-01,23504,CVE-2026-43243 affects linux-image-6.17.0-23-generic,7,1,1,0
safesoc-lnx-01,23508,"CVE-2026-23049 affects linux-image-6.17.0-23-generic (Missing information, CVE awaiting analysis)",3,1,1,0
safesoc-lnx-01,23504,CVE-2026-23062 affects linux-image-6.17.0-23-generic,7,1,1,0
safesoc-lnx-01,23504,CVE-2025-38486 affects linux-image-6.17.0-23-generic,7,1,1,0
safesoc-lnx-01,23505,CVE-2020-14356 affects linux-image-6.17.0-23-generic,10,1,1,0
safesoc-lnx-01,23504,CVE-2026-43043 affects linux-image-6.17.0-23-generic,7,1,1,0
safesoc-lnx-01,23504,CVE-2023-31082 affects linux-image-6.17.0-23-generic,7,1,1,0
safesoc-lnx-01,23505,CVE-2025-38330 affects linux-image-6.17.0-23-generic,10,1,1,0
safesoc-lnx-01,23508,"CVE-2025-68174 affects linux-image-6.17.0-23-generic (Missing information, CVE awaiting analysis)",3,1,1,0
safesoc-lnx-01,23508,"CVE-2025-71288 affects linux-image-6.17.0-23-generic (Missing information, CVE awaiting analysis)",3,1,1,0
safesoc-lnx-01,23504,CVE-2024-47729 affects linux-image-6.17.0-23-generic,7,1,1,0
safesoc-lnx-01,23505,CVE-2025-38204 affects linux-image-6.17.0-23-generic,10,1,1,0
safesoc-lnx-01,23505,CVE-2022-50551 affects linux-image-6.17.0-23-generic,10,1,1,0
safesoc-lnx-01,23508,"CVE-2026-43250 affects linux-image-6.17.0-23-generic (Missing information, CVE awaiting analysis)",3,1,1,0
safesoc-lnx-01,23508,"CVE-2025-40073 affects linux-image-6.17.0-23-generic (Missing information, CVE awaiting analysis)",3,1,1,0
safesoc-lnx-01,23508,"CVE-2026-43082 affects linux-image-6.17.0-23-generic (Missing information, CVE awaiting analysis)",3,1,1,0
safesoc-lnx-01,23504,CVE-2026-43251 affects linux-image-6.17.0-23-generic,7,1,1,0
safesoc-lnx-01,23505,CVE-2022-50090 affects linux-image-6.17.0-23-generic,10,1,1,0
safesoc-lnx-01,23504,CVE-2024-58012 affects linux-image-6.17.0-23-generic,7,1,1,0
safesoc-lnx-01,23505,CVE-2023-3397 affects linux-image-6.17.0-23-generic,10,1,1,0
safesoc-lnx-01,23505,CVE-2025-38206 affects linux-image-6.17.0-23-generic,10,1,1,0
safesoc-lnx-01,23505,CVE-2026-43172 affects linux-image-6.17.0-23-generic,10,1,1,0
safesoc-lnx-01,23508,"CVE-2025-40340 affects linux-image-6.17.0-23-generic (Missing information, CVE awaiting analysis)",3,1,1,0
safesoc-lnx-01,23504,CVE-2026-23133 affects linux-image-6.17.0-23-generic,7,1,1,0
safesoc-lnx-01,23504,CVE-2026-43012 affects linux-image-6.17.0-23-generic,7,1,1,0
safesoc-lnx-01,23505,CVE-2025-39958 affects linux-image-6.17.0-23-generic,10,1,1,0
safesoc-lnx-01,23508,"CVE-2026-23277 affects linux-image-6.17.0-23-generic (Missing information, CVE awaiting analysis)",3,1,1,0
safesoc-lnx-01,23505,CVE-2019-15794 affects linux-image-6.17.0-23-generic,10,1,1,0
safesoc-lnx-01,23505,CVE-2026-43263 affects linux-image-6.17.0-23-generic,10,1,1,0
safesoc-lnx-01,23504,CVE-2025-71188 affects linux-image-6.17.0-23-generic,7,1,1,0
safesoc-lnx-01,23504,CVE-2022-50232 affects linux-image-6.17.0-23-generic,7,1,1,0
safesoc-lnx-01,23505,CVE-2025-21693 affects linux-image-6.17.0-23-generic,10,1,1,0
safesoc-lnx-01,23505,CVE-2024-58015 affects linux-image-6.17.0-23-generic,10,1,1,0
safesoc-lnx-01,23508,"CVE-2026-23285 affects linux-image-6.17.0-23-generic (Missing information, CVE awaiting analysis)",3,1,1,0
safesoc-lnx-01,23508,"CVE-2026-43163 affects linux-image-6.17.0-23-generic (Missing information, CVE awaiting analysis)",3,1,1,0
safesoc-lnx-01,23504,CVE-2024-56617 affects linux-image-6.17.0-23-generic,7,1,1,0
safesoc-lnx-01,23505,CVE-2026-23449 affects linux-image-6.17.0-23-generic,10,1,1,0
safesoc-lnx-01,23504,CVE-2026-23105 affects linux-image-6.17.0-23-generic,7,1,1,0
safesoc-lnx-01,23505,CVE-2026-43187 affects linux-image-6.17.0-23-generic,10,1,1,0
safesoc-lnx-01,23504,CVE-2025-37876 affects linux-image-6.17.0-23-generic,7,1,1,0
safesoc-lnx-01,23505,CVE-2026-23083 affects linux-image-6.17.0-23-generic,10,1,1,0
safesoc-lnx-01,23504,CVE-2025-37907 affects linux-image-6.17.0-23-generic,7,1,1,0
safesoc-lnx-01,23504,CVE-2026-31515 affects linux-image-6.17.0-23-generic,7,1,1,0
safesoc-lnx-01,23504,CVE-2022-48929 affects linux-image-6.17.0-23-generic,7,1,1,0
safesoc-lnx-01,23504,CVE-2026-23360 affects linux-image-6.17.0-23-generic,7,1,1,0
safesoc-lnx-01,23504,CVE-2020-26143 affects linux-image-6.17.0-23-generic,7,1,1,0
safesoc-lnx-01,23504,CVE-2024-35995 affects linux-image-6.17.0-23-generic,7,1,1,0
safesoc-lnx-01,23504,CVE-2025-38189 affects linux-image-6.17.0-23-generic,7,1,1,0
safesoc-lnx-01,23504,CVE-2025-39910 affects linux-image-6.17.0-23-generic,7,1,1,0
safesoc-lnx-01,23504,CVE-2026-43273 affects linux-image-6.17.0-23-generic,7,1,1,0
safesoc-lnx-01,23504,CVE-2026-31523 affects linux-image-6.17.0-23-generic,7,1,1,0
safesoc-lnx-01,23508,"CVE-2025-40222 affects linux-image-6.17.0-23-generic (Missing information, CVE awaiting analysis)",3,1,1,0
safesoc-lnx-01,23504,CVE-2026-31677 affects linux-image-6.17.0-23-generic,7,1,1,0
safesoc-lnx-01,23504,CVE-2025-40005 affects linux-image-6.17.0-23-generic,7,1,1,0
safesoc-lnx-01,23504,CVE-2018-12928 affects linux-image-6.17.0-23-generic,7,1,1,0
safesoc-lnx-01,23504,CVE-2025-71200 affects linux-image-6.17.0-23-generic,7,1,1,0
safesoc-lnx-01,23504,CVE-2024-53056 affects linux-image-6.17.0-23-generic,7,1,1,0
safesoc-lnx-01,23504,CVE-2022-44034 affects linux-image-6.17.0-23-generic,7,1,1,0
safesoc-lnx-01,23504,CVE-2025-38674 affects linux-image-6.17.0-23-generic,7,1,1,0
safesoc-lnx-01,23506,CVE-2026-31405 affects linux-image-6.17.0-23-generic,13,1,1,0
safesoc-lnx-01,23504,CVE-2025-68333 affects linux-image-6.17.0-23-generic,7,1,1,0
safesoc-lnx-01,23505,CVE-2018-12930 affects linux-image-6.17.0-23-generic,10,1,1,0
safesoc-lnx-01,23504,CVE-2025-37743 affects linux-image-6.17.0-23-generic,7,1,1,0
safesoc-lnx-01,23504,CVE-2026-23418 affects linux-image-6.17.0-23-generic,7,1,1,0
safesoc-lnx-01,23505,CVE-2026-43018 affects linux-image-6.17.0-23-generic,10,1,1,0
safesoc-lnx-01,23508,"CVE-2025-68356 affects linux-image-6.17.0-23-generic (Missing information, CVE awaiting analysis)",3,1,1,0
safesoc-lnx-01,23505,CVE-2025-1272 affects linux-image-6.17.0-23-generic,10,1,1,0
safesoc-lnx-01,23504,CVE-2021-3714 affects linux-image-6.17.0-23-generic,7,1,1,0
safesoc-lnx-01,23504,CVE-2022-41848 affects linux-image-6.17.0-23-generic,7,1,1,0
safesoc-lnx-01,23508,"CVE-2025-71199 affects linux-image-6.17.0-23-generic (Missing information, CVE awaiting analysis)",3,1,1,0
safesoc-lnx-01,23504,CVE-2026-31681 affects linux-image-6.17.0-23-generic,7,1,1,0
safesoc-lnx-01,23504,CVE-2026-31492 affects linux-image-6.17.0-23-generic,7,1,1,0
safesoc-lnx-01,23505,CVE-2026-31393 affects linux-image-6.17.0-23-generic,10,1,1,0
safesoc-lnx-01,23504,CVE-2025-38064 affects linux-image-6.17.0-23-generic,7,1,1,0
safesoc-lnx-01,23505,CVE-2024-27022 affects linux-image-6.17.0-23-generic,10,1,1,0
safesoc-lnx-01,23505,CVE-2026-43180 affects linux-image-6.17.0-23-generic,10,1,1,0
safesoc-lnx-01,23504,CVE-2025-38669 affects linux-image-6.17.0-23-generic,7,1,1,0
safesoc-lnx-01,23504,CVE-2024-52560 affects linux-image-6.17.0-23-generic,7,1,1,0
safesoc-lnx-01,23508,"CVE-2026-43141 affects linux-image-6.17.0-23-generic (Missing information, CVE awaiting analysis)",3,1,1,0
safesoc-lnx-01,23504,CVE-2026-23169 affects linux-image-6.17.0-23-generic,7,1,1,0
safesoc-lnx-01,23505,CVE-2025-21985 affects linux-image-6.17.0-23-generic,10,1,1,0
safesoc-lnx-01,23504,CVE-2026-31458 affects linux-image-6.17.0-23-generic,7,1,1,0
safesoc-lnx-01,23504,CVE-2016-8660 affects linux-image-6.17.0-23-generic,7,1,1,0
safesoc-lnx-01,23508,"CVE-2025-68239 affects linux-image-6.17.0-23-generic (Missing information, CVE awaiting analysis)",3,1,1,0
safesoc-lnx-01,23504,CVE-2025-21730 affects linux-image-6.17.0-23-generic,7,1,1,0
safesoc-lnx-01,23506,CVE-2026-31448 affects linux-image-6.17.0-23-generic,13,1,1,0
safesoc-lnx-01,23504,CVE-2025-39925 affects linux-image-6.17.0-23-generic,7,1,1,0
safesoc-lnx-01,23505,CVE-2026-23010 affects linux-image-6.17.0-23-generic,10,1,1,0
safesoc-lnx-01,23505,CVE-2026-31629 affects linux-image-6.17.0-23-generic,10,1,1,0
safesoc-lnx-01,23505,CVE-2026-23191 affects linux-image-6.17.0-23-generic,10,1,1,0
safesoc-lnx-01,23505,CVE-2026-31584 affects linux-image-6.17.0-23-generic,10,1,1,0
safesoc-lnx-01,23505,CVE-2019-14899 affects linux-image-6.17.0-23-generic,10,1,1,0
safesoc-lnx-01,23504,CVE-2018-12929 affects linux-image-6.17.0-23-generic,7,1,1,0
safesoc-lnx-01,23504,CVE-2017-13693 affects linux-image-6.17.0-23-generic,7,1,1,0
safesoc-lnx-01,23504,CVE-2025-38042 affects linux-image-6.17.0-23-generic,7,1,1,0
safesoc-lnx-01,23505,CVE-2022-2961 affects linux-image-6.17.0-23-generic,10,1,1,0
safesoc-lnx-01,23504,CVE-2025-38168 affects linux-image-6.17.0-23-generic,7,1,1,0
safesoc-lnx-01,23505,CVE-2024-40954 affects linux-image-6.17.0-23-generic,10,1,1,0
safesoc-lnx-01,23505,CVE-2025-37776 affects linux-image-6.17.0-23-generic,10,1,1,0
safesoc-lnx-01,23504,CVE-2022-48846 affects linux-image-6.17.0-23-generic,7,1,1,0
safesoc-lnx-01,23504,CVE-2017-0537 affects linux-image-6.17.0-23-generic,7,1,1,0
safesoc-lnx-01,23504,CVE-2024-57809 affects linux-image-6.17.0-23-generic,7,1,1,0
safesoc-lnx-01,23504,CVE-2026-23173 affects linux-image-6.17.0-23-generic,7,1,1,0
safesoc-lnx-01,23508,"CVE-2025-40355 affects linux-image-6.17.0-23-generic (Missing information, CVE awaiting analysis)",3,1,1,0
safesoc-lnx-01,23505,CVE-2025-39862 affects linux-image-6.17.0-23-generic,10,1,1,0
safesoc-lnx-01,23505,CVE-2026-31665 affects linux-image-6.17.0-23-generic,10,1,1,0
safesoc-lnx-01,23504,CVE-2024-2193 affects linux-image-6.17.0-23-generic,7,1,1,0
safesoc-lnx-01,23505,CVE-2026-23325 affects linux-image-6.17.0-23-generic,10,1,1,0
safesoc-lnx-01,23505,CVE-2026-23227 affects linux-image-6.17.0-23-generic,10,1,1,0
safesoc-lnx-01,23505,CVE-2022-25837 affects linux-image-6.17.0-23-generic,10,1,1,0
safesoc-lnx-01,23505,CVE-2026-31699 affects linux-image-6.17.0-23-generic,10,1,1,0
safesoc-lnx-01,23506,CVE-2026-31685 affects linux-image-6.17.0-23-generic,13,1,1,0
safesoc-lnx-01,23504,CVE-2024-58241 affects linux-image-6.17.0-23-generic,7,1,1,0
safesoc-lnx-01,23504,CVE-2025-71186 affects linux-image-6.17.0-23-generic,7,1,1,0
safesoc-lnx-01,23504,CVE-2023-4010 affects linux-image-6.17.0-23-generic,7,1,1,0
safesoc-lnx-01,23504,CVE-2025-21752 affects linux-image-6.17.0-23-generic,7,1,1,0
safesoc-lnx-01,23504,CVE-2026-31542 affects linux-image-6.17.0-23-generic,7,1,1,0
safesoc-lnx-01,23504,CVE-2025-37877 affects linux-image-6.17.0-23-generic,7,1,1,0
safesoc-lnx-01,23505,CVE-2026-23412 affects linux-image-6.17.0-23-generic,10,1,1,0
safesoc-lnx-01,23504,CVE-2024-49990 affects linux-image-6.17.0-23-generic,7,1,1,0
safesoc-lnx-01,23504,CVE-2025-22077 affects linux-image-6.17.0-23-generic,7,1,1,0
safesoc-lnx-01,23508,"CVE-2026-43094 affects linux-image-6.17.0-23-generic (Missing information, CVE awaiting analysis)",3,1,1,0
safesoc-lnx-01,23504,CVE-2025-38036 affects linux-image-6.17.0-23-generic,7,1,1,0
safesoc-lnx-01,23506,CVE-2026-43117 affects linux-image-6.17.0-23-generic,13,1,1,0
safesoc-lnx-01,23508,"CVE-2026-43136 affects linux-image-6.17.0-23-generic (Missing information, CVE awaiting analysis)",3,1,1,0
safesoc-lnx-01,23504,CVE-2026-23088 affects linux-image-6.17.0-23-generic,7,1,1,0
safesoc-lnx-01,23504,CVE-2024-46742 affects linux-image-6.17.0-23-generic,7,1,1,0
safesoc-lnx-01,23504,CVE-2024-43844 affects linux-image-6.17.0-23-generic,7,1,1,0
safesoc-lnx-01,23506,CVE-2026-31668 affects linux-image-6.17.0-23-generic,13,1,1,0
safesoc-lnx-01,23504,CVE-2020-14304 affects linux-image-6.17.0-23-generic,7,1,1,0
safesoc-lnx-01,23504,CVE-2026-23168 affects linux-image-6.17.0-23-generic,7,1,1,0
safesoc-lnx-01,23508,"CVE-2026-23261 affects linux-image-6.17.0-23-generic (Missing information, CVE awaiting analysis)",3,1,1,0
safesoc-lnx-01,23505,CVE-2026-31768 affects linux-image-6.17.0-23-generic,10,1,1,0
safesoc-lnx-01,23504,CVE-2026-31770 affects linux-image-6.17.0-23-generic,7,1,1,0
safesoc-lnx-01,23508,"CVE-2025-68324 affects linux-image-6.17.0-23-generic (Missing information, CVE awaiting analysis)",3,1,1,0
safesoc-lnx-01,23504,CVE-2026-23365 affects linux-image-6.17.0-23-generic,7,1,1,0
safesoc-lnx-01,23505,CVE-2026-23458 affects linux-image-6.17.0-23-generic,10,1,1,0
safesoc-lnx-01,23508,"CVE-2022-50128 affects linux-image-6.17.0-23-generic (Missing information, CVE awaiting analysis)",3,1,1,0
safesoc-lnx-01,23505,CVE-2024-50106 affects linux-image-6.17.0-23-generic,10,1,1,0
safesoc-lnx-01,23504,CVE-2026-23145 affects linux-image-6.17.0-23-generic,7,1,1,0
safesoc-lnx-01,23505,CVE-2026-31678 affects linux-image-6.17.0-23-generic,10,1,1,0
safesoc-lnx-01,23505,CVE-2025-37926 affects linux-image-6.17.0-23-generic,10,1,1,0
safesoc-lnx-01,23504,CVE-2025-38591 affects linux-image-6.17.0-23-generic,7,1,1,0
safesoc-lnx-01,23504,CVE-2025-39745 affects linux-image-6.17.0-23-generic,7,1,1,0
safesoc-lnx-01,23508,"CVE-2026-43085 affects linux-image-6.17.0-23-generic (Missing information, CVE awaiting analysis)",3,1,1,0
safesoc-lnx-01,23505,CVE-2025-71220 affects linux-image-6.17.0-23-generic,10,1,1,0
safesoc-lnx-01,23505,CVE-2022-45885 affects linux-image-6.17.0-23-generic,10,1,1,0
safesoc-lnx-01,23505,CVE-2026-43176 affects linux-image-6.17.0-23-generic,10,1,1,0
safesoc-lnx-01,23506,CVE-2026-43083 affects linux-image-6.17.0-23-generic,13,1,1,0
safesoc-lnx-01,23504,CVE-2025-71160 affects linux-image-6.17.0-23-generic,7,1,1,0
safesoc-lnx-01,23508,"CVE-2025-68309 affects linux-image-6.17.0-23-generic (Missing information, CVE awaiting analysis)",3,1,1,0
safesoc-lnx-01,23508,"CVE-2025-54505 affects linux-image-6.17.0-23-generic (Missing information, CVE awaiting analysis)",3,1,1,0
safesoc-lnx-01,23505,CVE-2026-25702 affects linux-image-6.17.0-23-generic,10,1,1,0
safesoc-lnx-01,23504,CVE-2017-13694 affects linux-image-6.17.0-23-generic,7,1,1,0
safesoc-lnx-01,23504,CVE-2026-23166 affects linux-image-6.17.0-23-generic,7,1,1,0
safesoc-lnx-01,23504,CVE-2025-37807 affects linux-image-6.17.0-23-generic,7,1,1,0
safesoc-lnx-01,23508,"CVE-2026-23056 affects linux-image-6.17.0-23-generic (Missing information, CVE awaiting analysis)",3,1,1,0
safesoc-lnx-01,23505,CVE-2026-31700 affects linux-image-6.17.0-23-generic,10,1,1,0
safesoc-lnx-01,23508,"CVE-2025-40356 affects linux-image-6.17.0-23-generic (Missing information, CVE awaiting analysis)",3,1,1,0
safesoc-lnx-01,23508,"CVE-2026-43068 affects linux-image-6.17.0-23-generic (Missing information, CVE awaiting analysis)",3,1,1,0
safesoc-lnx-01,23504,CVE-2024-50102 affects linux-image-6.17.0-23-generic,7,1,1,0
safesoc-lnx-01,23505,CVE-2024-38581 affects linux-image-6.17.0-23-generic,10,1,1,0
safesoc-lnx-01,23508,"CVE-2025-40097 affects linux-image-6.17.0-23-generic (Missing information, CVE awaiting analysis)",3,1,1,0
safesoc-lnx-01,23505,CVE-2022-0400 affects linux-image-6.17.0-23-generic,10,1,1,0
safesoc-lnx-01,23508,"CVE-2025-71272 affects linux-image-6.17.0-23-generic (Missing information, CVE awaiting analysis)",3,1,1,0
safesoc-lnx-01,23504,CVE-2023-52879 affects linux-image-6.17.0-23-generic,7,1,1,0
safesoc-lnx-01,23505,CVE-2026-31656 affects linux-image-6.17.0-23-generic,10,1,1,0
safesoc-lnx-01,23508,"CVE-2025-40210 affects linux-image-6.17.0-23-generic (Missing information, CVE awaiting analysis)",3,1,1,0
safesoc-lnx-01,23505,CVE-2026-23253 affects linux-image-6.17.0-23-generic,10,1,1,0
safesoc-lnx-01,23508,"CVE-2025-71286 affects linux-image-6.17.0-23-generic (Missing information, CVE awaiting analysis)",3,1,1,0
safesoc-lnx-01,23505,CVE-2026-31667 affects linux-image-6.17.0-23-generic,10,1,1,0
safesoc-lnx-01,23504,CVE-2026-22985 affects linux-image-6.17.0-23-generic,7,1,1,0
safesoc-lnx-01,23505,CVE-2019-19814 affects linux-image-6.17.0-23-generic,10,1,1,0
safesoc-lnx-01,23504,CVE-2024-56671 affects linux-image-6.17.0-23-generic,7,1,1,0
safesoc-lnx-01,23508,"CVE-2025-71224 affects linux-image-6.17.0-23-generic (Missing information, CVE awaiting analysis)",3,1,1,0
safesoc-lnx-01,23504,CVE-2022-0480 affects linux-image-6.17.0-23-generic,7,1,1,0
safesoc-lnx-01,23508,"CVE-2025-40146 affects linux-image-6.17.0-23-generic (Missing information, CVE awaiting analysis)",3,1,1,0
safesoc-lnx-01,23505,CVE-2023-26242 affects linux-image-6.17.0-23-generic,10,1,1,0
safesoc-lnx-01,23508,"CVE-2025-68236 affects linux-image-6.17.0-23-generic (Missing information, CVE awaiting analysis)",3,1,1,0
safesoc-lnx-01,23505,CVE-2026-31450 affects linux-image-6.17.0-23-generic,10,1,1,0
safesoc-lnx-01,23506,CVE-2021-3773 affects linux-image-6.17.0-23-generic,13,1,1,0
safesoc-lnx-01,23504,CVE-2026-43010 affects linux-image-6.17.0-23-generic,7,1,1,0
safesoc-lnx-01,23504,CVE-2015-7837 affects linux-image-6.17.0-23-generic,7,1,1,0
safesoc-lnx-01,23506,CVE-2026-43071 affects linux-image-6.17.0-23-generic,13,1,1,0
safesoc-lnx-01,23504,CVE-2024-27025 affects linux-image-6.17.0-23-generic,7,1,1,0
safesoc-lnx-01,23505,CVE-2026-23208 affects linux-image-6.17.0-23-generic,10,1,1,0
safesoc-lnx-01,23504,CVE-2025-21907 affects linux-image-6.17.0-23-generic,7,1,1,0
safesoc-lnx-01,23508,"CVE-2025-40334 affects linux-image-6.17.0-23-generic (Missing information, CVE awaiting analysis)",3,1,1,0
safesoc-lnx-01,23503,CVE-2024-56712 affects linux-image-6.17.0-23-generic,5,1,1,0
safesoc-lnx-01,23508,"CVE-2025-62626 affects linux-image-6.17.0-23-generic (Missing information, CVE awaiting analysis)",3,1,1,0
safesoc-lnx-01,23504,CVE-2026-23138 affects linux-image-6.17.0-23-generic,7,1,1,0
safesoc-lnx-01,23505,CVE-2026-43113 affects linux-image-6.17.0-23-generic,10,1,1,0
safesoc-lnx-01,23504,CVE-2024-42125 affects linux-image-6.17.0-23-generic,7,1,1,0
safesoc-lnx-01,23504,CVE-2025-38311 affects linux-image-6.17.0-23-generic,7,1,1,0
safesoc-lnx-01,23504,CVE-2025-38096 affects linux-image-6.17.0-23-generic,7,1,1,0
safesoc-lnx-01,23508,"CVE-2025-68334 affects linux-image-6.17.0-23-generic (Missing information, CVE awaiting analysis)",3,1,1,0
safesoc-lnx-01,23504,CVE-2026-31645 affects linux-image-6.17.0-23-generic,7,1,1,0
safesoc-lnx-01,23503,CVE-2024-39286 affects linux-image-6.17.0-23-generic,5,1,1,0
safesoc-lnx-01,23504,CVE-2024-49916 affects linux-image-6.17.0-23-generic,7,1,1,0
safesoc-lnx-01,23504,CVE-2026-23440 affects linux-image-6.17.0-23-generic,7,1,1,0
safesoc-lnx-01,23504,CVE-2024-35895 affects linux-image-6.17.0-23-generic,7,1,1,0
safesoc-lnx-01,23505,CVE-2024-46820 affects linux-image-6.17.0-23-generic,10,1,1,0
safesoc-lnx-01,23504,CVE-2026-31560 affects linux-image-6.17.0-23-generic,7,1,1,0
safesoc-lnx-01,23505,CVE-2026-43047 affects linux-image-6.17.0-23-generic,10,1,1,0
safesoc-lnx-01,23504,CVE-2025-68358 affects linux-image-6.17.0-23-generic,7,1,1,0
safesoc-lnx-01,23504,CVE-2020-26146 affects linux-image-6.17.0-23-generic,7,1,1,0
safesoc-lnx-01,23504,CVE-2024-50004 affects linux-image-6.17.0-23-generic,7,1,1,0
safesoc-lnx-01,23508,"CVE-2026-23286 affects linux-image-6.17.0-23-generic (Missing information, CVE awaiting analysis)",3,1,1,0
safesoc-lnx-01,23505,CVE-2019-19378 affects linux-image-6.17.0-23-generic,10,1,1,0
safesoc-lnx-01,23505,CVE-2026-23457 affects linux-image-6.17.0-23-generic,10,1,1,0
safesoc-lnx-01,23508,"CVE-2026-23262 affects linux-image-6.17.0-23-generic (Missing information, CVE awaiting analysis)",3,1,1,0
safesoc-lnx-01,23508,"CVE-2025-40135 affects linux-image-6.17.0-23-generic (Missing information, CVE awaiting analysis)",3,1,1,0
safesoc-lnx-01,23504,CVE-2026-43229 affects linux-image-6.17.0-23-generic,7,1,1,0
safesoc-lnx-01,23505,CVE-2026-43203 affects linux-image-6.17.0-23-generic,10,1,1,0
safesoc-lnx-01,23508,"CVE-2025-40074 affects linux-image-6.17.0-23-generic (Missing information, CVE awaiting analysis)",3,1,1,0
safesoc-lnx-01,23504,CVE-2024-49908 affects linux-image-6.17.0-23-generic,7,1,1,0
safesoc-lnx-01,23504,CVE-2015-8553 affects linux-image-6.17.0-23-generic,7,1,1,0
safesoc-lnx-01,23504,CVE-2025-22002 affects linux-image-6.17.0-23-generic,7,1,1,0
safesoc-lnx-01,23504,CVE-2026-23003 affects linux-image-6.17.0-23-generic,7,1,1,0
safesoc-lnx-01,23505,CVE-2026-31581 affects linux-image-6.17.0-23-generic,10,1,1,0
safesoc-lnx-01,23504,CVE-2026-23021 affects linux-image-6.17.0-23-generic,7,1,1,0
safesoc-lnx-01,23504,CVE-2026-23368 affects linux-image-6.17.0-23-generic,7,1,1,0
safesoc-lnx-01,23504,CVE-2026-23441 affects linux-image-6.17.0-23-generic,7,1,1,0
safesoc-lnx-01,23504,CVE-2024-49932 affects linux-image-6.17.0-23-generic,7,1,1,0
safesoc-lnx-01,23505,CVE-2026-31626 affects linux-image-6.17.0-23-generic,10,1,1,0
safesoc-lnx-01,23504,CVE-2024-49970 affects linux-image-6.17.0-23-generic,7,1,1,0
safesoc-lnx-01,23508,"CVE-2026-43088 affects linux-image-6.17.0-23-generic (Missing information, CVE awaiting analysis)",3,1,1,0
safesoc-lnx-01,23505,CVE-2024-50217 affects linux-image-6.17.0-23-generic,10,1,1,0
safesoc-lnx-01,23504,CVE-2026-31754 affects linux-image-6.17.0-23-generic,7,1,1,0
safesoc-lnx-01,23504,CVE-2024-53064 affects linux-image-6.17.0-23-generic,7,1,1,0
safesoc-lnx-01,23505,CVE-2025-40149 affects linux-image-6.17.0-23-generic,10,1,1,0
safesoc-lnx-01,23508,"CVE-2026-23293 affects linux-image-6.17.0-23-generic (Missing information, CVE awaiting analysis)",3,1,1,0
safesoc-lnx-01,23504,CVE-2024-53207 affects linux-image-6.17.0-23-generic,7,1,1,0
safesoc-lnx-01,23508,"CVE-2026-43148 affects linux-image-6.17.0-23-generic (Missing information, CVE awaiting analysis)",3,1,1,0
safesoc-lnx-01,23504,CVE-2025-21817 affects linux-image-6.17.0-23-generic,7,1,1,0
safesoc-lnx-01,23508,"CVE-2026-23464 affects linux-image-6.17.0-23-generic (Missing information, CVE awaiting analysis)",3,1,1,0
safesoc-lnx-01,23508,"CVE-2025-39990 affects linux-image-6.17.0-23-generic (Missing information, CVE awaiting analysis)",3,1,1,0
safesoc-lnx-01,23504,CVE-2026-31521 affects linux-image-6.17.0-23-generic,7,1,1,0
safesoc-lnx-01,23505,CVE-2024-53216 affects linux-image-6.17.0-23-generic,10,1,1,0
safesoc-lnx-01,23504,CVE-2026-23347 affects linux-image-6.17.0-23-generic,7,1,1,0
safesoc-lnx-01,23505,CVE-2026-4046 affects locales,10,1,1,0
safesoc-lnx-01,23505,CVE-2026-4437 affects locales,10,1,1,0
safesoc-lnx-01,23504,CVE-2026-4438 affects locales,7,1,1,0
safesoc-lnx-01,23504,CVE-2026-27456 affects mount,7,1,1,0
safesoc-lnx-01,23503,CVE-2022-0987 affects packagekit,5,1,1,0
safesoc-lnx-01,23503,CVE-2024-0217 affects packagekit,5,1,1,0
safesoc-lnx-01,23503,CVE-2022-0987 affects packagekit-tools,5,1,1,0
safesoc-lnx-01,23503,CVE-2024-0217 affects packagekit-tools,5,1,1,0
safesoc-lnx-01,23505,CVE-2016-2568 affects pkexec,10,1,1,0
safesoc-lnx-01,23505,CVE-2016-2568 affects policykit-1,10,1,1,0
safesoc-lnx-01,23505,CVE-2016-2568 affects polkitd,10,1,1,0
safesoc-lnx-01,23505,CVE-2019-9543 affects poppler-utils,10,1,1,0
safesoc-lnx-01,23505,CVE-2019-9545 affects poppler-utils,10,1,1,0
safesoc-lnx-01,23508,"CVE-2025-13462 affects python3.12 (Missing information, CVE awaiting analysis)",3,1,1,0
safesoc-lnx-01,23508,"CVE-2026-2297 affects python3.12 (Missing information, CVE awaiting analysis)",3,1,1,0
safesoc-lnx-01,23508,"CVE-2025-13462 affects python3.12-minimal (Missing information, CVE awaiting analysis)",3,1,1,0
safesoc-lnx-01,23508,"CVE-2026-2297 affects python3.12-minimal (Missing information, CVE awaiting analysis)",3,1,1,0
safesoc-lnx-01,23504,CVE-2026-27456 affects rfkill,7,1,1,0
safesoc-lnx-01,23505,CVE-2024-5138 affects snapd,10,1,1,0
safesoc-lnx-01,23505,CVE-2026-28372 affects telnet,10,1,1,0
safesoc-lnx-01,23504,CVE-2026-27456 affects util-linux,7,1,1,0
safesoc-lnx-01,23504,CVE-2026-27456 affects uuid-runtime,7,1,1,0
safesoc-lnx-01,23505,CVE-2023-5574 affects xserver-common,10,1,1,0
safesoc-lnx-01,23505,CVE-2023-5574 affects xserver-xephyr,10,1,1,0
safesoc-lnx-01,23505,CVE-2023-5574 affects xserver-xorg-core,10,1,1,0
safesoc-lnx-01,23505,CVE-2023-5574 affects xserver-xorg-legacy,10,1,1,0
safesoc-lnx-01,23502,The CVE-2025-68471 that affected avahi-daemon was solved due to an update in the agent or feed.,3,1,0,1
safesoc-lnx-01,23502,The CVE-2024-52615 that affected avahi-daemon was solved due to an update in the agent or feed.,3,1,0,1
safesoc-lnx-01,23502,The CVE-2025-68468 that affected avahi-daemon was solved due to an update in the agent or feed.,3,1,0,1
safesoc-lnx-01,23502,The CVE-2025-59529 that affected avahi-daemon was solved due to an update in the agent or feed.,3,1,0,1
safesoc-lnx-01,23502,The CVE-2025-68276 that affected avahi-daemon was solved due to an update in the agent or feed.,3,1,0,1
safesoc-lnx-01,23502,The CVE-2026-34933 that affected avahi-daemon was solved due to an update in the agent or feed.,3,1,1,0
safesoc-lnx-01,23502,The CVE-2026-24401 that affected avahi-daemon was solved due to an update in the agent or feed.,3,1,1,0
safesoc-lnx-01,23502,The CVE-2024-52616 that affected avahi-daemon was solved due to an update in the agent or feed.,3,1,1,0
safesoc-lnx-01,23502,The CVE-2026-1519 that affected bind9-dnsutils was solved due to an update in the agent or feed.,3,1,1,0
safesoc-lnx-01,23502,The CVE-2025-40778 that affected bind9-dnsutils was solved due to an update in the agent or feed.,3,1,1,0
safesoc-lnx-01,23502,The CVE-2025-40780 that affected bind9-dnsutils was solved due to an update in the agent or feed.,3,1,1,0
safesoc-lnx-01,23502,The CVE-2025-8677 that affected bind9-dnsutils was solved due to an update in the agent or feed.,3,1,1,0
safesoc-lnx-01,23502,The CVE-2026-1519 that affected bind9-host was solved due to an update in the agent or feed.,3,1,1,0
safesoc-lnx-01,23502,The CVE-2025-40778 that affected bind9-host was solved due to an update in the agent or feed.,3,1,1,0
safesoc-lnx-01,23502,The CVE-2025-40780 that affected bind9-host was solved due to an update in the agent or feed.,3,1,1,0
safesoc-lnx-01,23502,The CVE-2025-8677 that affected bind9-host was solved due to an update in the agent or feed.,3,1,1,0
safesoc-lnx-01,23502,The CVE-2026-1519 that affected bind9-libs was solved due to an update in the agent or feed.,3,1,1,0
safesoc-lnx-01,23502,The CVE-2025-40778 that affected bind9-libs was solved due to an update in the agent or feed.,3,1,1,0
safesoc-lnx-01,23502,The CVE-2025-40780 that affected bind9-libs was solved due to an update in the agent or feed.,3,1,1,0
safesoc-lnx-01,23502,The CVE-2025-8677 that affected bind9-libs was solved due to an update in the agent or feed.,3,1,1,0
safesoc-lnx-01,23502,The CVE-2026-27456 that affected bsdextrautils was solved due to an update in the agent or feed.,3,1,1,0
safesoc-lnx-01,23502,The CVE-2026-27456 that affected bsdutils was solved due to an update in the agent or feed.,3,1,1,0
safesoc-lnx-01,23502,The CVE-2025-61915 that affected cups was solved due to an update in the agent or feed.,3,1,1,0
safesoc-lnx-01,23502,The CVE-2026-41079 that affected cups was solved due to an update in the agent or feed.,3,1,1,0
safesoc-lnx-01,23502,The CVE-2025-58364 that affected cups was solved due to an update in the agent or feed.,3,1,1,0
safesoc-lnx-01,23502,The CVE-2025-58436 that affected cups was solved due to an update in the agent or feed.,3,1,1,0
safesoc-lnx-01,23502,The CVE-2025-58060 that affected cups was solved due to an update in the agent or feed.,3,1,1,0
safesoc-lnx-01,23502,The CVE-2025-61915 that affected cups-bsd was solved due to an update in the agent or feed.,3,1,1,0
safesoc-lnx-01,23502,The CVE-2026-41079 that affected cups-bsd was solved due to an update in the agent or feed.,3,1,1,0
safesoc-lnx-01,23502,The CVE-2025-58364 that affected cups-bsd was solved due to an update in the agent or feed.,3,1,1,0
safesoc-lnx-01,23502,The CVE-2025-58436 that affected cups-bsd was solved due to an update in the agent or feed.,3,1,1,0
safesoc-lnx-01,23502,The CVE-2025-58060 that affected cups-bsd was solved due to an update in the agent or feed.,3,1,1,0
safesoc-lnx-01,23502,The CVE-2025-61915 that affected cups-client was solved due to an update in the agent or feed.,3,1,1,0
safesoc-lnx-01,23502,The CVE-2026-41079 that affected cups-client was solved due to an update in the agent or feed.,3,1,1,0
safesoc-lnx-01,23502,The CVE-2025-58364 that affected cups-client was solved due to an update in the agent or feed.,3,1,1,0
safesoc-lnx-01,23502,The CVE-2025-58436 that affected cups-client was solved due to an update in the agent or feed.,3,1,1,0
safesoc-lnx-01,23502,The CVE-2025-58060 that affected cups-client was solved due to an update in the agent or feed.,3,1,1,0
safesoc-lnx-01,23502,The CVE-2025-61915 that affected cups-common was solved due to an update in the agent or feed.,3,1,1,0
safesoc-lnx-01,23502,The CVE-2026-41079 that affected cups-common was solved due to an update in the agent or feed.,3,1,1,0
safesoc-lnx-01,23502,The CVE-2025-58364 that affected cups-common was solved due to an update in the agent or feed.,3,1,1,0
safesoc-lnx-01,23502,The CVE-2025-58436 that affected cups-common was solved due to an update in the agent or feed.,3,1,1,0
safesoc-lnx-01,23502,The CVE-2025-58060 that affected cups-common was solved due to an update in the agent or feed.,3,1,1,0
safesoc-lnx-01,23502,The CVE-2025-61915 that affected cups-core-drivers was solved due to an update in the agent or feed.,3,1,1,0
safesoc-lnx-01,23502,The CVE-2026-41079 that affected cups-core-drivers was solved due to an update in the agent or feed.,3,1,1,0
safesoc-lnx-01,23502,The CVE-2025-58364 that affected cups-core-drivers was solved due to an update in the agent or feed.,3,1,1,0
safesoc-lnx-01,23502,The CVE-2025-58436 that affected cups-core-drivers was solved due to an update in the agent or feed.,3,1,1,0
safesoc-lnx-01,23502,The CVE-2025-58060 that affected cups-core-drivers was solved due to an update in the agent or feed.,3,1,1,0
safesoc-lnx-01,23502,The CVE-2025-61915 that affected cups-daemon was solved due to an update in the agent or feed.,3,1,1,0
safesoc-lnx-01,23502,The CVE-2026-41079 that affected cups-daemon was solved due to an update in the agent or feed.,3,1,1,0
safesoc-lnx-01,23502,The CVE-2025-58364 that affected cups-daemon was solved due to an update in the agent or feed.,3,1,1,0
safesoc-lnx-01,23502,The CVE-2025-58436 that affected cups-daemon was solved due to an update in the agent or feed.,3,1,1,0
safesoc-lnx-01,23502,The CVE-2025-58060 that affected cups-daemon was solved due to an update in the agent or feed.,3,1,1,0
safesoc-lnx-01,23502,The CVE-2025-64524 that affected cups-filters was solved due to an update in the agent or feed.,3,1,1,0
safesoc-lnx-01,23502,The CVE-2025-64524 that affected cups-filters-core-drivers was solved due to an update in the agent or feed.,3,1,1,0
safesoc-lnx-01,23502,The CVE-2025-61915 that affected cups-ipp-utils was solved due to an update in the agent or feed.,3,1,1,0
safesoc-lnx-01,23502,The CVE-2026-41079 that affected cups-ipp-utils was solved due to an update in the agent or feed.,3,1,1,0
safesoc-lnx-01,23502,The CVE-2025-58364 that affected cups-ipp-utils was solved due to an update in the agent or feed.,3,1,1,0
safesoc-lnx-01,23502,The CVE-2025-58436 that affected cups-ipp-utils was solved due to an update in the agent or feed.,3,1,1,0
safesoc-lnx-01,23502,The CVE-2025-58060 that affected cups-ipp-utils was solved due to an update in the agent or feed.,3,1,1,0
safesoc-lnx-01,23502,The CVE-2025-61915 that affected cups-ppdc was solved due to an update in the agent or feed.,3,1,1,0
safesoc-lnx-01,23502,The CVE-2026-41079 that affected cups-ppdc was solved due to an update in the agent or feed.,3,1,1,0
safesoc-lnx-01,23502,The CVE-2025-58364 that affected cups-ppdc was solved due to an update in the agent or feed.,3,1,1,0
safesoc-lnx-01,23502,The CVE-2025-58436 that affected cups-ppdc was solved due to an update in the agent or feed.,3,1,1,0
safesoc-lnx-01,23502,The CVE-2025-58060 that affected cups-ppdc was solved due to an update in the agent or feed.,3,1,1,0
safesoc-lnx-01,23502,The CVE-2025-61915 that affected cups-server-common was solved due to an update in the agent or feed.,3,1,1,0
safesoc-lnx-01,23502,The CVE-2026-41079 that affected cups-server-common was solved due to an update in the agent or feed.,3,1,1,0
safesoc-lnx-01,23502,The CVE-2025-58364 that affected cups-server-common was solved due to an update in the agent or feed.,3,1,1,0
safesoc-lnx-01,23502,The CVE-2025-58436 that affected cups-server-common was solved due to an update in the agent or feed.,3,1,1,0
safesoc-lnx-01,23502,The CVE-2025-58060 that affected cups-server-common was solved due to an update in the agent or feed.,3,1,1,0
safesoc-lnx-01,23502,The CVE-2025-68973 that affected dirmngr was solved due to an update in the agent or feed.,3,1,1,0
safesoc-lnx-01,23502,The CVE-2025-12198 that affected dnsmasq-base was solved due to an update in the agent or feed.,3,1,1,0
safesoc-lnx-01,23502,The CVE-2025-12199 that affected dnsmasq-base was solved due to an update in the agent or feed.,3,1,1,0
safesoc-lnx-01,23502,The CVE-2025-12200 that affected dnsmasq-base was solved due to an update in the agent or feed.,3,1,1,0
safesoc-lnx-01,23502,The CVE-2026-2219 that affected dpkg was solved due to an update in the agent or feed.,3,1,1,0
safesoc-lnx-01,23502,The CVE-2025-6297 that affected dpkg was solved due to an update in the agent or feed.,3,1,1,0
safesoc-lnx-01,23502,The CVE-2026-27456 that affected eject was solved due to an update in the agent or feed.,3,1,1,0
safesoc-lnx-01,23502,The CVE-2026-2604 that affected evolution-data-server was solved due to an update in the agent or feed.,3,1,1,0
safesoc-lnx-01,23502,The CVE-2026-2604 that affected evolution-data-server-common was solved due to an update in the agent or feed.,3,1,1,0
safesoc-lnx-01,23502,The CVE-2026-27456 that affected fdisk was solved due to an update in the agent or feed.,3,1,1,0
safesoc-lnx-01,23502,The CVE-2025-59799 that affected ghostscript was solved due to an update in the agent or feed.,3,1,1,0
safesoc-lnx-01,23502,The CVE-2025-59800 that affected ghostscript was solved due to an update in the agent or feed.,3,1,1,0
safesoc-lnx-01,23502,The CVE-2025-7462 that affected ghostscript was solved due to an update in the agent or feed.,3,1,1,0
safesoc-lnx-01,23502,The CVE-2025-59798 that affected ghostscript was solved due to an update in the agent or feed.,3,1,1,0
safesoc-lnx-01,23502,The CVE-2026-5201 that affected gir1.2-gdkpixbuf-2.0 was solved due to an update in the agent or feed.,3,1,1,0
safesoc-lnx-01,23502,The CVE-2026-0988 that affected gir1.2-glib-2.0 was solved due to an update in the agent or feed.,3,1,1,0
safesoc-lnx-01,23502,The CVE-2025-14087 that affected gir1.2-glib-2.0 was solved due to an update in the agent or feed.,3,1,1,0
safesoc-lnx-01,23502,The CVE-2025-13601 that affected gir1.2-glib-2.0 was solved due to an update in the agent or feed.,3,1,1,0
safesoc-lnx-01,23502,The CVE-2026-1484 that affected gir1.2-glib-2.0 was solved due to an update in the agent or feed.,3,1,1,0
safesoc-lnx-01,23502,The CVE-2026-1489 that affected gir1.2-glib-2.0 was solved due to an update in the agent or feed.,3,1,1,0
safesoc-lnx-01,23502,The CVE-2025-14512 that affected gir1.2-glib-2.0 was solved due to an update in the agent or feed.,3,1,1,0
safesoc-lnx-01,23502,The CVE-2025-6052 that affected gir1.2-glib-2.0 was solved due to an update in the agent or feed.,3,1,1,0
safesoc-lnx-01,23502,The CVE-2025-7039 that affected gir1.2-glib-2.0 was solved due to an update in the agent or feed.,3,1,1,0
safesoc-lnx-01,23502,The CVE-2025-3360 that affected gir1.2-glib-2.0 was solved due to an update in the agent or feed.,3,1,1,0
safesoc-lnx-01,23502,The CVE-2026-1485 that affected gir1.2-glib-2.0 was solved due to an update in the agent or feed.,3,1,1,0
safesoc-lnx-01,23502,The CVE-2025-43441 that affected gir1.2-javascriptcoregtk-4.1 was solved due to an update in the agent or feed.,3,1,1,0
safesoc-lnx-01,23502,The CVE-2025-43272 that affected gir1.2-javascriptcoregtk-4.1 was solved due to an update in the agent or feed.,3,1,1,0
safesoc-lnx-01,23502,The CVE-2025-31223 that affected gir1.2-javascriptcoregtk-4.1 was solved due to an update in the agent or feed.,3,1,1,0
safesoc-lnx-01,23502,The CVE-2025-43431 that affected gir1.2-javascriptcoregtk-4.1 was solved due to an update in the agent or feed.,3,1,1,0
safesoc-lnx-01,23502,The CVE-2025-43429 that affected gir1.2-javascriptcoregtk-4.1 was solved due to an update in the agent or feed.,3,1,1,0
safesoc-lnx-01,23502,The CVE-2026-20644 that affected gir1.2-javascriptcoregtk-4.1 was solved due to an update in the agent or feed.,3,1,1,0
safesoc-lnx-01,23502,The CVE-2025-43427 that affected gir1.2-javascriptcoregtk-4.1 was solved due to an update in the agent or feed.,3,1,1,0
safesoc-lnx-01,23502,The CVE-2025-43421 that affected gir1.2-javascriptcoregtk-4.1 was solved due to an update in the agent or feed.,3,1,1,0
safesoc-lnx-01,23502,The CVE-2025-43536 that affected gir1.2-javascriptcoregtk-4.1 was solved due to an update in the agent or feed.,3,1,1,0
safesoc-lnx-01,23502,The CVE-2025-31278 that affected gir1.2-javascriptcoregtk-4.1 was solved due to an update in the agent or feed.,3,1,1,0
safesoc-lnx-01,23502,The CVE-2025-31277 that affected gir1.2-javascriptcoregtk-4.1 was solved due to an update in the agent or feed.,3,1,1,0
safesoc-lnx-01,23502,The CVE-2025-43228 that affected gir1.2-javascriptcoregtk-4.1 was solved due to an update in the agent or feed.,3,1,1,0
safesoc-lnx-01,23502,The CVE-2025-43368 that affected gir1.2-javascriptcoregtk-4.1 was solved due to an update in the agent or feed.,3,1,1,0
safesoc-lnx-01,23502,The CVE-2026-20643 that affected gir1.2-javascriptcoregtk-4.1 was solved due to an update in the agent or feed.,3,1,1,0
safesoc-lnx-01,23502,The CVE-2025-43433 that affected gir1.2-javascriptcoregtk-4.1 was solved due to an update in the agent or feed.,3,1,1,0
safesoc-lnx-01,23502,The CVE-2025-43541 that affected gir1.2-javascriptcoregtk-4.1 was solved due to an update in the agent or feed.,3,1,1,0
safesoc-lnx-01,23502,The CVE-2025-6558 that affected gir1.2-javascriptcoregtk-4.1 was solved due to an update in the agent or feed.,3,1,1,0
safesoc-lnx-01,23502,The CVE-2026-20608 that affected gir1.2-javascriptcoregtk-4.1 was solved due to an update in the agent or feed.,3,1,1,0
safesoc-lnx-01,23502,The CVE-2025-43211 that affected gir1.2-javascriptcoregtk-4.1 was solved due to an update in the agent or feed.,3,1,1,0
safesoc-lnx-01,23502,The CVE-2025-66286 that affected gir1.2-javascriptcoregtk-4.1 was solved due to an update in the agent or feed.,3,1,1,0
safesoc-lnx-01,23502,The CVE-2025-13502 that affected gir1.2-javascriptcoregtk-4.1 was solved due to an update in the agent or feed.,3,1,1,0
safesoc-lnx-01,23502,The CVE-2025-43440 that affected gir1.2-javascriptcoregtk-4.1 was solved due to an update in the agent or feed.,3,1,1,0
safesoc-lnx-01,23502,The CVE-2025-43265 that affected gir1.2-javascriptcoregtk-4.1 was solved due to an update in the agent or feed.,3,1,1,0
safesoc-lnx-01,23502,The CVE-2025-43343 that affected gir1.2-javascriptcoregtk-4.1 was solved due to an update in the agent or feed.,3,1,1,0
safesoc-lnx-01,23502,The CVE-2025-46299 that affected gir1.2-javascriptcoregtk-4.1 was solved due to an update in the agent or feed.,3,1,1,0
safesoc-lnx-01,23502,The CVE-2025-43531 that affected gir1.2-javascriptcoregtk-4.1 was solved due to an update in the agent or feed.,3,1,1,0
safesoc-lnx-01,23502,The CVE-2025-43443 that affected gir1.2-javascriptcoregtk-4.1 was solved due to an update in the agent or feed.,3,1,1,0
safesoc-lnx-01,23502,The CVE-2025-43240 that affected gir1.2-javascriptcoregtk-4.1 was solved due to an update in the agent or feed.,3,1,1,0
safesoc-lnx-01,23502,The CVE-2025-43212 that affected gir1.2-javascriptcoregtk-4.1 was solved due to an update in the agent or feed.,3,1,1,0
safesoc-lnx-01,23502,The CVE-2025-43501 that affected gir1.2-javascriptcoregtk-4.1 was solved due to an update in the agent or feed.,3,1,1,0
safesoc-lnx-01,23502,The CVE-2025-43432 that affected gir1.2-javascriptcoregtk-4.1 was solved due to an update in the agent or feed.,3,1,1,0
safesoc-lnx-01,23502,The CVE-2025-43535 that affected gir1.2-javascriptcoregtk-4.1 was solved due to an update in the agent or feed.,3,1,1,0
safesoc-lnx-01,23502,The CVE-2025-43457 that affected gir1.2-javascriptcoregtk-4.1 was solved due to an update in the agent or feed.,3,1,1,0
safesoc-lnx-01,23502,The CVE-2025-43458 that affected gir1.2-javascriptcoregtk-4.1 was solved due to an update in the agent or feed.,3,1,1,0
safesoc-lnx-01,23502,The CVE-2026-28871 that affected gir1.2-javascriptcoregtk-4.1 was solved due to an update in the agent or feed.,3,1,1,0
safesoc-lnx-01,23502,The CVE-2025-43438 that affected gir1.2-javascriptcoregtk-4.1 was solved due to an update in the agent or feed.,3,1,1,0
safesoc-lnx-01,23502,The CVE-2025-66287 that affected gir1.2-javascriptcoregtk-4.1 was solved due to an update in the agent or feed.,3,1,1,0
safesoc-lnx-01,23502,The CVE-2026-28861 that affected gir1.2-javascriptcoregtk-4.1 was solved due to an update in the agent or feed.,3,1,1,0
safesoc-lnx-01,23502,The CVE-2026-20691 that affected gir1.2-javascriptcoregtk-4.1 was solved due to an update in the agent or feed.,3,1,1,0
safesoc-lnx-01,23502,The CVE-2026-20664 that affected gir1.2-javascriptcoregtk-4.1 was solved due to an update in the agent or feed.,3,1,1,0
safesoc-lnx-01,23502,The CVE-2025-43511 that affected gir1.2-javascriptcoregtk-4.1 was solved due to an update in the agent or feed.,3,1,1,0
safesoc-lnx-01,23502,The CVE-2025-43216 that affected gir1.2-javascriptcoregtk-4.1 was solved due to an update in the agent or feed.,3,1,1,0
safesoc-lnx-01,23502,The CVE-2025-43227 that affected gir1.2-javascriptcoregtk-4.1 was solved due to an update in the agent or feed.,3,1,1,0
safesoc-lnx-01,23502,The CVE-2026-20665 that affected gir1.2-javascriptcoregtk-4.1 was solved due to an update in the agent or feed.,3,1,1,0
safesoc-lnx-01,23502,The CVE-2025-31273 that affected gir1.2-javascriptcoregtk-4.1 was solved due to an update in the agent or feed.,3,1,1,0
safesoc-lnx-01,23502,The CVE-2025-13947 that affected gir1.2-javascriptcoregtk-4.1 was solved due to an update in the agent or feed.,3,1,1,0
safesoc-lnx-01,23502,The CVE-2025-43214 that affected gir1.2-javascriptcoregtk-4.1 was solved due to an update in the agent or feed.,3,1,1,0
safesoc-lnx-01,23502,The CVE-2026-28857 that affected gir1.2-javascriptcoregtk-4.1 was solved due to an update in the agent or feed.,3,1,1,0
safesoc-lnx-01,23502,The CVE-2025-43356 that affected gir1.2-javascriptcoregtk-4.1 was solved due to an update in the agent or feed.,3,1,1,0
safesoc-lnx-01,23502,The CVE-2025-43434 that affected gir1.2-javascriptcoregtk-4.1 was solved due to an update in the agent or feed.,3,1,1,0
safesoc-lnx-01,23502,The CVE-2026-20652 that affected gir1.2-javascriptcoregtk-4.1 was solved due to an update in the agent or feed.,3,1,1,0
safesoc-lnx-01,23502,The CVE-2025-43430 that affected gir1.2-javascriptcoregtk-4.1 was solved due to an update in the agent or feed.,3,1,1,0
safesoc-lnx-01,23502,The CVE-2026-20676 that affected gir1.2-javascriptcoregtk-4.1 was solved due to an update in the agent or feed.,3,1,1,0
safesoc-lnx-01,23502,The CVE-2025-43342 that affected gir1.2-javascriptcoregtk-4.1 was solved due to an update in the agent or feed.,3,1,1,0
safesoc-lnx-01,23502,The CVE-2026-28859 that affected gir1.2-javascriptcoregtk-4.1 was solved due to an update in the agent or feed.,3,1,1,0
safesoc-lnx-01,23502,The CVE-2026-20635 that affected gir1.2-javascriptcoregtk-4.1 was solved due to an update in the agent or feed.,3,1,1,0
safesoc-lnx-01,23502,The CVE-2025-43213 that affected gir1.2-javascriptcoregtk-4.1 was solved due to an update in the agent or feed.,3,1,1,0
safesoc-lnx-01,23502,The CVE-2026-20636 that affected gir1.2-javascriptcoregtk-4.1 was solved due to an update in the agent or feed.,3,1,1,0
safesoc-lnx-01,23502,The CVE-2025-43392 that affected gir1.2-javascriptcoregtk-4.1 was solved due to an update in the agent or feed.,3,1,1,0
safesoc-lnx-01,23502,The CVE-2025-14174 that affected gir1.2-javascriptcoregtk-4.1 was solved due to an update in the agent or feed.,3,1,1,0
safesoc-lnx-01,23502,The CVE-2025-43529 that affected gir1.2-javascriptcoregtk-4.1 was solved due to an update in the agent or feed.,3,1,1,0
safesoc-lnx-01,23502,The CVE-2025-43425 that affected gir1.2-javascriptcoregtk-4.1 was solved due to an update in the agent or feed.,3,1,1,0
safesoc-lnx-01,23502,The CVE-2025-43419 that affected gir1.2-javascriptcoregtk-4.1 was solved due to an update in the agent or feed.,3,1,1,0
safesoc-lnx-01,23502,The CVE-2025-43441 that affected gir1.2-javascriptcoregtk-6.0 was solved due to an update in the agent or feed.,3,1,1,0
safesoc-lnx-01,23502,The CVE-2025-43272 that affected gir1.2-javascriptcoregtk-6.0 was solved due to an update in the agent or feed.,3,1,1,0
safesoc-lnx-01,23502,The CVE-2025-31223 that affected gir1.2-javascriptcoregtk-6.0 was solved due to an update in the agent or feed.,3,1,1,0
safesoc-lnx-01,23502,The CVE-2025-43431 that affected gir1.2-javascriptcoregtk-6.0 was solved due to an update in the agent or feed.,3,1,1,0
safesoc-lnx-01,23502,The CVE-2025-43429 that affected gir1.2-javascriptcoregtk-6.0 was solved due to an update in the agent or feed.,3,1,1,0
safesoc-lnx-01,23502,The CVE-2026-20644 that affected gir1.2-javascriptcoregtk-6.0 was solved due to an update in the agent or feed.,3,1,1,0
safesoc-lnx-01,23502,The CVE-2025-43427 that affected gir1.2-javascriptcoregtk-6.0 was solved due to an update in the agent or feed.,3,1,1,0
safesoc-lnx-01,23502,The CVE-2025-43421 that affected gir1.2-javascriptcoregtk-6.0 was solved due to an update in the agent or feed.,3,1,1,0
safesoc-lnx-01,23502,The CVE-2025-43536 that affected gir1.2-javascriptcoregtk-6.0 was solved due to an update in the agent or feed.,3,1,1,0
safesoc-lnx-01,23502,The CVE-2025-31278 that affected gir1.2-javascriptcoregtk-6.0 was solved due to an update in the agent or feed.,3,1,1,0
safesoc-lnx-01,23502,The CVE-2025-31277 that affected gir1.2-javascriptcoregtk-6.0 was solved due to an update in the agent or feed.,3,1,1,0
safesoc-lnx-01,23502,The CVE-2025-43228 that affected gir1.2-javascriptcoregtk-6.0 was solved due to an update in the agent or feed.,3,1,1,0
safesoc-lnx-01,23502,The CVE-2025-43368 that affected gir1.2-javascriptcoregtk-6.0 was solved due to an update in the agent or feed.,3,1,1,0
safesoc-lnx-01,23502,The CVE-2026-20643 that affected gir1.2-javascriptcoregtk-6.0 was solved due to an update in the agent or feed.,3,1,1,0
safesoc-lnx-01,23502,The CVE-2025-43433 that affected gir1.2-javascriptcoregtk-6.0 was solved due to an update in the agent or feed.,3,1,1,0
safesoc-lnx-01,23502,The CVE-2025-43541 that affected gir1.2-javascriptcoregtk-6.0 was solved due to an update in the agent or feed.,3,1,1,0
safesoc-lnx-01,23502,The CVE-2025-6558 that affected gir1.2-javascriptcoregtk-6.0 was solved due to an update in the agent or feed.,3,1,1,0
safesoc-lnx-01,23502,The CVE-2026-20608 that affected gir1.2-javascriptcoregtk-6.0 was solved due to an update in the agent or feed.,3,1,1,0
safesoc-lnx-01,23502,The CVE-2025-43211 that affected gir1.2-javascriptcoregtk-6.0 was solved due to an update in the agent or feed.,3,1,1,0
safesoc-lnx-01,23502,The CVE-2025-66286 that affected gir1.2-javascriptcoregtk-6.0 was solved due to an update in the agent or feed.,3,1,1,0
safesoc-lnx-01,23502,The CVE-2025-13502 that affected gir1.2-javascriptcoregtk-6.0 was solved due to an update in the agent or feed.,3,1,1,0
safesoc-lnx-01,23502,The CVE-2025-43440 that affected gir1.2-javascriptcoregtk-6.0 was solved due to an update in the agent or feed.,3,1,1,0
safesoc-lnx-01,23502,The CVE-2025-43265 that affected gir1.2-javascriptcoregtk-6.0 was solved due to an update in the agent or feed.,3,1,1,0
safesoc-lnx-01,23502,The CVE-2025-43343 that affected gir1.2-javascriptcoregtk-6.0 was solved due to an update in the agent or feed.,3,1,1,0
safesoc-lnx-01,23502,The CVE-2025-46299 that affected gir1.2-javascriptcoregtk-6.0 was solved due to an update in the agent or feed.,3,1,1,0
safesoc-lnx-01,23502,The CVE-2025-43531 that affected gir1.2-javascriptcoregtk-6.0 was solved due to an update in the agent or feed.,3,1,1,0
safesoc-lnx-01,23502,The CVE-2025-43443 that affected gir1.2-javascriptcoregtk-6.0 was solved due to an update in the agent or feed.,3,1,1,0
safesoc-lnx-01,23502,The CVE-2025-43240 that affected gir1.2-javascriptcoregtk-6.0 was solved due to an update in the agent or feed.,3,1,1,0
safesoc-lnx-01,23502,The CVE-2025-43212 that affected gir1.2-javascriptcoregtk-6.0 was solved due to an update in the agent or feed.,3,1,1,0
safesoc-lnx-01,23502,The CVE-2025-43501 that affected gir1.2-javascriptcoregtk-6.0 was solved due to an update in the agent or feed.,3,1,1,0
safesoc-lnx-01,23502,The CVE-2025-43432 that affected gir1.2-javascriptcoregtk-6.0 was solved due to an update in the agent or feed.,3,1,1,0
safesoc-lnx-01,23502,The CVE-2025-43535 that affected gir1.2-javascriptcoregtk-6.0 was solved due to an update in the agent or feed.,3,1,1,0
safesoc-lnx-01,23502,The CVE-2025-43457 that affected gir1.2-javascriptcoregtk-6.0 was solved due to an update in the agent or feed.,3,1,1,0
safesoc-lnx-01,23502,The CVE-2025-43458 that affected gir1.2-javascriptcoregtk-6.0 was solved due to an update in the agent or feed.,3,1,1,0
safesoc-lnx-01,23502,The CVE-2026-28871 that affected gir1.2-javascriptcoregtk-6.0 was solved due to an update in the agent or feed.,3,1,1,0
safesoc-lnx-01,23502,The CVE-2025-43438 that affected gir1.2-javascriptcoregtk-6.0 was solved due to an update in the agent or feed.,3,1,1,0
safesoc-lnx-01,23502,The CVE-2025-66287 that affected gir1.2-javascriptcoregtk-6.0 was solved due to an update in the agent or feed.,3,1,1,0
safesoc-lnx-01,23502,The CVE-2026-28861 that affected gir1.2-javascriptcoregtk-6.0 was solved due to an update in the agent or feed.,3,1,1,0
safesoc-lnx-01,23502,The CVE-2026-20691 that affected gir1.2-javascriptcoregtk-6.0 was solved due to an update in the agent or feed.,3,1,1,0
safesoc-lnx-01,23502,The CVE-2026-20664 that affected gir1.2-javascriptcoregtk-6.0 was solved due to an update in the agent or feed.,3,1,1,0
safesoc-lnx-01,23502,The CVE-2025-43511 that affected gir1.2-javascriptcoregtk-6.0 was solved due to an update in the agent or feed.,3,1,1,0
safesoc-lnx-01,23502,The CVE-2025-43216 that affected gir1.2-javascriptcoregtk-6.0 was solved due to an update in the agent or feed.,3,1,1,0
safesoc-lnx-01,23502,The CVE-2025-43227 that affected gir1.2-javascriptcoregtk-6.0 was solved due to an update in the agent or feed.,3,1,1,0
safesoc-lnx-01,23502,The CVE-2026-20665 that affected gir1.2-javascriptcoregtk-6.0 was solved due to an update in the agent or feed.,3,1,1,0
safesoc-lnx-01,23502,The CVE-2025-31273 that affected gir1.2-javascriptcoregtk-6.0 was solved due to an update in the agent or feed.,3,1,1,0
safesoc-lnx-01,23502,The CVE-2025-13947 that affected gir1.2-javascriptcoregtk-6.0 was solved due to an update in the agent or feed.,3,1,1,0
safesoc-lnx-01,23502,The CVE-2025-43214 that affected gir1.2-javascriptcoregtk-6.0 was solved due to an update in the agent or feed.,3,1,1,0
safesoc-lnx-01,23502,The CVE-2026-28857 that affected gir1.2-javascriptcoregtk-6.0 was solved due to an update in the agent or feed.,3,1,1,0
safesoc-lnx-01,23502,The CVE-2025-43356 that affected gir1.2-javascriptcoregtk-6.0 was solved due to an update in the agent or feed.,3,1,1,0
safesoc-lnx-01,23502,The CVE-2025-43434 that affected gir1.2-javascriptcoregtk-6.0 was solved due to an update in the agent or feed.,3,1,1,0
safesoc-lnx-01,23502,The CVE-2026-20652 that affected gir1.2-javascriptcoregtk-6.0 was solved due to an update in the agent or feed.,3,1,1,0
safesoc-lnx-01,23502,The CVE-2025-43430 that affected gir1.2-javascriptcoregtk-6.0 was solved due to an update in the agent or feed.,3,1,1,0
safesoc-lnx-01,23502,The CVE-2026-20676 that affected gir1.2-javascriptcoregtk-6.0 was solved due to an update in the agent or feed.,3,1,1,0
safesoc-lnx-01,23502,The CVE-2025-43342 that affected gir1.2-javascriptcoregtk-6.0 was solved due to an update in the agent or feed.,3,1,1,0
safesoc-lnx-01,23502,The CVE-2026-28859 that affected gir1.2-javascriptcoregtk-6.0 was solved due to an update in the agent or feed.,3,1,1,0
safesoc-lnx-01,23502,The CVE-2026-20635 that affected gir1.2-javascriptcoregtk-6.0 was solved due to an update in the agent or feed.,3,1,1,0
safesoc-lnx-01,23502,The CVE-2025-43213 that affected gir1.2-javascriptcoregtk-6.0 was solved due to an update in the agent or feed.,3,1,1,0
safesoc-lnx-01,23502,The CVE-2026-20636 that affected gir1.2-javascriptcoregtk-6.0 was solved due to an update in the agent or feed.,3,1,1,0
safesoc-lnx-01,23502,The CVE-2025-43392 that affected gir1.2-javascriptcoregtk-6.0 was solved due to an update in the agent or feed.,3,1,1,0
safesoc-lnx-01,23502,The CVE-2025-14174 that affected gir1.2-javascriptcoregtk-6.0 was solved due to an update in the agent or feed.,3,1,1,0
safesoc-lnx-01,23502,The CVE-2025-43529 that affected gir1.2-javascriptcoregtk-6.0 was solved due to an update in the agent or feed.,3,1,1,0
safesoc-lnx-01,23502,The CVE-2025-43425 that affected gir1.2-javascriptcoregtk-6.0 was solved due to an update in the agent or feed.,3,1,1,0
safesoc-lnx-01,23502,The CVE-2025-43419 that affected gir1.2-javascriptcoregtk-6.0 was solved due to an update in the agent or feed.,3,1,1,0
safesoc-lnx-01,23502,The CVE-2022-0987 that affected gir1.2-packagekitglib-1.0 was solved due to an update in the agent or feed.,3,1,1,0
safesoc-lnx-01,23502,The CVE-2024-0217 that affected gir1.2-packagekitglib-1.0 was solved due to an update in the agent or feed.,3,1,1,0
safesoc-lnx-01,23502,The CVE-2026-41651 that affected gir1.2-packagekitglib-1.0 was solved due to an update in the agent or feed.,3,1,1,0
safesoc-lnx-01,23502,The CVE-2016-2568 that affected gir1.2-polkit-1.0 was solved due to an update in the agent or feed.,3,1,1,0
safesoc-lnx-01,23502,The CVE-2025-7519 that affected gir1.2-polkit-1.0 was solved due to an update in the agent or feed.,3,1,1,0
safesoc-lnx-01,23502,The CVE-2026-4897 that affected gir1.2-polkit-1.0 was solved due to an update in the agent or feed.,3,1,1,0
safesoc-lnx-01,23502,The CVE-2026-1467 that affected gir1.2-soup-3.0 was solved due to an update in the agent or feed.,3,1,1,0
safesoc-lnx-01,23502,The CVE-2026-0719 that affected gir1.2-soup-3.0 was solved due to an update in the agent or feed.,3,1,1,0
safesoc-lnx-01,23502,The CVE-2026-3099 that affected gir1.2-soup-3.0 was solved due to an update in the agent or feed.,3,1,1,0
safesoc-lnx-01,23502,The CVE-2025-12105 that affected gir1.2-soup-3.0 was solved due to an update in the agent or feed.,3,1,1,0
safesoc-lnx-01,23502,The CVE-2026-3633 that affected gir1.2-soup-3.0 was solved due to an update in the agent or feed.,3,1,1,0
safesoc-lnx-01,23502,The CVE-2026-0716 that affected gir1.2-soup-3.0 was solved due to an update in the agent or feed.,3,1,1,0
safesoc-lnx-01,23502,The CVE-2025-4035 that affected gir1.2-soup-3.0 was solved due to an update in the agent or feed.,3,1,1,0
safesoc-lnx-01,23502,The CVE-2026-1539 that affected gir1.2-soup-3.0 was solved due to an update in the agent or feed.,3,1,1,0
safesoc-lnx-01,23502,The CVE-2025-9901 that affected gir1.2-soup-3.0 was solved due to an update in the agent or feed.,3,1,1,0
safesoc-lnx-01,23502,The CVE-2026-1536 that affected gir1.2-soup-3.0 was solved due to an update in the agent or feed.,3,1,1,0
safesoc-lnx-01,23502,The CVE-2026-3632 that affected gir1.2-soup-3.0 was solved due to an update in the agent or feed.,3,1,1,0
safesoc-lnx-01,23502,The CVE-2025-32049 that affected gir1.2-soup-3.0 was solved due to an update in the agent or feed.,3,1,1,0
safesoc-lnx-01,23502,The CVE-2026-3634 that affected gir1.2-soup-3.0 was solved due to an update in the agent or feed.,3,1,1,0
safesoc-lnx-01,23502,The CVE-2025-14523 that affected gir1.2-soup-3.0 was solved due to an update in the agent or feed.,3,1,1,0
safesoc-lnx-01,23502,The CVE-2025-43441 that affected gir1.2-webkit-6.0 was solved due to an update in the agent or feed.,3,1,1,0
safesoc-lnx-01,23502,The CVE-2025-43272 that affected gir1.2-webkit-6.0 was solved due to an update in the agent or feed.,3,1,1,0
safesoc-lnx-01,23502,The CVE-2025-31223 that affected gir1.2-webkit-6.0 was solved due to an update in the agent or feed.,3,1,1,0
safesoc-lnx-01,23502,The CVE-2025-43431 that affected gir1.2-webkit-6.0 was solved due to an update in the agent or feed.,3,1,1,0
safesoc-lnx-01,23502,The CVE-2025-43429 that affected gir1.2-webkit-6.0 was solved due to an update in the agent or feed.,3,1,1,0
safesoc-lnx-01,23502,The CVE-2026-20644 that affected gir1.2-webkit-6.0 was solved due to an update in the agent or feed.,3,1,1,0
safesoc-lnx-01,23502,The CVE-2025-43427 that affected gir1.2-webkit-6.0 was solved due to an update in the agent or feed.,3,1,1,0
safesoc-lnx-01,23502,The CVE-2025-43421 that affected gir1.2-webkit-6.0 was solved due to an update in the agent or feed.,3,1,1,0
safesoc-lnx-01,23502,The CVE-2025-43536 that affected gir1.2-webkit-6.0 was solved due to an update in the agent or feed.,3,1,1,0
safesoc-lnx-01,23502,The CVE-2025-31278 that affected gir1.2-webkit-6.0 was solved due to an update in the agent or feed.,3,1,1,0
safesoc-lnx-01,23502,The CVE-2025-31277 that affected gir1.2-webkit-6.0 was solved due to an update in the agent or feed.,3,1,1,0
safesoc-lnx-01,23502,The CVE-2025-43228 that affected gir1.2-webkit-6.0 was solved due to an update in the agent or feed.,3,1,1,0
safesoc-lnx-01,23502,The CVE-2025-43368 that affected gir1.2-webkit-6.0 was solved due to an update in the agent or feed.,3,1,1,0
safesoc-lnx-01,23502,The CVE-2026-20643 that affected gir1.2-webkit-6.0 was solved due to an update in the agent or feed.,3,1,1,0
safesoc-lnx-01,23502,The CVE-2025-43433 that affected gir1.2-webkit-6.0 was solved due to an update in the agent or feed.,3,1,1,0
safesoc-lnx-01,23502,The CVE-2025-43541 that affected gir1.2-webkit-6.0 was solved due to an update in the agent or feed.,3,1,1,0
safesoc-lnx-01,23502,The CVE-2025-6558 that affected gir1.2-webkit-6.0 was solved due to an update in the agent or feed.,3,1,1,0
safesoc-lnx-01,23502,The CVE-2026-20608 that affected gir1.2-webkit-6.0 was solved due to an update in the agent or feed.,3,1,1,0
safesoc-lnx-01,23502,The CVE-2025-43211 that affected gir1.2-webkit-6.0 was solved due to an update in the agent or feed.,3,1,1,0
safesoc-lnx-01,23502,The CVE-2025-66286 that affected gir1.2-webkit-6.0 was solved due to an update in the agent or feed.,3,1,1,0
safesoc-lnx-01,23502,The CVE-2025-13502 that affected gir1.2-webkit-6.0 was solved due to an update in the agent or feed.,3,1,1,0
safesoc-lnx-01,23502,The CVE-2025-43440 that affected gir1.2-webkit-6.0 was solved due to an update in the agent or feed.,3,1,1,0
safesoc-lnx-01,23502,The CVE-2025-43265 that affected gir1.2-webkit-6.0 was solved due to an update in the agent or feed.,3,1,1,0
safesoc-lnx-01,23502,The CVE-2025-43343 that affected gir1.2-webkit-6.0 was solved due to an update in the agent or feed.,3,1,1,0
safesoc-lnx-01,23502,The CVE-2025-46299 that affected gir1.2-webkit-6.0 was solved due to an update in the agent or feed.,3,1,1,0
safesoc-lnx-01,23502,The CVE-2025-43531 that affected gir1.2-webkit-6.0 was solved due to an update in the agent or feed.,3,1,1,0
safesoc-lnx-01,23502,The CVE-2025-43443 that affected gir1.2-webkit-6.0 was solved due to an update in the agent or feed.,3,1,1,0
safesoc-lnx-01,23502,The CVE-2025-43240 that affected gir1.2-webkit-6.0 was solved due to an update in the agent or feed.,3,1,1,0
safesoc-lnx-01,23502,The CVE-2025-43212 that affected gir1.2-webkit-6.0 was solved due to an update in the agent or feed.,3,1,1,0
safesoc-lnx-01,23502,The CVE-2025-43501 that affected gir1.2-webkit-6.0 was solved due to an update in the agent or feed.,3,1,1,0
safesoc-lnx-01,23502,The CVE-2025-43432 that affected gir1.2-webkit-6.0 was solved due to an update in the agent or feed.,3,1,1,0
safesoc-lnx-01,23502,The CVE-2025-43535 that affected gir1.2-webkit-6.0 was solved due to an update in the agent or feed.,3,1,1,0
safesoc-lnx-01,23502,The CVE-2025-43457 that affected gir1.2-webkit-6.0 was solved due to an update in the agent or feed.,3,1,1,0
safesoc-lnx-01,23502,The CVE-2025-43458 that affected gir1.2-webkit-6.0 was solved due to an update in the agent or feed.,3,1,1,0
safesoc-lnx-01,23502,The CVE-2026-28871 that affected gir1.2-webkit-6.0 was solved due to an update in the agent or feed.,3,1,1,0
safesoc-lnx-01,23502,The CVE-2025-43438 that affected gir1.2-webkit-6.0 was solved due to an update in the agent or feed.,3,1,1,0
safesoc-lnx-01,23502,The CVE-2025-66287 that affected gir1.2-webkit-6.0 was solved due to an update in the agent or feed.,3,1,1,0
safesoc-lnx-01,23502,The CVE-2026-28861 that affected gir1.2-webkit-6.0 was solved due to an update in the agent or feed.,3,1,1,0
safesoc-lnx-01,23502,The CVE-2026-20691 that affected gir1.2-webkit-6.0 was solved due to an update in the agent or feed.,3,1,1,0
safesoc-lnx-01,23502,The CVE-2026-20664 that affected gir1.2-webkit-6.0 was solved due to an update in the agent or feed.,3,1,1,0
safesoc-lnx-01,23502,The CVE-2025-43511 that affected gir1.2-webkit-6.0 was solved due to an update in the agent or feed.,3,1,1,0
safesoc-lnx-01,23502,The CVE-2025-43216 that affected gir1.2-webkit-6.0 was solved due to an update in the agent or feed.,3,1,1,0
safesoc-lnx-01,23502,The CVE-2025-43227 that affected gir1.2-webkit-6.0 was solved due to an update in the agent or feed.,3,1,1,0
safesoc-lnx-01,23502,The CVE-2026-20665 that affected gir1.2-webkit-6.0 was solved due to an update in the agent or feed.,3,1,1,0
safesoc-lnx-01,23502,The CVE-2025-31273 that affected gir1.2-webkit-6.0 was solved due to an update in the agent or feed.,3,1,1,0
safesoc-lnx-01,23502,The CVE-2025-13947 that affected gir1.2-webkit-6.0 was solved due to an update in the agent or feed.,3,1,1,0
safesoc-lnx-01,23502,The CVE-2025-43214 that affected gir1.2-webkit-6.0 was solved due to an update in the agent or feed.,3,1,1,0
safesoc-lnx-01,23502,The CVE-2026-28857 that affected gir1.2-webkit-6.0 was solved due to an update in the agent or feed.,3,1,1,0
safesoc-lnx-01,23502,The CVE-2025-43356 that affected gir1.2-webkit-6.0 was solved due to an update in the agent or feed.,3,1,1,0
safesoc-lnx-01,23502,The CVE-2025-43434 that affected gir1.2-webkit-6.0 was solved due to an update in the agent or feed.,3,1,1,0
safesoc-lnx-01,23502,The CVE-2026-20652 that affected gir1.2-webkit-6.0 was solved due to an update in the agent or feed.,3,1,1,0
safesoc-lnx-01,23502,The CVE-2025-43430 that affected gir1.2-webkit-6.0 was solved due to an update in the agent or feed.,3,1,1,0
safesoc-lnx-01,23502,The CVE-2026-20676 that affected gir1.2-webkit-6.0 was solved due to an update in the agent or feed.,3,1,1,0
safesoc-lnx-01,23502,The CVE-2025-43342 that affected gir1.2-webkit-6.0 was solved due to an update in the agent or feed.,3,1,1,0
safesoc-lnx-01,23502,The CVE-2026-28859 that affected gir1.2-webkit-6.0 was solved due to an update in the agent or feed.,3,1,1,0
safesoc-lnx-01,23502,The CVE-2026-20635 that affected gir1.2-webkit-6.0 was solved due to an update in the agent or feed.,3,1,1,0
safesoc-lnx-01,23502,The CVE-2025-43213 that affected gir1.2-webkit-6.0 was solved due to an update in the agent or feed.,3,1,1,0
safesoc-lnx-01,23502,The CVE-2026-20636 that affected gir1.2-webkit-6.0 was solved due to an update in the agent or feed.,3,1,1,0
safesoc-lnx-01,23502,The CVE-2025-43392 that affected gir1.2-webkit-6.0 was solved due to an update in the agent or feed.,3,1,1,0
safesoc-lnx-01,23502,The CVE-2025-14174 that affected gir1.2-webkit-6.0 was solved due to an update in the agent or feed.,3,1,1,0
safesoc-lnx-01,23502,The CVE-2025-43529 that affected gir1.2-webkit-6.0 was solved due to an update in the agent or feed.,3,1,1,0
safesoc-lnx-01,23502,The CVE-2025-43425 that affected gir1.2-webkit-6.0 was solved due to an update in the agent or feed.,3,1,1,0
safesoc-lnx-01,23502,The CVE-2025-43419 that affected gir1.2-webkit-6.0 was solved due to an update in the agent or feed.,3,1,1,0
safesoc-lnx-01,23502,The CVE-2025-43441 that affected gir1.2-webkit2-4.1 was solved due to an update in the agent or feed.,3,1,1,0
safesoc-lnx-01,23502,The CVE-2025-43272 that affected gir1.2-webkit2-4.1 was solved due to an update in the agent or feed.,3,1,1,0
safesoc-lnx-01,23502,The CVE-2025-31223 that affected gir1.2-webkit2-4.1 was solved due to an update in the agent or feed.,3,1,1,0
safesoc-lnx-01,23502,The CVE-2025-43431 that affected gir1.2-webkit2-4.1 was solved due to an update in the agent or feed.,3,1,1,0
safesoc-lnx-01,23502,The CVE-2025-43429 that affected gir1.2-webkit2-4.1 was solved due to an update in the agent or feed.,3,1,1,0
safesoc-lnx-01,23502,The CVE-2026-20644 that affected gir1.2-webkit2-4.1 was solved due to an update in the agent or feed.,3,1,1,0
safesoc-lnx-01,23502,The CVE-2025-43427 that affected gir1.2-webkit2-4.1 was solved due to an update in the agent or feed.,3,1,1,0
safesoc-lnx-01,23502,The CVE-2025-43421 that affected gir1.2-webkit2-4.1 was solved due to an update in the agent or feed.,3,1,1,0
safesoc-lnx-01,23502,The CVE-2025-43536 that affected gir1.2-webkit2-4.1 was solved due to an update in the agent or feed.,3,1,1,0
safesoc-lnx-01,23502,The CVE-2025-31278 that affected gir1.2-webkit2-4.1 was solved due to an update in the agent or feed.,3,1,1,0
safesoc-lnx-01,23502,The CVE-2025-31277 that affected gir1.2-webkit2-4.1 was solved due to an update in the agent or feed.,3,1,1,0
safesoc-lnx-01,23502,The CVE-2025-43228 that affected gir1.2-webkit2-4.1 was solved due to an update in the agent or feed.,3,1,1,0
safesoc-lnx-01,23502,The CVE-2025-43368 that affected gir1.2-webkit2-4.1 was solved due to an update in the agent or feed.,3,1,1,0
safesoc-lnx-01,23502,The CVE-2026-20643 that affected gir1.2-webkit2-4.1 was solved due to an update in the agent or feed.,3,1,1,0
safesoc-lnx-01,23502,The CVE-2025-43433 that affected gir1.2-webkit2-4.1 was solved due to an update in the agent or feed.,3,1,1,0
safesoc-lnx-01,23502,The CVE-2025-43541 that affected gir1.2-webkit2-4.1 was solved due to an update in the agent or feed.,3,1,1,0
safesoc-lnx-01,23502,The CVE-2025-6558 that affected gir1.2-webkit2-4.1 was solved due to an update in the agent or feed.,3,1,1,0
safesoc-lnx-01,23502,The CVE-2026-20608 that affected gir1.2-webkit2-4.1 was solved due to an update in the agent or feed.,3,1,1,0
safesoc-lnx-01,23502,The CVE-2025-43211 that affected gir1.2-webkit2-4.1 was solved due to an update in the agent or feed.,3,1,1,0
safesoc-lnx-01,23502,The CVE-2025-66286 that affected gir1.2-webkit2-4.1 was solved due to an update in the agent or feed.,3,1,1,0
safesoc-lnx-01,23502,The CVE-2025-13502 that affected gir1.2-webkit2-4.1 was solved due to an update in the agent or feed.,3,1,1,0
safesoc-lnx-01,23502,The CVE-2025-43440 that affected gir1.2-webkit2-4.1 was solved due to an update in the agent or feed.,3,1,1,0
safesoc-lnx-01,23502,The CVE-2025-43265 that affected gir1.2-webkit2-4.1 was solved due to an update in the agent or feed.,3,1,1,0
safesoc-lnx-01,23502,The CVE-2025-43343 that affected gir1.2-webkit2-4.1 was solved due to an update in the agent or feed.,3,1,1,0
safesoc-lnx-01,23502,The CVE-2025-46299 that affected gir1.2-webkit2-4.1 was solved due to an update in the agent or feed.,3,1,1,0
safesoc-lnx-01,23502,The CVE-2025-43531 that affected gir1.2-webkit2-4.1 was solved due to an update in the agent or feed.,3,1,1,0
safesoc-lnx-01,23502,The CVE-2025-43443 that affected gir1.2-webkit2-4.1 was solved due to an update in the agent or feed.,3,1,1,0
safesoc-lnx-01,23502,The CVE-2025-43240 that affected gir1.2-webkit2-4.1 was solved due to an update in the agent or feed.,3,1,1,0
safesoc-lnx-01,23502,The CVE-2025-43212 that affected gir1.2-webkit2-4.1 was solved due to an update in the agent or feed.,3,1,1,0
safesoc-lnx-01,23502,The CVE-2025-43501 that affected gir1.2-webkit2-4.1 was solved due to an update in the agent or feed.,3,1,1,0
safesoc-lnx-01,23502,The CVE-2025-43432 that affected gir1.2-webkit2-4.1 was solved due to an update in the agent or feed.,3,1,1,0
safesoc-lnx-01,23502,The CVE-2025-43535 that affected gir1.2-webkit2-4.1 was solved due to an update in the agent or feed.,3,1,1,0
safesoc-lnx-01,23502,The CVE-2025-43457 that affected gir1.2-webkit2-4.1 was solved due to an update in the agent or feed.,3,1,1,0
safesoc-lnx-01,23502,The CVE-2025-43458 that affected gir1.2-webkit2-4.1 was solved due to an update in the agent or feed.,3,1,1,0
safesoc-lnx-01,23502,The CVE-2026-28871 that affected gir1.2-webkit2-4.1 was solved due to an update in the agent or feed.,3,1,1,0
safesoc-lnx-01,23502,The CVE-2025-43438 that affected gir1.2-webkit2-4.1 was solved due to an update in the agent or feed.,3,1,1,0
safesoc-lnx-01,23502,The CVE-2025-66287 that affected gir1.2-webkit2-4.1 was solved due to an update in the agent or feed.,3,1,1,0
safesoc-lnx-01,23502,The CVE-2026-28861 that affected gir1.2-webkit2-4.1 was solved due to an update in the agent or feed.,3,1,1,0
safesoc-lnx-01,23502,The CVE-2026-20691 that affected gir1.2-webkit2-4.1 was solved due to an update in the agent or feed.,3,1,1,0
safesoc-lnx-01,23502,The CVE-2026-20664 that affected gir1.2-webkit2-4.1 was solved due to an update in the agent or feed.,3,1,1,0
safesoc-lnx-01,23502,The CVE-2025-43511 that affected gir1.2-webkit2-4.1 was solved due to an update in the agent or feed.,3,1,1,0
safesoc-lnx-01,23502,The CVE-2025-43216 that affected gir1.2-webkit2-4.1 was solved due to an update in the agent or feed.,3,1,1,0
safesoc-lnx-01,23502,The CVE-2025-43227 that affected gir1.2-webkit2-4.1 was solved due to an update in the agent or feed.,3,1,1,0
safesoc-lnx-01,23502,The CVE-2026-20665 that affected gir1.2-webkit2-4.1 was solved due to an update in the agent or feed.,3,1,1,0
safesoc-lnx-01,23502,The CVE-2025-31273 that affected gir1.2-webkit2-4.1 was solved due to an update in the agent or feed.,3,1,1,0
safesoc-lnx-01,23502,The CVE-2025-13947 that affected gir1.2-webkit2-4.1 was solved due to an update in the agent or feed.,3,1,1,0
safesoc-lnx-01,23502,The CVE-2025-43214 that affected gir1.2-webkit2-4.1 was solved due to an update in the agent or feed.,3,1,1,0
safesoc-lnx-01,23502,The CVE-2026-28857 that affected gir1.2-webkit2-4.1 was solved due to an update in the agent or feed.,3,1,1,0
safesoc-lnx-01,23502,The CVE-2025-43356 that affected gir1.2-webkit2-4.1 was solved due to an update in the agent or feed.,3,1,1,0
safesoc-lnx-01,23502,The CVE-2025-43434 that affected gir1.2-webkit2-4.1 was solved due to an update in the agent or feed.,3,1,1,0
safesoc-lnx-01,23502,The CVE-2026-20652 that affected gir1.2-webkit2-4.1 was solved due to an update in the agent or feed.,3,1,1,0
safesoc-lnx-01,23502,The CVE-2025-43430 that affected gir1.2-webkit2-4.1 was solved due to an update in the agent or feed.,3,1,1,0
safesoc-lnx-01,23502,The CVE-2026-20676 that affected gir1.2-webkit2-4.1 was solved due to an update in the agent or feed.,3,1,1,0
safesoc-lnx-01,23502,The CVE-2025-43342 that affected gir1.2-webkit2-4.1 was solved due to an update in the agent or feed.,3,1,1,0
safesoc-lnx-01,23502,The CVE-2026-28859 that affected gir1.2-webkit2-4.1 was solved due to an update in the agent or feed.,3,1,1,0
safesoc-lnx-01,23502,The CVE-2026-20635 that affected gir1.2-webkit2-4.1 was solved due to an update in the agent or feed.,3,1,1,0
safesoc-lnx-01,23502,The CVE-2025-43213 that affected gir1.2-webkit2-4.1 was solved due to an update in the agent or feed.,3,1,1,0
safesoc-lnx-01,23502,The CVE-2026-20636 that affected gir1.2-webkit2-4.1 was solved due to an update in the agent or feed.,3,1,1,0
safesoc-lnx-01,23502,The CVE-2025-43392 that affected gir1.2-webkit2-4.1 was solved due to an update in the agent or feed.,3,1,1,0
safesoc-lnx-01,23502,The CVE-2025-14174 that affected gir1.2-webkit2-4.1 was solved due to an update in the agent or feed.,3,1,1,0
safesoc-lnx-01,23502,The CVE-2025-43529 that affected gir1.2-webkit2-4.1 was solved due to an update in the agent or feed.,3,1,1,0
safesoc-lnx-01,23502,The CVE-2025-43425 that affected gir1.2-webkit2-4.1 was solved due to an update in the agent or feed.,3,1,1,0
safesoc-lnx-01,23502,The CVE-2025-43419 that affected gir1.2-webkit2-4.1 was solved due to an update in the agent or feed.,3,1,1,0
safesoc-lnx-01,23502,The CVE-2025-68973 that affected gnupg was solved due to an update in the agent or feed.,3,1,1,0
safesoc-lnx-01,23502,The CVE-2025-68973 that affected gnupg-l10n was solved due to an update in the agent or feed.,3,1,1,0
safesoc-lnx-01,23502,The CVE-2025-68973 that affected gnupg-utils was solved due to an update in the agent or feed.,3,1,1,0
safesoc-lnx-01,23502,The CVE-2025-68973 that affected gpg was solved due to an update in the agent or feed.,3,1,1,0
safesoc-lnx-01,23502,The CVE-2025-68973 that affected gpg-agent was solved due to an update in the agent or feed.,3,1,1,0
safesoc-lnx-01,23502,The CVE-2025-68973 that affected gpg-wks-client was solved due to an update in the agent or feed.,3,1,1,0
safesoc-lnx-01,23502,The CVE-2025-68973 that affected gpgconf was solved due to an update in the agent or feed.,3,1,1,0
safesoc-lnx-01,23502,The CVE-2025-68973 that affected gpgsm was solved due to an update in the agent or feed.,3,1,1,0
safesoc-lnx-01,23502,The CVE-2025-68973 that affected gpgv was solved due to an update in the agent or feed.,3,1,1,0
safesoc-lnx-01,23502,The CVE-2025-47808 that affected gstreamer1.0-alsa was solved due to an update in the agent or feed.,3,1,1,0
safesoc-lnx-01,23502,The CVE-2026-2921 that affected gstreamer1.0-alsa was solved due to an update in the agent or feed.,3,1,1,0
safesoc-lnx-01,23502,The CVE-2025-47807 that affected gstreamer1.0-alsa was solved due to an update in the agent or feed.,3,1,1,0
safesoc-lnx-01,23502,The CVE-2025-47806 that affected gstreamer1.0-alsa was solved due to an update in the agent or feed.,3,1,1,0
safesoc-lnx-01,23502,The CVE-2025-47808 that affected gstreamer1.0-gl was solved due to an update in the agent or feed.,3,1,1,0
safesoc-lnx-01,23502,The CVE-2026-2921 that affected gstreamer1.0-gl was solved due to an update in the agent or feed.,3,1,1,0
safesoc-lnx-01,23502,The CVE-2025-47807 that affected gstreamer1.0-gl was solved due to an update in the agent or feed.,3,1,1,0
safesoc-lnx-01,23502,The CVE-2025-47806 that affected gstreamer1.0-gl was solved due to an update in the agent or feed.,3,1,1,0
safesoc-lnx-01,23502,The CVE-2022-0987 that affected gstreamer1.0-packagekit was solved due to an update in the agent or feed.,3,1,1,0
safesoc-lnx-01,23502,The CVE-2024-0217 that affected gstreamer1.0-packagekit was solved due to an update in the agent or feed.,3,1,1,0
safesoc-lnx-01,23502,The CVE-2026-41651 that affected gstreamer1.0-packagekit was solved due to an update in the agent or feed.,3,1,1,0
safesoc-lnx-01,23502,The CVE-2025-47808 that affected gstreamer1.0-plugins-base was solved due to an update in the agent or feed.,3,1,1,0
safesoc-lnx-01,23502,The CVE-2026-2921 that affected gstreamer1.0-plugins-base was solved due to an update in the agent or feed.,3,1,1,0
safesoc-lnx-01,23502,The CVE-2025-47807 that affected gstreamer1.0-plugins-base was solved due to an update in the agent or feed.,3,1,1,0
safesoc-lnx-01,23502,The CVE-2025-47806 that affected gstreamer1.0-plugins-base was solved due to an update in the agent or feed.,3,1,1,0
safesoc-lnx-01,23502,The CVE-2025-47808 that affected gstreamer1.0-plugins-base-apps was solved due to an update in the agent or feed.,3,1,1,0
safesoc-lnx-01,23502,The CVE-2026-2921 that affected gstreamer1.0-plugins-base-apps was solved due to an update in the agent or feed.,3,1,1,0
safesoc-lnx-01,23502,The CVE-2025-47807 that affected gstreamer1.0-plugins-base-apps was solved due to an update in the agent or feed.,3,1,1,0
safesoc-lnx-01,23502,The CVE-2025-47806 that affected gstreamer1.0-plugins-base-apps was solved due to an update in the agent or feed.,3,1,1,0
safesoc-lnx-01,23502,The CVE-2026-3083 that affected gstreamer1.0-plugins-good was solved due to an update in the agent or feed.,3,1,1,0
safesoc-lnx-01,23502,The CVE-2026-3085 that affected gstreamer1.0-plugins-good was solved due to an update in the agent or feed.,3,1,1,0
safesoc-lnx-01,23502,The CVE-2025-47219 that affected gstreamer1.0-plugins-good was solved due to an update in the agent or feed.,3,1,1,0
safesoc-lnx-01,23502,The CVE-2025-47183 that affected gstreamer1.0-plugins-good was solved due to an update in the agent or feed.,3,1,1,0
safesoc-lnx-01,23502,The CVE-2025-47808 that affected gstreamer1.0-x was solved due to an update in the agent or feed.,3,1,1,0
safesoc-lnx-01,23502,The CVE-2026-2921 that affected gstreamer1.0-x was solved due to an update in the agent or feed.,3,1,1,0
safesoc-lnx-01,23502,The CVE-2025-47807 that affected gstreamer1.0-x was solved due to an update in the agent or feed.,3,1,1,0
safesoc-lnx-01,23502,The CVE-2025-47806 that affected gstreamer1.0-x was solved due to an update in the agent or feed.,3,1,1,0
safesoc-lnx-01,23502,The CVE-2026-28296 that affected gvfs was solved due to an update in the agent or feed.,3,1,1,0
safesoc-lnx-01,23502,The CVE-2026-28295 that affected gvfs was solved due to an update in the agent or feed.,3,1,1,0
safesoc-lnx-01,23502,The CVE-2026-28296 that affected gvfs-backends was solved due to an update in the agent or feed.,3,1,1,0
safesoc-lnx-01,23502,The CVE-2026-28295 that affected gvfs-backends was solved due to an update in the agent or feed.,3,1,1,0
safesoc-lnx-01,23502,The CVE-2026-28296 that affected gvfs-common was solved due to an update in the agent or feed.,3,1,1,0
safesoc-lnx-01,23502,The CVE-2026-28295 that affected gvfs-common was solved due to an update in the agent or feed.,3,1,1,0
safesoc-lnx-01,23502,The CVE-2026-28296 that affected gvfs-daemons was solved due to an update in the agent or feed.,3,1,1,0
safesoc-lnx-01,23502,The CVE-2026-28295 that affected gvfs-daemons was solved due to an update in the agent or feed.,3,1,1,0
safesoc-lnx-01,23502,The CVE-2026-28296 that affected gvfs-fuse was solved due to an update in the agent or feed.,3,1,1,0
safesoc-lnx-01,23502,The CVE-2026-28295 that affected gvfs-fuse was solved due to an update in the agent or feed.,3,1,1,0
safesoc-lnx-01,23502,The CVE-2026-28296 that affected gvfs-libs was solved due to an update in the agent or feed.,3,1,1,0
safesoc-lnx-01,23502,The CVE-2026-28295 that affected gvfs-libs was solved due to an update in the agent or feed.,3,1,1,0
safesoc-lnx-01,23502,The CVE-2025-68431 that affected heif-gdk-pixbuf was solved due to an update in the agent or feed.,3,1,1,0
safesoc-lnx-01,23502,The CVE-2024-25269 that affected heif-gdk-pixbuf was solved due to an update in the agent or feed.,3,1,1,0
safesoc-lnx-01,23502,The CVE-2025-68431 that affected heif-thumbnailer was solved due to an update in the agent or feed.,3,1,1,0
safesoc-lnx-01,23502,The CVE-2024-25269 that affected heif-thumbnailer was solved due to an update in the agent or feed.,3,1,1,0
safesoc-lnx-01,23502,The CVE-2026-28372 that affected inetutils-telnet was solved due to an update in the agent or feed.,3,1,1,0
safesoc-lnx-01,23502,The CVE-2026-24061 that affected inetutils-telnet was solved due to an update in the agent or feed.,3,1,1,0
safesoc-lnx-01,23502,The CVE-2025-20109 that affected intel-microcode was solved due to an update in the agent or feed.,3,1,1,0
safesoc-lnx-01,23502,The CVE-2025-26403 that affected intel-microcode was solved due to an update in the agent or feed.,3,1,1,0
safesoc-lnx-01,23502,The CVE-2025-32086 that affected intel-microcode was solved due to an update in the agent or feed.,3,1,1,0
safesoc-lnx-01,23502,The CVE-2025-22889 that affected intel-microcode was solved due to an update in the agent or feed.,3,1,1,0
safesoc-lnx-01,23502,The CVE-2025-31648 that affected intel-microcode was solved due to an update in the agent or feed.,3,1,1,0
safesoc-lnx-01,23502,The CVE-2025-22840 that affected intel-microcode was solved due to an update in the agent or feed.,3,1,1,0
safesoc-lnx-01,23502,The CVE-2025-21090 that affected intel-microcode was solved due to an update in the agent or feed.,3,1,1,0
safesoc-lnx-01,23502,The CVE-2025-22839 that affected intel-microcode was solved due to an update in the agent or feed.,3,1,1,0
safesoc-lnx-01,23502,The CVE-2025-24305 that affected intel-microcode was solved due to an update in the agent or feed.,3,1,1,0
safesoc-lnx-01,23502,The CVE-2025-20053 that affected intel-microcode was solved due to an update in the agent or feed.,3,1,1,0
safesoc-lnx-01,23502,The CVE-2026-32316 that affected jq was solved due to an update in the agent or feed.,3,1,1,0
safesoc-lnx-01,23502,The CVE-2026-33947 that affected jq was solved due to an update in the agent or feed.,3,1,1,0
safesoc-lnx-01,23502,The CVE-2026-40164 that affected jq was solved due to an update in the agent or feed.,3,1,1,0
safesoc-lnx-01,23502,The CVE-2026-33948 that affected jq was solved due to an update in the agent or feed.,3,1,1,0
safesoc-lnx-01,23502,The CVE-2026-39979 that affected jq was solved due to an update in the agent or feed.,3,1,1,0
safesoc-lnx-01,23502,The CVE-2026-39956 that affected jq was solved due to an update in the agent or feed.,3,1,1,0
safesoc-lnx-01,23502,The CVE-2025-68973 that affected keyboxd was solved due to an update in the agent or feed.,3,1,1,0
safesoc-lnx-01,23502,The CVE-2016-9843 that affected klibc-utils was solved due to an update in the agent or feed.,3,1,1,0
safesoc-lnx-01,23502,The CVE-2025-5918 that affected libarchive13t64 was solved due to an update in the agent or feed.,3,1,1,0
safesoc-lnx-01,23502,The CVE-2026-4111 that affected libarchive13t64 was solved due to an update in the agent or feed.,3,1,1,0
safesoc-lnx-01,23502,The CVE-2026-5121 that affected libarchive13t64 was solved due to an update in the agent or feed.,3,1,1,0
safesoc-lnx-01,23502,The CVE-2025-60753 that affected libarchive13t64 was solved due to an update in the agent or feed.,3,1,1,0
safesoc-lnx-01,23502,The CVE-2026-4426 that affected libarchive13t64 was solved due to an update in the agent or feed.,3,1,1,0
safesoc-lnx-01,23502,The CVE-2026-4424 that affected libarchive13t64 was solved due to an update in the agent or feed.,3,1,1,0
safesoc-lnx-01,23502,The CVE-2026-5745 that affected libarchive13t64 was solved due to an update in the agent or feed.,3,1,1,0
safesoc-lnx-01,23502,The CVE-2026-25068 that affected libasound2-data was solved due to an update in the agent or feed.,3,1,1,0
safesoc-lnx-01,23502,The CVE-2026-25068 that affected libasound2t64 was solved due to an update in the agent or feed.,3,1,1,0
safesoc-lnx-01,23502,The CVE-2026-25068 that affected libatopology2t64 was solved due to an update in the agent or feed.,3,1,1,0
safesoc-lnx-01,23502,The CVE-2025-68471 that affected libavahi-client3 was solved due to an update in the agent or feed.,3,1,1,0
safesoc-lnx-01,23502,The CVE-2024-52615 that affected libavahi-client3 was solved due to an update in the agent or feed.,3,1,1,0
safesoc-lnx-01,23502,The CVE-2025-68468 that affected libavahi-client3 was solved due to an update in the agent or feed.,3,1,1,0
safesoc-lnx-01,23502,The CVE-2025-59529 that affected libavahi-client3 was solved due to an update in the agent or feed.,3,1,1,0
safesoc-lnx-01,23502,The CVE-2025-68276 that affected libavahi-client3 was solved due to an update in the agent or feed.,3,1,1,0
safesoc-lnx-01,23502,The CVE-2026-34933 that affected libavahi-client3 was solved due to an update in the agent or feed.,3,1,1,0
safesoc-lnx-01,23502,The CVE-2026-24401 that affected libavahi-client3 was solved due to an update in the agent or feed.,3,1,1,0
safesoc-lnx-01,23502,The CVE-2024-52616 that affected libavahi-client3 was solved due to an update in the agent or feed.,3,1,1,0
safesoc-lnx-01,23502,The CVE-2025-68471 that affected libavahi-common-data was solved due to an update in the agent or feed.,3,1,1,0
safesoc-lnx-01,23502,The CVE-2024-52615 that affected libavahi-common-data was solved due to an update in the agent or feed.,3,1,1,0
safesoc-lnx-01,23502,The CVE-2025-68468 that affected libavahi-common-data was solved due to an update in the agent or feed.,3,1,1,0
safesoc-lnx-01,23502,The CVE-2025-59529 that affected libavahi-common-data was solved due to an update in the agent or feed.,3,1,1,0
safesoc-lnx-01,23502,The CVE-2025-68276 that affected libavahi-common-data was solved due to an update in the agent or feed.,3,1,1,0
safesoc-lnx-01,23502,The CVE-2026-34933 that affected libavahi-common-data was solved due to an update in the agent or feed.,3,1,1,0
safesoc-lnx-01,23502,The CVE-2026-24401 that affected libavahi-common-data was solved due to an update in the agent or feed.,3,1,1,0
safesoc-lnx-01,23502,The CVE-2024-52616 that affected libavahi-common-data was solved due to an update in the agent or feed.,3,1,1,0
safesoc-lnx-01,23502,The CVE-2025-68471 that affected libavahi-common3 was solved due to an update in the agent or feed.,3,1,1,0
safesoc-lnx-01,23502,The CVE-2024-52615 that affected libavahi-common3 was solved due to an update in the agent or feed.,3,1,1,0
safesoc-lnx-01,23502,The CVE-2025-68468 that affected libavahi-common3 was solved due to an update in the agent or feed.,3,1,1,0
safesoc-lnx-01,23502,The CVE-2025-59529 that affected libavahi-common3 was solved due to an update in the agent or feed.,3,1,1,0
safesoc-lnx-01,23502,The CVE-2025-68276 that affected libavahi-common3 was solved due to an update in the agent or feed.,3,1,1,0
safesoc-lnx-01,23502,The CVE-2026-34933 that affected libavahi-common3 was solved due to an update in the agent or feed.,3,1,1,0
safesoc-lnx-01,23502,The CVE-2026-24401 that affected libavahi-common3 was solved due to an update in the agent or feed.,3,1,1,0
safesoc-lnx-01,23502,The CVE-2024-52616 that affected libavahi-common3 was solved due to an update in the agent or feed.,3,1,1,0
safesoc-lnx-01,23502,The CVE-2025-68471 that affected libavahi-core7 was solved due to an update in the agent or feed.,3,1,1,0
safesoc-lnx-01,23502,The CVE-2024-52615 that affected libavahi-core7 was solved due to an update in the agent or feed.,3,1,1,0
safesoc-lnx-01,23502,The CVE-2025-68468 that affected libavahi-core7 was solved due to an update in the agent or feed.,3,1,1,0
safesoc-lnx-01,23502,The CVE-2025-59529 that affected libavahi-core7 was solved due to an update in the agent or feed.,3,1,1,0
safesoc-lnx-01,23502,The CVE-2025-68276 that affected libavahi-core7 was solved due to an update in the agent or feed.,3,1,1,0
safesoc-lnx-01,23502,The CVE-2026-34933 that affected libavahi-core7 was solved due to an update in the agent or feed.,3,1,1,0
safesoc-lnx-01,23502,The CVE-2026-24401 that affected libavahi-core7 was solved due to an update in the agent or feed.,3,1,1,0
safesoc-lnx-01,23502,The CVE-2024-52616 that affected libavahi-core7 was solved due to an update in the agent or feed.,3,1,1,0
safesoc-lnx-01,23502,The CVE-2025-68471 that affected libavahi-glib1 was solved due to an update in the agent or feed.,3,1,1,0
safesoc-lnx-01,23502,The CVE-2024-52615 that affected libavahi-glib1 was solved due to an update in the agent or feed.,3,1,1,0
safesoc-lnx-01,23502,The CVE-2025-68468 that affected libavahi-glib1 was solved due to an update in the agent or feed.,3,1,1,0
safesoc-lnx-01,23502,The CVE-2025-59529 that affected libavahi-glib1 was solved due to an update in the agent or feed.,3,1,1,0
safesoc-lnx-01,23502,The CVE-2025-68276 that affected libavahi-glib1 was solved due to an update in the agent or feed.,3,1,1,0
safesoc-lnx-01,23502,The CVE-2026-34933 that affected libavahi-glib1 was solved due to an update in the agent or feed.,3,1,1,0
safesoc-lnx-01,23502,The CVE-2026-24401 that affected libavahi-glib1 was solved due to an update in the agent or feed.,3,1,1,0
safesoc-lnx-01,23502,The CVE-2024-52616 that affected libavahi-glib1 was solved due to an update in the agent or feed.,3,1,1,0
safesoc-lnx-01,23502,The CVE-2026-27456 that affected libblkid1 was solved due to an update in the agent or feed.,3,1,1,0
safesoc-lnx-01,23502,The CVE-2025-15281 that affected libc-bin was solved due to an update in the agent or feed.,3,1,1,0
safesoc-lnx-01,23502,The CVE-2026-4438 that affected libc-bin was solved due to an update in the agent or feed.,3,1,1,0
safesoc-lnx-01,23502,The CVE-2026-0861 that affected libc-bin was solved due to an update in the agent or feed.,3,1,1,0
safesoc-lnx-01,23502,The CVE-2026-0915 that affected libc-bin was solved due to an update in the agent or feed.,3,1,1,0
safesoc-lnx-01,23502,The CVE-2025-8058 that affected libc-bin was solved due to an update in the agent or feed.,3,1,1,0
safesoc-lnx-01,23502,The CVE-2026-4437 that affected libc-bin was solved due to an update in the agent or feed.,3,1,1,0
safesoc-lnx-01,23502,The CVE-2026-4046 that affected libc-bin was solved due to an update in the agent or feed.,3,1,1,0
safesoc-lnx-01,23502,The CVE-2025-15281 that affected libc6 was solved due to an update in the agent or feed.,3,1,1,0
safesoc-lnx-01,23502,The CVE-2026-4438 that affected libc6 was solved due to an update in the agent or feed.,3,1,1,0
safesoc-lnx-01,23502,The CVE-2026-0861 that affected libc6 was solved due to an update in the agent or feed.,3,1,1,0
safesoc-lnx-01,23502,The CVE-2026-0915 that affected libc6 was solved due to an update in the agent or feed.,3,1,1,0
safesoc-lnx-01,23502,The CVE-2025-8058 that affected libc6 was solved due to an update in the agent or feed.,3,1,1,0
safesoc-lnx-01,23502,The CVE-2026-4437 that affected libc6 was solved due to an update in the agent or feed.,3,1,1,0
safesoc-lnx-01,23502,The CVE-2026-4046 that affected libc6 was solved due to an update in the agent or feed.,3,1,1,0
safesoc-lnx-01,23502,The CVE-2022-0856 that affected libcaca0 was solved due to an update in the agent or feed.,3,1,1,0
safesoc-lnx-01,23502,The CVE-2026-2604 that affected libcamel-1.2-64t64 was solved due to an update in the agent or feed.,3,1,1,0
safesoc-lnx-01,23502,The CVE-2026-4878 that affected libcap2 was solved due to an update in the agent or feed.,3,1,1,0
safesoc-lnx-01,23502,The CVE-2026-4878 that affected libcap2-bin was solved due to an update in the agent or feed.,3,1,1,0
safesoc-lnx-01,23502,The CVE-2025-61915 that affected libcups2t64 was solved due to an update in the agent or feed.,3,1,1,0
safesoc-lnx-01,23502,The CVE-2026-41079 that affected libcups2t64 was solved due to an update in the agent or feed.,3,1,1,0
safesoc-lnx-01,23502,The CVE-2025-58364 that affected libcups2t64 was solved due to an update in the agent or feed.,3,1,1,0
safesoc-lnx-01,23502,The CVE-2025-58436 that affected libcups2t64 was solved due to an update in the agent or feed.,3,1,1,0
safesoc-lnx-01,23502,The CVE-2025-58060 that affected libcups2t64 was solved due to an update in the agent or feed.,3,1,1,0
safesoc-lnx-01,23502,The CVE-2025-64503 that affected libcupsfilters2-common was solved due to an update in the agent or feed.,3,1,1,0
safesoc-lnx-01,23502,The CVE-2025-57812 that affected libcupsfilters2-common was solved due to an update in the agent or feed.,3,1,1,0
safesoc-lnx-01,23502,The CVE-2025-64503 that affected libcupsfilters2t64 was solved due to an update in the agent or feed.,3,1,1,0
safesoc-lnx-01,23502,The CVE-2025-57812 that affected libcupsfilters2t64 was solved due to an update in the agent or feed.,3,1,1,0
safesoc-lnx-01,23502,The CVE-2025-61915 that affected libcupsimage2t64 was solved due to an update in the agent or feed.,3,1,1,0
safesoc-lnx-01,23502,The CVE-2026-41079 that affected libcupsimage2t64 was solved due to an update in the agent or feed.,3,1,1,0
safesoc-lnx-01,23502,The CVE-2025-58364 that affected libcupsimage2t64 was solved due to an update in the agent or feed.,3,1,1,0
safesoc-lnx-01,23502,The CVE-2025-58436 that affected libcupsimage2t64 was solved due to an update in the agent or feed.,3,1,1,0
safesoc-lnx-01,23502,The CVE-2025-58060 that affected libcupsimage2t64 was solved due to an update in the agent or feed.,3,1,1,0
safesoc-lnx-01,23502,The CVE-2025-14017 that affected libcurl3t64-gnutls was solved due to an update in the agent or feed.,3,1,1,0
safesoc-lnx-01,23502,The CVE-2025-15224 that affected libcurl3t64-gnutls was solved due to an update in the agent or feed.,3,1,1,0
safesoc-lnx-01,23502,The CVE-2025-0167 that affected libcurl3t64-gnutls was solved due to an update in the agent or feed.,3,1,1,0
safesoc-lnx-01,23502,The CVE-2026-3783 that affected libcurl3t64-gnutls was solved due to an update in the agent or feed.,3,1,1,0
safesoc-lnx-01,23502,The CVE-2025-14819 that affected libcurl3t64-gnutls was solved due to an update in the agent or feed.,3,1,1,0
safesoc-lnx-01,23502,The CVE-2026-7168 that affected libcurl3t64-gnutls was solved due to an update in the agent or feed.,3,1,1,0
safesoc-lnx-01,23502,The CVE-2025-10148 that affected libcurl3t64-gnutls was solved due to an update in the agent or feed.,3,1,1,0
safesoc-lnx-01,23502,The CVE-2026-6253 that affected libcurl3t64-gnutls was solved due to an update in the agent or feed.,3,1,1,0
safesoc-lnx-01,23502,The CVE-2026-4873 that affected libcurl3t64-gnutls was solved due to an update in the agent or feed.,3,1,1,0
safesoc-lnx-01,23502,The CVE-2025-15079 that affected libcurl3t64-gnutls was solved due to an update in the agent or feed.,3,1,1,0
safesoc-lnx-01,23502,The CVE-2026-6276 that affected libcurl3t64-gnutls was solved due to an update in the agent or feed.,3,1,1,0
safesoc-lnx-01,23502,The CVE-2026-3784 that affected libcurl3t64-gnutls was solved due to an update in the agent or feed.,3,1,1,0
safesoc-lnx-01,23502,The CVE-2026-6429 that affected libcurl3t64-gnutls was solved due to an update in the agent or feed.,3,1,1,0
safesoc-lnx-01,23502,The CVE-2026-1965 that affected libcurl3t64-gnutls was solved due to an update in the agent or feed.,3,1,1,0
safesoc-lnx-01,23502,The CVE-2025-14524 that affected libcurl3t64-gnutls was solved due to an update in the agent or feed.,3,1,1,0
safesoc-lnx-01,23502,The CVE-2026-5545 that affected libcurl3t64-gnutls was solved due to an update in the agent or feed.,3,1,1,0
safesoc-lnx-01,23502,The CVE-2026-5773 that affected libcurl3t64-gnutls was solved due to an update in the agent or feed.,3,1,1,0
safesoc-lnx-01,23502,The CVE-2025-14017 that affected libcurl4t64 was solved due to an update in the agent or feed.,3,1,1,0
safesoc-lnx-01,23502,The CVE-2025-15224 that affected libcurl4t64 was solved due to an update in the agent or feed.,3,1,1,0
safesoc-lnx-01,23502,The CVE-2025-0167 that affected libcurl4t64 was solved due to an update in the agent or feed.,3,1,1,0
safesoc-lnx-01,23502,The CVE-2026-3783 that affected libcurl4t64 was solved due to an update in the agent or feed.,3,1,1,0
safesoc-lnx-01,23502,The CVE-2025-14819 that affected libcurl4t64 was solved due to an update in the agent or feed.,3,1,1,0
safesoc-lnx-01,23502,The CVE-2026-7168 that affected libcurl4t64 was solved due to an update in the agent or feed.,3,1,1,0
safesoc-lnx-01,23502,The CVE-2025-10148 that affected libcurl4t64 was solved due to an update in the agent or feed.,3,1,1,0
safesoc-lnx-01,23502,The CVE-2026-6253 that affected libcurl4t64 was solved due to an update in the agent or feed.,3,1,1,0
safesoc-lnx-01,23502,The CVE-2026-4873 that affected libcurl4t64 was solved due to an update in the agent or feed.,3,1,1,0
safesoc-lnx-01,23502,The CVE-2025-15079 that affected libcurl4t64 was solved due to an update in the agent or feed.,3,1,1,0
safesoc-lnx-01,23502,The CVE-2026-6276 that affected libcurl4t64 was solved due to an update in the agent or feed.,3,1,1,0
safesoc-lnx-01,23502,The CVE-2026-3784 that affected libcurl4t64 was solved due to an update in the agent or feed.,3,1,1,0
safesoc-lnx-01,23502,The CVE-2026-6429 that affected libcurl4t64 was solved due to an update in the agent or feed.,3,1,1,0
safesoc-lnx-01,23502,The CVE-2026-1965 that affected libcurl4t64 was solved due to an update in the agent or feed.,3,1,1,0
safesoc-lnx-01,23502,The CVE-2025-14524 that affected libcurl4t64 was solved due to an update in the agent or feed.,3,1,1,0
safesoc-lnx-01,23502,The CVE-2026-5545 that affected libcurl4t64 was solved due to an update in the agent or feed.,3,1,1,0
safesoc-lnx-01,23502,The CVE-2026-5773 that affected libcurl4t64 was solved due to an update in the agent or feed.,3,1,1,0
safesoc-lnx-01,23502,The CVE-2021-46312 that affected libdjvulibre-text was solved due to an update in the agent or feed.,3,1,1,0
safesoc-lnx-01,23502,The CVE-2021-46312 that affected libdjvulibre21 was solved due to an update in the agent or feed.,3,1,1,0
safesoc-lnx-01,23502,The CVE-2026-2604 that affected libebackend-1.2-11t64 was solved due to an update in the agent or feed.,3,1,1,0
safesoc-lnx-01,23502,The CVE-2026-2604 that affected libebook-1.2-21t64 was solved due to an update in the agent or feed.,3,1,1,0
safesoc-lnx-01,23502,The CVE-2026-2604 that affected libebook-contacts-1.2-4t64 was solved due to an update in the agent or feed.,3,1,1,0
safesoc-lnx-01,23502,The CVE-2026-2604 that affected libecal-2.0-3 was solved due to an update in the agent or feed.,3,1,1,0
safesoc-lnx-01,23502,The CVE-2026-2604 that affected libedata-book-1.2-27t64 was solved due to an update in the agent or feed.,3,1,1,0
safesoc-lnx-01,23502,The CVE-2026-2604 that affected libedata-cal-2.0-2t64 was solved due to an update in the agent or feed.,3,1,1,0
safesoc-lnx-01,23502,The CVE-2026-2604 that affected libedataserver-1.2-27t64 was solved due to an update in the agent or feed.,3,1,1,0
safesoc-lnx-01,23502,The CVE-2026-2604 that affected libedataserverui-1.2-4t64 was solved due to an update in the agent or feed.,3,1,1,0
safesoc-lnx-01,23502,The CVE-2026-40489 that affected libeditorconfig0 was solved due to an update in the agent or feed.,3,1,1,0
safesoc-lnx-01,23502,The CVE-2026-25884 that affected libexiv2-27 was solved due to an update in the agent or feed.,3,1,1,0
safesoc-lnx-01,23502,The CVE-2020-18774 that affected libexiv2-27 was solved due to an update in the agent or feed.,3,1,1,0
safesoc-lnx-01,23502,The CVE-2026-27596 that affected libexiv2-27 was solved due to an update in the agent or feed.,3,1,1,0
safesoc-lnx-01,23502,The CVE-2026-27631 that affected libexiv2-27 was solved due to an update in the agent or feed.,3,1,1,0
safesoc-lnx-01,23502,The CVE-2020-18773 that affected libexiv2-27 was solved due to an update in the agent or feed.,3,1,1,0
safesoc-lnx-01,23502,The CVE-2025-54080 that affected libexiv2-27 was solved due to an update in the agent or feed.,3,1,1,0
safesoc-lnx-01,23502,The CVE-2025-66382 that affected libexpat1 was solved due to an update in the agent or feed.,3,1,1,0
safesoc-lnx-01,23502,The CVE-2026-24515 that affected libexpat1 was solved due to an update in the agent or feed.,3,1,1,0
safesoc-lnx-01,23502,The CVE-2026-25210 that affected libexpat1 was solved due to an update in the agent or feed.,3,1,1,0
safesoc-lnx-01,23502,The CVE-2026-27456 that affected libfdisk1 was solved due to an update in the agent or feed.,3,1,1,0
safesoc-lnx-01,23502,The CVE-2026-22852 that affected libfreerdp-server3-3 was solved due to an update in the agent or feed.,3,1,1,0
safesoc-lnx-01,23502,The CVE-2026-22856 that affected libfreerdp-server3-3 was solved due to an update in the agent or feed.,3,1,1,0
safesoc-lnx-01,23502,The CVE-2026-22859 that affected libfreerdp-server3-3 was solved due to an update in the agent or feed.,3,1,1,0
safesoc-lnx-01,23502,The CVE-2026-24684 that affected libfreerdp-server3-3 was solved due to an update in the agent or feed.,3,1,1,0
safesoc-lnx-01,23502,The CVE-2026-23530 that affected libfreerdp-server3-3 was solved due to an update in the agent or feed.,3,1,1,0
safesoc-lnx-01,23502,The CVE-2026-22858 that affected libfreerdp-server3-3 was solved due to an update in the agent or feed.,3,1,1,0
safesoc-lnx-01,23502,The CVE-2026-23883 that affected libfreerdp-server3-3 was solved due to an update in the agent or feed.,3,1,1,0
safesoc-lnx-01,23502,The CVE-2026-25941 that affected libfreerdp-server3-3 was solved due to an update in the agent or feed.,3,1,1,0
safesoc-lnx-01,23502,The CVE-2026-22855 that affected libfreerdp-server3-3 was solved due to an update in the agent or feed.,3,1,1,0
safesoc-lnx-01,23502,The CVE-2026-22854 that affected libfreerdp-server3-3 was solved due to an update in the agent or feed.,3,1,1,0
safesoc-lnx-01,23502,The CVE-2026-24683 that affected libfreerdp-server3-3 was solved due to an update in the agent or feed.,3,1,1,0
safesoc-lnx-01,23502,The CVE-2026-26965 that affected libfreerdp-server3-3 was solved due to an update in the agent or feed.,3,1,1,0
safesoc-lnx-01,23502,The CVE-2026-27950 that affected libfreerdp-server3-3 was solved due to an update in the agent or feed.,3,1,1,0
safesoc-lnx-01,23502,The CVE-2026-27015 that affected libfreerdp-server3-3 was solved due to an update in the agent or feed.,3,1,1,0
safesoc-lnx-01,23502,The CVE-2026-25955 that affected libfreerdp-server3-3 was solved due to an update in the agent or feed.,3,1,1,0
safesoc-lnx-01,23502,The CVE-2026-25997 that affected libfreerdp-server3-3 was solved due to an update in the agent or feed.,3,1,1,0
safesoc-lnx-01,23502,The CVE-2026-25942 that affected libfreerdp-server3-3 was solved due to an update in the agent or feed.,3,1,1,0
safesoc-lnx-01,23502,The CVE-2026-26955 that affected libfreerdp-server3-3 was solved due to an update in the agent or feed.,3,1,1,0
safesoc-lnx-01,23502,The CVE-2026-23948 that affected libfreerdp-server3-3 was solved due to an update in the agent or feed.,3,1,1,0
safesoc-lnx-01,23502,The CVE-2026-25959 that affected libfreerdp-server3-3 was solved due to an update in the agent or feed.,3,1,1,0
safesoc-lnx-01,23502,The CVE-2026-24680 that affected libfreerdp-server3-3 was solved due to an update in the agent or feed.,3,1,1,0
safesoc-lnx-01,23502,The CVE-2026-23533 that affected libfreerdp-server3-3 was solved due to an update in the agent or feed.,3,1,1,0
safesoc-lnx-01,23502,The CVE-2026-24681 that affected libfreerdp-server3-3 was solved due to an update in the agent or feed.,3,1,1,0
safesoc-lnx-01,23502,The CVE-2026-24675 that affected libfreerdp-server3-3 was solved due to an update in the agent or feed.,3,1,1,0
safesoc-lnx-01,23502,The CVE-2026-25953 that affected libfreerdp-server3-3 was solved due to an update in the agent or feed.,3,1,1,0
safesoc-lnx-01,23502,The CVE-2026-23532 that affected libfreerdp-server3-3 was solved due to an update in the agent or feed.,3,1,1,0
safesoc-lnx-01,23502,The CVE-2026-24676 that affected libfreerdp-server3-3 was solved due to an update in the agent or feed.,3,1,1,0
safesoc-lnx-01,23502,The CVE-2026-22857 that affected libfreerdp-server3-3 was solved due to an update in the agent or feed.,3,1,1,0
safesoc-lnx-01,23502,The CVE-2026-23531 that affected libfreerdp-server3-3 was solved due to an update in the agent or feed.,3,1,1,0
safesoc-lnx-01,23502,The CVE-2026-24491 that affected libfreerdp-server3-3 was solved due to an update in the agent or feed.,3,1,1,0
safesoc-lnx-01,23502,The CVE-2026-24679 that affected libfreerdp-server3-3 was solved due to an update in the agent or feed.,3,1,1,0
safesoc-lnx-01,23502,The CVE-2026-22851 that affected libfreerdp-server3-3 was solved due to an update in the agent or feed.,3,1,1,0
safesoc-lnx-01,23502,The CVE-2026-26986 that affected libfreerdp-server3-3 was solved due to an update in the agent or feed.,3,1,1,0
safesoc-lnx-01,23502,The CVE-2026-23884 that affected libfreerdp-server3-3 was solved due to an update in the agent or feed.,3,1,1,0
safesoc-lnx-01,23502,The CVE-2026-24682 that affected libfreerdp-server3-3 was solved due to an update in the agent or feed.,3,1,1,0
safesoc-lnx-01,23502,The CVE-2026-23732 that affected libfreerdp-server3-3 was solved due to an update in the agent or feed.,3,1,1,0
safesoc-lnx-01,23502,The CVE-2026-23534 that affected libfreerdp-server3-3 was solved due to an update in the agent or feed.,3,1,1,0
safesoc-lnx-01,23502,The CVE-2026-26271 that affected libfreerdp-server3-3 was solved due to an update in the agent or feed.,3,1,1,0
safesoc-lnx-01,23502,The CVE-2026-27951 that affected libfreerdp-server3-3 was solved due to an update in the agent or feed.,3,1,1,0
safesoc-lnx-01,23502,The CVE-2026-25952 that affected libfreerdp-server3-3 was solved due to an update in the agent or feed.,3,1,1,0
safesoc-lnx-01,23502,The CVE-2026-25954 that affected libfreerdp-server3-3 was solved due to an update in the agent or feed.,3,1,1,0
safesoc-lnx-01,23502,The CVE-2026-22852 that affected libfreerdp3-3 was solved due to an update in the agent or feed.,3,1,1,0
safesoc-lnx-01,23502,The CVE-2026-22856 that affected libfreerdp3-3 was solved due to an update in the agent or feed.,3,1,1,0
safesoc-lnx-01,23502,The CVE-2026-22859 that affected libfreerdp3-3 was solved due to an update in the agent or feed.,3,1,1,0
safesoc-lnx-01,23502,The CVE-2026-24684 that affected libfreerdp3-3 was solved due to an update in the agent or feed.,3,1,1,0
safesoc-lnx-01,23502,The CVE-2026-23530 that affected libfreerdp3-3 was solved due to an update in the agent or feed.,3,1,1,0
safesoc-lnx-01,23502,The CVE-2026-22858 that affected libfreerdp3-3 was solved due to an update in the agent or feed.,3,1,1,0
safesoc-lnx-01,23502,The CVE-2026-23883 that affected libfreerdp3-3 was solved due to an update in the agent or feed.,3,1,1,0
safesoc-lnx-01,23502,The CVE-2026-25941 that affected libfreerdp3-3 was solved due to an update in the agent or feed.,3,1,1,0
safesoc-lnx-01,23502,The CVE-2026-22855 that affected libfreerdp3-3 was solved due to an update in the agent or feed.,3,1,1,0
safesoc-lnx-01,23502,The CVE-2026-22854 that affected libfreerdp3-3 was solved due to an update in the agent or feed.,3,1,1,0
safesoc-lnx-01,23502,The CVE-2026-24683 that affected libfreerdp3-3 was solved due to an update in the agent or feed.,3,1,1,0
safesoc-lnx-01,23502,The CVE-2026-26965 that affected libfreerdp3-3 was solved due to an update in the agent or feed.,3,1,1,0
safesoc-lnx-01,23502,The CVE-2026-27950 that affected libfreerdp3-3 was solved due to an update in the agent or feed.,3,1,1,0
safesoc-lnx-01,23502,The CVE-2026-27015 that affected libfreerdp3-3 was solved due to an update in the agent or feed.,3,1,1,0
safesoc-lnx-01,23502,The CVE-2026-25955 that affected libfreerdp3-3 was solved due to an update in the agent or feed.,3,1,1,0
safesoc-lnx-01,23502,The CVE-2026-25997 that affected libfreerdp3-3 was solved due to an update in the agent or feed.,3,1,1,0
safesoc-lnx-01,23502,The CVE-2026-25942 that affected libfreerdp3-3 was solved due to an update in the agent or feed.,3,1,1,0
safesoc-lnx-01,23502,The CVE-2026-26955 that affected libfreerdp3-3 was solved due to an update in the agent or feed.,3,1,1,0
safesoc-lnx-01,23502,The CVE-2026-23948 that affected libfreerdp3-3 was solved due to an update in the agent or feed.,3,1,1,0
safesoc-lnx-01,23502,The CVE-2026-25959 that affected libfreerdp3-3 was solved due to an update in the agent or feed.,3,1,1,0
safesoc-lnx-01,23502,The CVE-2026-24680 that affected libfreerdp3-3 was solved due to an update in the agent or feed.,3,1,1,0
safesoc-lnx-01,23502,The CVE-2026-23533 that affected libfreerdp3-3 was solved due to an update in the agent or feed.,3,1,1,0
safesoc-lnx-01,23502,The CVE-2026-24681 that affected libfreerdp3-3 was solved due to an update in the agent or feed.,3,1,1,0
safesoc-lnx-01,23502,The CVE-2026-24675 that affected libfreerdp3-3 was solved due to an update in the agent or feed.,3,1,1,0
safesoc-lnx-01,23502,The CVE-2026-25953 that affected libfreerdp3-3 was solved due to an update in the agent or feed.,3,1,1,0
safesoc-lnx-01,23502,The CVE-2026-23532 that affected libfreerdp3-3 was solved due to an update in the agent or feed.,3,1,1,0
safesoc-lnx-01,23502,The CVE-2026-24676 that affected libfreerdp3-3 was solved due to an update in the agent or feed.,3,1,1,0
safesoc-lnx-01,23502,The CVE-2026-22857 that affected libfreerdp3-3 was solved due to an update in the agent or feed.,3,1,1,0
safesoc-lnx-01,23502,The CVE-2026-23531 that affected libfreerdp3-3 was solved due to an update in the agent or feed.,3,1,1,0
safesoc-lnx-01,23502,The CVE-2026-24491 that affected libfreerdp3-3 was solved due to an update in the agent or feed.,3,1,1,0
safesoc-lnx-01,23502,The CVE-2026-24679 that affected libfreerdp3-3 was solved due to an update in the agent or feed.,3,1,1,0
safesoc-lnx-01,23502,The CVE-2026-22851 that affected libfreerdp3-3 was solved due to an update in the agent or feed.,3,1,1,0
safesoc-lnx-01,23502,The CVE-2026-26986 that affected libfreerdp3-3 was solved due to an update in the agent or feed.,3,1,1,0
safesoc-lnx-01,23502,The CVE-2026-23884 that affected libfreerdp3-3 was solved due to an update in the agent or feed.,3,1,1,0
safesoc-lnx-01,23502,The CVE-2026-24682 that affected libfreerdp3-3 was solved due to an update in the agent or feed.,3,1,1,0
safesoc-lnx-01,23502,The CVE-2026-23732 that affected libfreerdp3-3 was solved due to an update in the agent or feed.,3,1,1,0
safesoc-lnx-01,23502,The CVE-2026-23534 that affected libfreerdp3-3 was solved due to an update in the agent or feed.,3,1,1,0
safesoc-lnx-01,23502,The CVE-2026-26271 that affected libfreerdp3-3 was solved due to an update in the agent or feed.,3,1,1,0
safesoc-lnx-01,23502,The CVE-2026-27951 that affected libfreerdp3-3 was solved due to an update in the agent or feed.,3,1,1,0
safesoc-lnx-01,23502,The CVE-2026-25952 that affected libfreerdp3-3 was solved due to an update in the agent or feed.,3,1,1,0
safesoc-lnx-01,23502,The CVE-2026-25954 that affected libfreerdp3-3 was solved due to an update in the agent or feed.,3,1,1,0
safesoc-lnx-01,23502,The CVE-2026-23865 that affected libfreetype6 was solved due to an update in the agent or feed.,3,1,1,0
safesoc-lnx-01,23502,The CVE-2026-5201 that affected libgdk-pixbuf-2.0-0 was solved due to an update in the agent or feed.,3,1,1,0
safesoc-lnx-01,23502,The CVE-2026-5201 that affected libgdk-pixbuf2.0-bin was solved due to an update in the agent or feed.,3,1,1,0
safesoc-lnx-01,23502,The CVE-2026-5201 that affected libgdk-pixbuf2.0-common was solved due to an update in the agent or feed.,3,1,1,0
safesoc-lnx-01,23502,The CVE-2026-0988 that affected libglib2.0-0t64 was solved due to an update in the agent or feed.,3,1,1,0
safesoc-lnx-01,23502,The CVE-2025-14087 that affected libglib2.0-0t64 was solved due to an update in the agent or feed.,3,1,1,0
safesoc-lnx-01,23502,The CVE-2025-13601 that affected libglib2.0-0t64 was solved due to an update in the agent or feed.,3,1,1,0
safesoc-lnx-01,23502,The CVE-2026-1484 that affected libglib2.0-0t64 was solved due to an update in the agent or feed.,3,1,1,0
safesoc-lnx-01,23502,The CVE-2026-1489 that affected libglib2.0-0t64 was solved due to an update in the agent or feed.,3,1,1,0
safesoc-lnx-01,23502,The CVE-2025-14512 that affected libglib2.0-0t64 was solved due to an update in the agent or feed.,3,1,1,0
safesoc-lnx-01,23502,The CVE-2025-6052 that affected libglib2.0-0t64 was solved due to an update in the agent or feed.,3,1,1,0
safesoc-lnx-01,23502,The CVE-2025-7039 that affected libglib2.0-0t64 was solved due to an update in the agent or feed.,3,1,1,0
safesoc-lnx-01,23502,The CVE-2025-3360 that affected libglib2.0-0t64 was solved due to an update in the agent or feed.,3,1,1,0
safesoc-lnx-01,23502,The CVE-2026-1485 that affected libglib2.0-0t64 was solved due to an update in the agent or feed.,3,1,1,0
safesoc-lnx-01,23502,The CVE-2026-0988 that affected libglib2.0-bin was solved due to an update in the agent or feed.,3,1,1,0
safesoc-lnx-01,23502,The CVE-2025-14087 that affected libglib2.0-bin was solved due to an update in the agent or feed.,3,1,1,0
safesoc-lnx-01,23502,The CVE-2025-13601 that affected libglib2.0-bin was solved due to an update in the agent or feed.,3,1,1,0
safesoc-lnx-01,23502,The CVE-2026-1484 that affected libglib2.0-bin was solved due to an update in the agent or feed.,3,1,1,0
safesoc-lnx-01,23502,The CVE-2026-1489 that affected libglib2.0-bin was solved due to an update in the agent or feed.,3,1,1,0
safesoc-lnx-01,23502,The CVE-2025-14512 that affected libglib2.0-bin was solved due to an update in the agent or feed.,3,1,1,0
safesoc-lnx-01,23502,The CVE-2025-6052 that affected libglib2.0-bin was solved due to an update in the agent or feed.,3,1,1,0
safesoc-lnx-01,23502,The CVE-2025-7039 that affected libglib2.0-bin was solved due to an update in the agent or feed.,3,1,1,0
safesoc-lnx-01,23502,The CVE-2025-3360 that affected libglib2.0-bin was solved due to an update in the agent or feed.,3,1,1,0
safesoc-lnx-01,23502,The CVE-2026-1485 that affected libglib2.0-bin was solved due to an update in the agent or feed.,3,1,1,0
safesoc-lnx-01,23502,The CVE-2026-0988 that affected libglib2.0-data was solved due to an update in the agent or feed.,3,1,1,0
safesoc-lnx-01,23502,The CVE-2025-14087 that affected libglib2.0-data was solved due to an update in the agent or feed.,3,1,1,0
safesoc-lnx-01,23502,The CVE-2025-13601 that affected libglib2.0-data was solved due to an update in the agent or feed.,3,1,1,0
safesoc-lnx-01,23502,The CVE-2026-1484 that affected libglib2.0-data was solved due to an update in the agent or feed.,3,1,1,0
safesoc-lnx-01,23502,The CVE-2026-1489 that affected libglib2.0-data was solved due to an update in the agent or feed.,3,1,1,0
safesoc-lnx-01,23502,The CVE-2025-14512 that affected libglib2.0-data was solved due to an update in the agent or feed.,3,1,1,0
safesoc-lnx-01,23502,The CVE-2025-6052 that affected libglib2.0-data was solved due to an update in the agent or feed.,3,1,1,0
safesoc-lnx-01,23502,The CVE-2025-7039 that affected libglib2.0-data was solved due to an update in the agent or feed.,3,1,1,0
safesoc-lnx-01,23502,The CVE-2025-3360 that affected libglib2.0-data was solved due to an update in the agent or feed.,3,1,1,0
safesoc-lnx-01,23502,The CVE-2026-1485 that affected libglib2.0-data was solved due to an update in the agent or feed.,3,1,1,0
safesoc-lnx-01,23502,The CVE-2025-9820 that affected libgnutls30t64 was solved due to an update in the agent or feed.,3,1,1,0
safesoc-lnx-01,23502,The CVE-2025-14831 that affected libgnutls30t64 was solved due to an update in the agent or feed.,3,1,1,0
safesoc-lnx-01,23502,The CVE-2025-59799 that affected libgs-common was solved due to an update in the agent or feed.,3,1,1,0
safesoc-lnx-01,23502,The CVE-2025-59800 that affected libgs-common was solved due to an update in the agent or feed.,3,1,1,0
safesoc-lnx-01,23502,The CVE-2025-7462 that affected libgs-common was solved due to an update in the agent or feed.,3,1,1,0
safesoc-lnx-01,23502,The CVE-2025-59798 that affected libgs-common was solved due to an update in the agent or feed.,3,1,1,0
safesoc-lnx-01,23502,The CVE-2025-59799 that affected libgs10 was solved due to an update in the agent or feed.,3,1,1,0
safesoc-lnx-01,23502,The CVE-2025-59800 that affected libgs10 was solved due to an update in the agent or feed.,3,1,1,0
safesoc-lnx-01,23502,The CVE-2025-7462 that affected libgs10 was solved due to an update in the agent or feed.,3,1,1,0
safesoc-lnx-01,23502,The CVE-2025-59798 that affected libgs10 was solved due to an update in the agent or feed.,3,1,1,0
safesoc-lnx-01,23502,The CVE-2025-59799 that affected libgs10-common was solved due to an update in the agent or feed.,3,1,1,0
safesoc-lnx-01,23502,The CVE-2025-59800 that affected libgs10-common was solved due to an update in the agent or feed.,3,1,1,0
safesoc-lnx-01,23502,The CVE-2025-7462 that affected libgs10-common was solved due to an update in the agent or feed.,3,1,1,0
safesoc-lnx-01,23502,The CVE-2025-59798 that affected libgs10-common was solved due to an update in the agent or feed.,3,1,1,0
safesoc-lnx-01,23502,The CVE-2025-47808 that affected libgstreamer-gl1.0-0 was solved due to an update in the agent or feed.,3,1,1,0
safesoc-lnx-01,23502,The CVE-2026-2921 that affected libgstreamer-gl1.0-0 was solved due to an update in the agent or feed.,3,1,1,0
safesoc-lnx-01,23502,The CVE-2025-47807 that affected libgstreamer-gl1.0-0 was solved due to an update in the agent or feed.,3,1,1,0
safesoc-lnx-01,23502,The CVE-2025-47806 that affected libgstreamer-gl1.0-0 was solved due to an update in the agent or feed.,3,1,1,0
safesoc-lnx-01,23502,The CVE-2025-47808 that affected libgstreamer-plugins-base1.0-0 was solved due to an update in the agent or feed.,3,1,1,0
safesoc-lnx-01,23502,The CVE-2026-2921 that affected libgstreamer-plugins-base1.0-0 was solved due to an update in the agent or feed.,3,1,1,0
safesoc-lnx-01,23502,The CVE-2025-47807 that affected libgstreamer-plugins-base1.0-0 was solved due to an update in the agent or feed.,3,1,1,0
safesoc-lnx-01,23502,The CVE-2025-47806 that affected libgstreamer-plugins-base1.0-0 was solved due to an update in the agent or feed.,3,1,1,0
safesoc-lnx-01,23502,The CVE-2026-3083 that affected libgstreamer-plugins-good1.0-0 was solved due to an update in the agent or feed.,3,1,1,0
safesoc-lnx-01,23502,The CVE-2026-3085 that affected libgstreamer-plugins-good1.0-0 was solved due to an update in the agent or feed.,3,1,1,0
safesoc-lnx-01,23502,The CVE-2025-47219 that affected libgstreamer-plugins-good1.0-0 was solved due to an update in the agent or feed.,3,1,1,0
safesoc-lnx-01,23502,The CVE-2025-47183 that affected libgstreamer-plugins-good1.0-0 was solved due to an update in the agent or feed.,3,1,1,0
safesoc-lnx-01,23502,The CVE-2025-68431 that affected libheif-plugin-aomdec was solved due to an update in the agent or feed.,3,1,1,0
safesoc-lnx-01,23502,The CVE-2024-25269 that affected libheif-plugin-aomdec was solved due to an update in the agent or feed.,3,1,1,0
safesoc-lnx-01,23502,The CVE-2025-68431 that affected libheif-plugin-aomenc was solved due to an update in the agent or feed.,3,1,1,0
safesoc-lnx-01,23502,The CVE-2024-25269 that affected libheif-plugin-aomenc was solved due to an update in the agent or feed.,3,1,1,0
safesoc-lnx-01,23502,The CVE-2025-68431 that affected libheif-plugin-libde265 was solved due to an update in the agent or feed.,3,1,1,0
safesoc-lnx-01,23502,The CVE-2024-25269 that affected libheif-plugin-libde265 was solved due to an update in the agent or feed.,3,1,1,0
safesoc-lnx-01,23502,The CVE-2025-68431 that affected libheif1 was solved due to an update in the agent or feed.,3,1,1,0
safesoc-lnx-01,23502,The CVE-2024-25269 that affected libheif1 was solved due to an update in the agent or feed.,3,1,1,0
safesoc-lnx-01,23502,The CVE-2025-43441 that affected libjavascriptcoregtk-4.1-0 was solved due to an update in the agent or feed.,3,1,1,0
safesoc-lnx-01,23502,The CVE-2025-43272 that affected libjavascriptcoregtk-4.1-0 was solved due to an update in the agent or feed.,3,1,1,0
safesoc-lnx-01,23502,The CVE-2025-31223 that affected libjavascriptcoregtk-4.1-0 was solved due to an update in the agent or feed.,3,1,1,0
safesoc-lnx-01,23502,The CVE-2025-43431 that affected libjavascriptcoregtk-4.1-0 was solved due to an update in the agent or feed.,3,1,1,0
safesoc-lnx-01,23502,The CVE-2025-43429 that affected libjavascriptcoregtk-4.1-0 was solved due to an update in the agent or feed.,3,1,1,0
safesoc-lnx-01,23502,The CVE-2026-20644 that affected libjavascriptcoregtk-4.1-0 was solved due to an update in the agent or feed.,3,1,1,0
safesoc-lnx-01,23502,The CVE-2025-43427 that affected libjavascriptcoregtk-4.1-0 was solved due to an update in the agent or feed.,3,1,1,0
safesoc-lnx-01,23502,The CVE-2025-43421 that affected libjavascriptcoregtk-4.1-0 was solved due to an update in the agent or feed.,3,1,1,0
safesoc-lnx-01,23502,The CVE-2025-43536 that affected libjavascriptcoregtk-4.1-0 was solved due to an update in the agent or feed.,3,1,1,0
safesoc-lnx-01,23502,The CVE-2025-31278 that affected libjavascriptcoregtk-4.1-0 was solved due to an update in the agent or feed.,3,1,1,0
safesoc-lnx-01,23502,The CVE-2025-31277 that affected libjavascriptcoregtk-4.1-0 was solved due to an update in the agent or feed.,3,1,1,0
safesoc-lnx-01,23502,The CVE-2025-43228 that affected libjavascriptcoregtk-4.1-0 was solved due to an update in the agent or feed.,3,1,1,0
safesoc-lnx-01,23502,The CVE-2025-43368 that affected libjavascriptcoregtk-4.1-0 was solved due to an update in the agent or feed.,3,1,1,0
safesoc-lnx-01,23502,The CVE-2026-20643 that affected libjavascriptcoregtk-4.1-0 was solved due to an update in the agent or feed.,3,1,1,0
safesoc-lnx-01,23502,The CVE-2025-43433 that affected libjavascriptcoregtk-4.1-0 was solved due to an update in the agent or feed.,3,1,1,0
safesoc-lnx-01,23502,The CVE-2025-43541 that affected libjavascriptcoregtk-4.1-0 was solved due to an update in the agent or feed.,3,1,1,0
safesoc-lnx-01,23502,The CVE-2025-6558 that affected libjavascriptcoregtk-4.1-0 was solved due to an update in the agent or feed.,3,1,1,0
safesoc-lnx-01,23502,The CVE-2026-20608 that affected libjavascriptcoregtk-4.1-0 was solved due to an update in the agent or feed.,3,1,1,0
safesoc-lnx-01,23502,The CVE-2025-43211 that affected libjavascriptcoregtk-4.1-0 was solved due to an update in the agent or feed.,3,1,1,0
safesoc-lnx-01,23502,The CVE-2025-66286 that affected libjavascriptcoregtk-4.1-0 was solved due to an update in the agent or feed.,3,1,1,0
safesoc-lnx-01,23502,The CVE-2025-13502 that affected libjavascriptcoregtk-4.1-0 was solved due to an update in the agent or feed.,3,1,1,0
safesoc-lnx-01,23502,The CVE-2025-43440 that affected libjavascriptcoregtk-4.1-0 was solved due to an update in the agent or feed.,3,1,1,0
safesoc-lnx-01,23502,The CVE-2025-43265 that affected libjavascriptcoregtk-4.1-0 was solved due to an update in the agent or feed.,3,1,1,0
safesoc-lnx-01,23502,The CVE-2025-43343 that affected libjavascriptcoregtk-4.1-0 was solved due to an update in the agent or feed.,3,1,1,0
safesoc-lnx-01,23502,The CVE-2025-46299 that affected libjavascriptcoregtk-4.1-0 was solved due to an update in the agent or feed.,3,1,1,0
safesoc-lnx-01,23502,The CVE-2025-43531 that affected libjavascriptcoregtk-4.1-0 was solved due to an update in the agent or feed.,3,1,1,0
safesoc-lnx-01,23502,The CVE-2025-43443 that affected libjavascriptcoregtk-4.1-0 was solved due to an update in the agent or feed.,3,1,1,0
safesoc-lnx-01,23502,The CVE-2025-43240 that affected libjavascriptcoregtk-4.1-0 was solved due to an update in the agent or feed.,3,1,1,0
safesoc-lnx-01,23502,The CVE-2025-43212 that affected libjavascriptcoregtk-4.1-0 was solved due to an update in the agent or feed.,3,1,1,0
safesoc-lnx-01,23502,The CVE-2025-43501 that affected libjavascriptcoregtk-4.1-0 was solved due to an update in the agent or feed.,3,1,1,0
safesoc-lnx-01,23502,The CVE-2025-43432 that affected libjavascriptcoregtk-4.1-0 was solved due to an update in the agent or feed.,3,1,1,0
safesoc-lnx-01,23502,The CVE-2025-43535 that affected libjavascriptcoregtk-4.1-0 was solved due to an update in the agent or feed.,3,1,1,0
safesoc-lnx-01,23502,The CVE-2025-43457 that affected libjavascriptcoregtk-4.1-0 was solved due to an update in the agent or feed.,3,1,1,0
safesoc-lnx-01,23502,The CVE-2025-43458 that affected libjavascriptcoregtk-4.1-0 was solved due to an update in the agent or feed.,3,1,1,0
safesoc-lnx-01,23502,The CVE-2026-28871 that affected libjavascriptcoregtk-4.1-0 was solved due to an update in the agent or feed.,3,1,1,0
safesoc-lnx-01,23502,The CVE-2025-43438 that affected libjavascriptcoregtk-4.1-0 was solved due to an update in the agent or feed.,3,1,1,0
safesoc-lnx-01,23502,The CVE-2025-66287 that affected libjavascriptcoregtk-4.1-0 was solved due to an update in the agent or feed.,3,1,1,0
safesoc-lnx-01,23502,The CVE-2026-28861 that affected libjavascriptcoregtk-4.1-0 was solved due to an update in the agent or feed.,3,1,1,0
safesoc-lnx-01,23502,The CVE-2026-20691 that affected libjavascriptcoregtk-4.1-0 was solved due to an update in the agent or feed.,3,1,1,0
safesoc-lnx-01,23502,The CVE-2026-20664 that affected libjavascriptcoregtk-4.1-0 was solved due to an update in the agent or feed.,3,1,1,0
safesoc-lnx-01,23502,The CVE-2025-43511 that affected libjavascriptcoregtk-4.1-0 was solved due to an update in the agent or feed.,3,1,1,0
safesoc-lnx-01,23502,The CVE-2025-43216 that affected libjavascriptcoregtk-4.1-0 was solved due to an update in the agent or feed.,3,1,1,0
safesoc-lnx-01,23502,The CVE-2025-43227 that affected libjavascriptcoregtk-4.1-0 was solved due to an update in the agent or feed.,3,1,1,0
safesoc-lnx-01,23502,The CVE-2026-20665 that affected libjavascriptcoregtk-4.1-0 was solved due to an update in the agent or feed.,3,1,1,0
safesoc-lnx-01,23502,The CVE-2025-31273 that affected libjavascriptcoregtk-4.1-0 was solved due to an update in the agent or feed.,3,1,1,0
safesoc-lnx-01,23502,The CVE-2025-13947 that affected libjavascriptcoregtk-4.1-0 was solved due to an update in the agent or feed.,3,1,1,0
safesoc-lnx-01,23502,The CVE-2025-43214 that affected libjavascriptcoregtk-4.1-0 was solved due to an update in the agent or feed.,3,1,1,0
safesoc-lnx-01,23502,The CVE-2026-28857 that affected libjavascriptcoregtk-4.1-0 was solved due to an update in the agent or feed.,3,1,1,0
safesoc-lnx-01,23502,The CVE-2025-43356 that affected libjavascriptcoregtk-4.1-0 was solved due to an update in the agent or feed.,3,1,1,0
safesoc-lnx-01,23502,The CVE-2025-43434 that affected libjavascriptcoregtk-4.1-0 was solved due to an update in the agent or feed.,3,1,1,0
safesoc-lnx-01,23502,The CVE-2026-20652 that affected libjavascriptcoregtk-4.1-0 was solved due to an update in the agent or feed.,3,1,1,0
safesoc-lnx-01,23502,The CVE-2025-43430 that affected libjavascriptcoregtk-4.1-0 was solved due to an update in the agent or feed.,3,1,1,0
safesoc-lnx-01,23502,The CVE-2026-20676 that affected libjavascriptcoregtk-4.1-0 was solved due to an update in the agent or feed.,3,1,1,0
safesoc-lnx-01,23502,The CVE-2025-43342 that affected libjavascriptcoregtk-4.1-0 was solved due to an update in the agent or feed.,3,1,1,0
safesoc-lnx-01,23502,The CVE-2026-28859 that affected libjavascriptcoregtk-4.1-0 was solved due to an update in the agent or feed.,3,1,1,0
safesoc-lnx-01,23502,The CVE-2026-20635 that affected libjavascriptcoregtk-4.1-0 was solved due to an update in the agent or feed.,3,1,1,0
safesoc-lnx-01,23502,The CVE-2025-43213 that affected libjavascriptcoregtk-4.1-0 was solved due to an update in the agent or feed.,3,1,1,0
safesoc-lnx-01,23502,The CVE-2026-20636 that affected libjavascriptcoregtk-4.1-0 was solved due to an update in the agent or feed.,3,1,1,0
safesoc-lnx-01,23502,The CVE-2025-43392 that affected libjavascriptcoregtk-4.1-0 was solved due to an update in the agent or feed.,3,1,1,0
safesoc-lnx-01,23502,The CVE-2025-14174 that affected libjavascriptcoregtk-4.1-0 was solved due to an update in the agent or feed.,3,1,1,0
safesoc-lnx-01,23502,The CVE-2025-43529 that affected libjavascriptcoregtk-4.1-0 was solved due to an update in the agent or feed.,3,1,1,0
safesoc-lnx-01,23502,The CVE-2025-43425 that affected libjavascriptcoregtk-4.1-0 was solved due to an update in the agent or feed.,3,1,1,0
safesoc-lnx-01,23502,The CVE-2025-43419 that affected libjavascriptcoregtk-4.1-0 was solved due to an update in the agent or feed.,3,1,1,0
safesoc-lnx-01,23502,The CVE-2025-43441 that affected libjavascriptcoregtk-6.0-1 was solved due to an update in the agent or feed.,3,1,1,0
safesoc-lnx-01,23502,The CVE-2025-43272 that affected libjavascriptcoregtk-6.0-1 was solved due to an update in the agent or feed.,3,1,1,0
safesoc-lnx-01,23502,The CVE-2025-31223 that affected libjavascriptcoregtk-6.0-1 was solved due to an update in the agent or feed.,3,1,1,0
safesoc-lnx-01,23502,The CVE-2025-43431 that affected libjavascriptcoregtk-6.0-1 was solved due to an update in the agent or feed.,3,1,1,0
safesoc-lnx-01,23502,The CVE-2025-43429 that affected libjavascriptcoregtk-6.0-1 was solved due to an update in the agent or feed.,3,1,1,0
safesoc-lnx-01,23502,The CVE-2026-20644 that affected libjavascriptcoregtk-6.0-1 was solved due to an update in the agent or feed.,3,1,1,0
safesoc-lnx-01,23502,The CVE-2025-43427 that affected libjavascriptcoregtk-6.0-1 was solved due to an update in the agent or feed.,3,1,1,0
safesoc-lnx-01,23502,The CVE-2025-43421 that affected libjavascriptcoregtk-6.0-1 was solved due to an update in the agent or feed.,3,1,1,0
safesoc-lnx-01,23502,The CVE-2025-43536 that affected libjavascriptcoregtk-6.0-1 was solved due to an update in the agent or feed.,3,1,1,0
safesoc-lnx-01,23502,The CVE-2025-31278 that affected libjavascriptcoregtk-6.0-1 was solved due to an update in the agent or feed.,3,1,1,0
safesoc-lnx-01,23502,The CVE-2025-31277 that affected libjavascriptcoregtk-6.0-1 was solved due to an update in the agent or feed.,3,1,1,0
safesoc-lnx-01,23502,The CVE-2025-43228 that affected libjavascriptcoregtk-6.0-1 was solved due to an update in the agent or feed.,3,1,1,0
safesoc-lnx-01,23502,The CVE-2025-43368 that affected libjavascriptcoregtk-6.0-1 was solved due to an update in the agent or feed.,3,1,1,0
safesoc-lnx-01,23502,The CVE-2026-20643 that affected libjavascriptcoregtk-6.0-1 was solved due to an update in the agent or feed.,3,1,1,0
safesoc-lnx-01,23502,The CVE-2025-43433 that affected libjavascriptcoregtk-6.0-1 was solved due to an update in the agent or feed.,3,1,1,0
safesoc-lnx-01,23502,The CVE-2025-43541 that affected libjavascriptcoregtk-6.0-1 was solved due to an update in the agent or feed.,3,1,1,0
safesoc-lnx-01,23502,The CVE-2025-6558 that affected libjavascriptcoregtk-6.0-1 was solved due to an update in the agent or feed.,3,1,1,0
safesoc-lnx-01,23502,The CVE-2026-20608 that affected libjavascriptcoregtk-6.0-1 was solved due to an update in the agent or feed.,3,1,1,0
safesoc-lnx-01,23502,The CVE-2025-43211 that affected libjavascriptcoregtk-6.0-1 was solved due to an update in the agent or feed.,3,1,1,0
safesoc-lnx-01,23502,The CVE-2025-66286 that affected libjavascriptcoregtk-6.0-1 was solved due to an update in the agent or feed.,3,1,1,0
safesoc-lnx-01,23502,The CVE-2025-13502 that affected libjavascriptcoregtk-6.0-1 was solved due to an update in the agent or feed.,3,1,1,0
safesoc-lnx-01,23502,The CVE-2025-43440 that affected libjavascriptcoregtk-6.0-1 was solved due to an update in the agent or feed.,3,1,1,0
safesoc-lnx-01,23502,The CVE-2025-43265 that affected libjavascriptcoregtk-6.0-1 was solved due to an update in the agent or feed.,3,1,1,0
safesoc-lnx-01,23502,The CVE-2025-43343 that affected libjavascriptcoregtk-6.0-1 was solved due to an update in the agent or feed.,3,1,1,0
safesoc-lnx-01,23502,The CVE-2025-46299 that affected libjavascriptcoregtk-6.0-1 was solved due to an update in the agent or feed.,3,1,1,0
safesoc-lnx-01,23502,The CVE-2025-43531 that affected libjavascriptcoregtk-6.0-1 was solved due to an update in the agent or feed.,3,1,1,0
safesoc-lnx-01,23502,The CVE-2025-43443 that affected libjavascriptcoregtk-6.0-1 was solved due to an update in the agent or feed.,3,1,1,0
safesoc-lnx-01,23502,The CVE-2025-43240 that affected libjavascriptcoregtk-6.0-1 was solved due to an update in the agent or feed.,3,1,1,0
safesoc-lnx-01,23502,The CVE-2025-43212 that affected libjavascriptcoregtk-6.0-1 was solved due to an update in the agent or feed.,3,1,1,0
safesoc-lnx-01,23502,The CVE-2025-43501 that affected libjavascriptcoregtk-6.0-1 was solved due to an update in the agent or feed.,3,1,1,0
safesoc-lnx-01,23502,The CVE-2025-43432 that affected libjavascriptcoregtk-6.0-1 was solved due to an update in the agent or feed.,3,1,1,0
safesoc-lnx-01,23502,The CVE-2025-43535 that affected libjavascriptcoregtk-6.0-1 was solved due to an update in the agent or feed.,3,1,1,0
safesoc-lnx-01,23502,The CVE-2025-43457 that affected libjavascriptcoregtk-6.0-1 was solved due to an update in the agent or feed.,3,1,1,0
safesoc-lnx-01,23502,The CVE-2025-43458 that affected libjavascriptcoregtk-6.0-1 was solved due to an update in the agent or feed.,3,1,1,0
safesoc-lnx-01,23502,The CVE-2026-28871 that affected libjavascriptcoregtk-6.0-1 was solved due to an update in the agent or feed.,3,1,1,0
safesoc-lnx-01,23502,The CVE-2025-43438 that affected libjavascriptcoregtk-6.0-1 was solved due to an update in the agent or feed.,3,1,1,0
safesoc-lnx-01,23502,The CVE-2025-66287 that affected libjavascriptcoregtk-6.0-1 was solved due to an update in the agent or feed.,3,1,1,0
safesoc-lnx-01,23502,The CVE-2026-28861 that affected libjavascriptcoregtk-6.0-1 was solved due to an update in the agent or feed.,3,1,1,0
safesoc-lnx-01,23502,The CVE-2026-20691 that affected libjavascriptcoregtk-6.0-1 was solved due to an update in the agent or feed.,3,1,1,0
safesoc-lnx-01,23502,The CVE-2026-20664 that affected libjavascriptcoregtk-6.0-1 was solved due to an update in the agent or feed.,3,1,1,0
safesoc-lnx-01,23502,The CVE-2025-43511 that affected libjavascriptcoregtk-6.0-1 was solved due to an update in the agent or feed.,3,1,1,0
safesoc-lnx-01,23502,The CVE-2025-43216 that affected libjavascriptcoregtk-6.0-1 was solved due to an update in the agent or feed.,3,1,1,0
safesoc-lnx-01,23502,The CVE-2025-43227 that affected libjavascriptcoregtk-6.0-1 was solved due to an update in the agent or feed.,3,1,1,0
safesoc-lnx-01,23502,The CVE-2026-20665 that affected libjavascriptcoregtk-6.0-1 was solved due to an update in the agent or feed.,3,1,1,0
safesoc-lnx-01,23502,The CVE-2025-31273 that affected libjavascriptcoregtk-6.0-1 was solved due to an update in the agent or feed.,3,1,1,0
safesoc-lnx-01,23502,The CVE-2025-13947 that affected libjavascriptcoregtk-6.0-1 was solved due to an update in the agent or feed.,3,1,1,0
safesoc-lnx-01,23502,The CVE-2025-43214 that affected libjavascriptcoregtk-6.0-1 was solved due to an update in the agent or feed.,3,1,1,0
safesoc-lnx-01,23502,The CVE-2026-28857 that affected libjavascriptcoregtk-6.0-1 was solved due to an update in the agent or feed.,3,1,1,0
safesoc-lnx-01,23502,The CVE-2025-43356 that affected libjavascriptcoregtk-6.0-1 was solved due to an update in the agent or feed.,3,1,1,0
safesoc-lnx-01,23502,The CVE-2025-43434 that affected libjavascriptcoregtk-6.0-1 was solved due to an update in the agent or feed.,3,1,1,0
safesoc-lnx-01,23502,The CVE-2026-20652 that affected libjavascriptcoregtk-6.0-1 was solved due to an update in the agent or feed.,3,1,1,0
safesoc-lnx-01,23502,The CVE-2025-43430 that affected libjavascriptcoregtk-6.0-1 was solved due to an update in the agent or feed.,3,1,1,0
safesoc-lnx-01,23502,The CVE-2026-20676 that affected libjavascriptcoregtk-6.0-1 was solved due to an update in the agent or feed.,3,1,1,0
safesoc-lnx-01,23502,The CVE-2025-43342 that affected libjavascriptcoregtk-6.0-1 was solved due to an update in the agent or feed.,3,1,1,0
safesoc-lnx-01,23502,The CVE-2026-28859 that affected libjavascriptcoregtk-6.0-1 was solved due to an update in the agent or feed.,3,1,1,0
safesoc-lnx-01,23502,The CVE-2026-20635 that affected libjavascriptcoregtk-6.0-1 was solved due to an update in the agent or feed.,3,1,1,0
safesoc-lnx-01,23502,The CVE-2025-43213 that affected libjavascriptcoregtk-6.0-1 was solved due to an update in the agent or feed.,3,1,1,0
safesoc-lnx-01,23502,The CVE-2026-20636 that affected libjavascriptcoregtk-6.0-1 was solved due to an update in the agent or feed.,3,1,1,0
safesoc-lnx-01,23502,The CVE-2025-43392 that affected libjavascriptcoregtk-6.0-1 was solved due to an update in the agent or feed.,3,1,1,0
safesoc-lnx-01,23502,The CVE-2025-14174 that affected libjavascriptcoregtk-6.0-1 was solved due to an update in the agent or feed.,3,1,1,0
safesoc-lnx-01,23502,The CVE-2025-43529 that affected libjavascriptcoregtk-6.0-1 was solved due to an update in the agent or feed.,3,1,1,0
safesoc-lnx-01,23502,The CVE-2025-43425 that affected libjavascriptcoregtk-6.0-1 was solved due to an update in the agent or feed.,3,1,1,0
safesoc-lnx-01,23502,The CVE-2025-43419 that affected libjavascriptcoregtk-6.0-1 was solved due to an update in the agent or feed.,3,1,1,0
safesoc-lnx-01,23502,The CVE-2026-32316 that affected libjq1 was solved due to an update in the agent or feed.,3,1,1,0
safesoc-lnx-01,23502,The CVE-2026-33947 that affected libjq1 was solved due to an update in the agent or feed.,3,1,1,0
safesoc-lnx-01,23502,The CVE-2026-40164 that affected libjq1 was solved due to an update in the agent or feed.,3,1,1,0
safesoc-lnx-01,23502,The CVE-2026-33948 that affected libjq1 was solved due to an update in the agent or feed.,3,1,1,0
safesoc-lnx-01,23502,The CVE-2026-39979 that affected libjq1 was solved due to an update in the agent or feed.,3,1,1,0
safesoc-lnx-01,23502,The CVE-2026-39956 that affected libjq1 was solved due to an update in the agent or feed.,3,1,1,0
safesoc-lnx-01,23502,The CVE-2016-9843 that affected libklibc was solved due to an update in the agent or feed.,3,1,1,0
safesoc-lnx-01,23502,The CVE-2026-41254 that affected liblcms2-2 was solved due to an update in the agent or feed.,3,1,1,0
safesoc-lnx-01,23502,The CVE-2026-41254 that affected liblcms2-utils was solved due to an update in the agent or feed.,3,1,1,0
safesoc-lnx-01,23502,The CVE-2025-9640 that affected libldb2 was solved due to an update in the agent or feed.,3,1,1,0
safesoc-lnx-01,23502,The CVE-2025-10230 that affected libldb2 was solved due to an update in the agent or feed.,3,1,1,0
safesoc-lnx-01,23502,The CVE-2026-27456 that affected libmount1 was solved due to an update in the agent or feed.,3,1,1,0
safesoc-lnx-01,23502,The CVE-2026-27135 that affected libnghttp2-14 was solved due to an update in the agent or feed.,3,1,1,0
safesoc-lnx-01,23502,The CVE-2026-29111 that affected libnss-systemd was solved due to an update in the agent or feed.,3,1,1,0
safesoc-lnx-01,23502,The CVE-2026-2781 that affected libnss3 was solved due to an update in the agent or feed.,3,1,1,0
safesoc-lnx-01,23502,The CVE-2026-40706 that affected libntfs-3g89t64 was solved due to an update in the agent or feed.,3,1,1,0
safesoc-lnx-01,23502,The CVE-2023-52890 that affected libntfs-3g89t64 was solved due to an update in the agent or feed.,3,1,1,0
safesoc-lnx-01,23502,The CVE-2025-15536 that affected libopencc-data was solved due to an update in the agent or feed.,3,1,1,0
safesoc-lnx-01,23502,The CVE-2025-15536 that affected libopencc1.1 was solved due to an update in the agent or feed.,3,1,1,0
safesoc-lnx-01,23502,The CVE-2019-6988 that affected libopenjp2-7 was solved due to an update in the agent or feed.,3,1,1,0
safesoc-lnx-01,23502,The CVE-2025-50952 that affected libopenjp2-7 was solved due to an update in the agent or feed.,3,1,1,0
safesoc-lnx-01,23502,The CVE-2026-6192 that affected libopenjp2-7 was solved due to an update in the agent or feed.,3,1,1,0
safesoc-lnx-01,23502,The CVE-2023-39328 that affected libopenjp2-7 was solved due to an update in the agent or feed.,3,1,1,0
safesoc-lnx-01,23502,The CVE-2023-39329 that affected libopenjp2-7 was solved due to an update in the agent or feed.,3,1,1,0
safesoc-lnx-01,23502,The CVE-2022-0987 that affected libpackagekit-glib2-18 was solved due to an update in the agent or feed.,3,1,1,0
safesoc-lnx-01,23502,The CVE-2024-0217 that affected libpackagekit-glib2-18 was solved due to an update in the agent or feed.,3,1,1,0
safesoc-lnx-01,23502,The CVE-2026-41651 that affected libpackagekit-glib2-18 was solved due to an update in the agent or feed.,3,1,1,0
safesoc-lnx-01,23502,The CVE-2026-4878 that affected libpam-cap was solved due to an update in the agent or feed.,3,1,1,0
safesoc-lnx-01,23502,The CVE-2024-10963 that affected libpam-modules was solved due to an update in the agent or feed.,3,1,1,0
safesoc-lnx-01,23502,The CVE-2024-10963 that affected libpam-modules-bin was solved due to an update in the agent or feed.,3,1,1,0
safesoc-lnx-01,23502,The CVE-2024-10963 that affected libpam-runtime was solved due to an update in the agent or feed.,3,1,1,0
safesoc-lnx-01,23502,The CVE-2026-29111 that affected libpam-systemd was solved due to an update in the agent or feed.,3,1,1,0
safesoc-lnx-01,23502,The CVE-2024-10963 that affected libpam0g was solved due to an update in the agent or feed.,3,1,1,0
safesoc-lnx-01,23502,The CVE-2025-66293 that affected libpng16-16t64 was solved due to an update in the agent or feed.,3,1,1,0
safesoc-lnx-01,23502,The CVE-2025-28164 that affected libpng16-16t64 was solved due to an update in the agent or feed.,3,1,1,0
safesoc-lnx-01,23502,The CVE-2026-22695 that affected libpng16-16t64 was solved due to an update in the agent or feed.,3,1,1,0
safesoc-lnx-01,23502,The CVE-2025-64506 that affected libpng16-16t64 was solved due to an update in the agent or feed.,3,1,1,0
safesoc-lnx-01,23502,The CVE-2025-64505 that affected libpng16-16t64 was solved due to an update in the agent or feed.,3,1,1,0
safesoc-lnx-01,23502,The CVE-2026-22801 that affected libpng16-16t64 was solved due to an update in the agent or feed.,3,1,1,0
safesoc-lnx-01,23502,The CVE-2026-33416 that affected libpng16-16t64 was solved due to an update in the agent or feed.,3,1,1,0
safesoc-lnx-01,23502,The CVE-2026-34757 that affected libpng16-16t64 was solved due to an update in the agent or feed.,3,1,1,0
safesoc-lnx-01,23502,The CVE-2026-33636 that affected libpng16-16t64 was solved due to an update in the agent or feed.,3,1,1,0
safesoc-lnx-01,23502,The CVE-2025-28162 that affected libpng16-16t64 was solved due to an update in the agent or feed.,3,1,1,0
safesoc-lnx-01,23502,The CVE-2025-65018 that affected libpng16-16t64 was solved due to an update in the agent or feed.,3,1,1,0
safesoc-lnx-01,23502,The CVE-2025-64720 that affected libpng16-16t64 was solved due to an update in the agent or feed.,3,1,1,0
safesoc-lnx-01,23502,The CVE-2026-25646 that affected libpng16-16t64 was solved due to an update in the agent or feed.,3,1,1,0
safesoc-lnx-01,23502,The CVE-2016-2568 that affected libpolkit-agent-1-0 was solved due to an update in the agent or feed.,3,1,1,0
safesoc-lnx-01,23502,The CVE-2025-7519 that affected libpolkit-agent-1-0 was solved due to an update in the agent or feed.,3,1,1,0
safesoc-lnx-01,23502,The CVE-2026-4897 that affected libpolkit-agent-1-0 was solved due to an update in the agent or feed.,3,1,1,0
safesoc-lnx-01,23502,The CVE-2016-2568 that affected libpolkit-gobject-1-0 was solved due to an update in the agent or feed.,3,1,1,0
safesoc-lnx-01,23502,The CVE-2025-7519 that affected libpolkit-gobject-1-0 was solved due to an update in the agent or feed.,3,1,1,0
safesoc-lnx-01,23502,The CVE-2026-4897 that affected libpolkit-gobject-1-0 was solved due to an update in the agent or feed.,3,1,1,0
safesoc-lnx-01,23502,The CVE-2025-43718 that affected libpoppler-cpp0t64 was solved due to an update in the agent or feed.,3,1,1,0
safesoc-lnx-01,23502,The CVE-2025-50420 that affected libpoppler-cpp0t64 was solved due to an update in the agent or feed.,3,1,1,0
safesoc-lnx-01,23502,The CVE-2019-9545 that affected libpoppler-cpp0t64 was solved due to an update in the agent or feed.,3,1,1,0
safesoc-lnx-01,23502,The CVE-2025-52885 that affected libpoppler-cpp0t64 was solved due to an update in the agent or feed.,3,1,1,0
safesoc-lnx-01,23502,The CVE-2019-9543 that affected libpoppler-cpp0t64 was solved due to an update in the agent or feed.,3,1,1,0
safesoc-lnx-01,23502,The CVE-2025-43718 that affected libpoppler-glib8t64 was solved due to an update in the agent or feed.,3,1,1,0
safesoc-lnx-01,23502,The CVE-2025-50420 that affected libpoppler-glib8t64 was solved due to an update in the agent or feed.,3,1,1,0
safesoc-lnx-01,23502,The CVE-2019-9545 that affected libpoppler-glib8t64 was solved due to an update in the agent or feed.,3,1,1,0
safesoc-lnx-01,23502,The CVE-2025-52885 that affected libpoppler-glib8t64 was solved due to an update in the agent or feed.,3,1,1,0
safesoc-lnx-01,23502,The CVE-2019-9543 that affected libpoppler-glib8t64 was solved due to an update in the agent or feed.,3,1,1,0
safesoc-lnx-01,23502,The CVE-2025-43718 that affected libpoppler134 was solved due to an update in the agent or feed.,3,1,1,0
safesoc-lnx-01,23502,The CVE-2025-50420 that affected libpoppler134 was solved due to an update in the agent or feed.,3,1,1,0
safesoc-lnx-01,23502,The CVE-2019-9545 that affected libpoppler134 was solved due to an update in the agent or feed.,3,1,1,0
safesoc-lnx-01,23502,The CVE-2025-52885 that affected libpoppler134 was solved due to an update in the agent or feed.,3,1,1,0
safesoc-lnx-01,23502,The CVE-2019-9543 that affected libpoppler134 was solved due to an update in the agent or feed.,3,1,1,0
safesoc-lnx-01,23502,The CVE-2026-6409 that affected libprotobuf32t64 was solved due to an update in the agent or feed.,3,1,1,0
safesoc-lnx-01,23502,The CVE-2026-0994 that affected libprotobuf32t64 was solved due to an update in the agent or feed.,3,1,1,0
safesoc-lnx-01,23502,The CVE-2025-8291 that affected libpython3.12-minimal was solved due to an update in the agent or feed.,3,1,1,0
safesoc-lnx-01,23502,The CVE-2025-13837 that affected libpython3.12-minimal was solved due to an update in the agent or feed.,3,1,1,0
safesoc-lnx-01,23502,The CVE-2025-8194 that affected libpython3.12-minimal was solved due to an update in the agent or feed.,3,1,1,0
safesoc-lnx-01,23502,The CVE-2025-6075 that affected libpython3.12-minimal was solved due to an update in the agent or feed.,3,1,1,0
safesoc-lnx-01,23502,The CVE-2025-15282 that affected libpython3.12-minimal was solved due to an update in the agent or feed.,3,1,1,0
safesoc-lnx-01,23502,The CVE-2025-13836 that affected libpython3.12-minimal was solved due to an update in the agent or feed.,3,1,1,0
safesoc-lnx-01,23502,The CVE-2026-0672 that affected libpython3.12-minimal was solved due to an update in the agent or feed.,3,1,1,0
safesoc-lnx-01,23502,The CVE-2025-11468 that affected libpython3.12-minimal was solved due to an update in the agent or feed.,3,1,1,0
safesoc-lnx-01,23502,The CVE-2025-12084 that affected libpython3.12-minimal was solved due to an update in the agent or feed.,3,1,1,0
safesoc-lnx-01,23502,The CVE-2025-6069 that affected libpython3.12-minimal was solved due to an update in the agent or feed.,3,1,1,0
safesoc-lnx-01,23502,The CVE-2025-13462 that affected libpython3.12-minimal was solved due to an update in the agent or feed.,3,1,1,0
safesoc-lnx-01,23502,The CVE-2026-2297 that affected libpython3.12-minimal was solved due to an update in the agent or feed.,3,1,1,0
safesoc-lnx-01,23502,The CVE-2026-0865 that affected libpython3.12-minimal was solved due to an update in the agent or feed.,3,1,1,0
safesoc-lnx-01,23502,The CVE-2025-8291 that affected libpython3.12-stdlib was solved due to an update in the agent or feed.,3,1,1,0
safesoc-lnx-01,23502,The CVE-2025-13837 that affected libpython3.12-stdlib was solved due to an update in the agent or feed.,3,1,1,0
safesoc-lnx-01,23502,The CVE-2025-8194 that affected libpython3.12-stdlib was solved due to an update in the agent or feed.,3,1,1,0
safesoc-lnx-01,23502,The CVE-2025-6075 that affected libpython3.12-stdlib was solved due to an update in the agent or feed.,3,1,1,0
safesoc-lnx-01,23502,The CVE-2025-15282 that affected libpython3.12-stdlib was solved due to an update in the agent or feed.,3,1,1,0
safesoc-lnx-01,23502,The CVE-2025-13836 that affected libpython3.12-stdlib was solved due to an update in the agent or feed.,3,1,1,0
safesoc-lnx-01,23502,The CVE-2026-0672 that affected libpython3.12-stdlib was solved due to an update in the agent or feed.,3,1,1,0
safesoc-lnx-01,23502,The CVE-2025-11468 that affected libpython3.12-stdlib was solved due to an update in the agent or feed.,3,1,1,0
safesoc-lnx-01,23502,The CVE-2025-12084 that affected libpython3.12-stdlib was solved due to an update in the agent or feed.,3,1,1,0
safesoc-lnx-01,23502,The CVE-2025-6069 that affected libpython3.12-stdlib was solved due to an update in the agent or feed.,3,1,1,0
safesoc-lnx-01,23502,The CVE-2025-13462 that affected libpython3.12-stdlib was solved due to an update in the agent or feed.,3,1,1,0
safesoc-lnx-01,23502,The CVE-2026-2297 that affected libpython3.12-stdlib was solved due to an update in the agent or feed.,3,1,1,0
safesoc-lnx-01,23502,The CVE-2026-0865 that affected libpython3.12-stdlib was solved due to an update in the agent or feed.,3,1,1,0
safesoc-lnx-01,23502,The CVE-2025-8291 that affected libpython3.12t64 was solved due to an update in the agent or feed.,3,1,1,0
safesoc-lnx-01,23502,The CVE-2025-13837 that affected libpython3.12t64 was solved due to an update in the agent or feed.,3,1,1,0
safesoc-lnx-01,23502,The CVE-2025-8194 that affected libpython3.12t64 was solved due to an update in the agent or feed.,3,1,1,0
safesoc-lnx-01,23502,The CVE-2025-6075 that affected libpython3.12t64 was solved due to an update in the agent or feed.,3,1,1,0
safesoc-lnx-01,23502,The CVE-2025-15282 that affected libpython3.12t64 was solved due to an update in the agent or feed.,3,1,1,0
safesoc-lnx-01,23502,The CVE-2025-13836 that affected libpython3.12t64 was solved due to an update in the agent or feed.,3,1,1,0
safesoc-lnx-01,23502,The CVE-2026-0672 that affected libpython3.12t64 was solved due to an update in the agent or feed.,3,1,1,0
safesoc-lnx-01,23502,The CVE-2025-11468 that affected libpython3.12t64 was solved due to an update in the agent or feed.,3,1,1,0
safesoc-lnx-01,23502,The CVE-2025-12084 that affected libpython3.12t64 was solved due to an update in the agent or feed.,3,1,1,0
safesoc-lnx-01,23502,The CVE-2025-6069 that affected libpython3.12t64 was solved due to an update in the agent or feed.,3,1,1,0
safesoc-lnx-01,23502,The CVE-2025-13462 that affected libpython3.12t64 was solved due to an update in the agent or feed.,3,1,1,0
safesoc-lnx-01,23502,The CVE-2026-2297 that affected libpython3.12t64 was solved due to an update in the agent or feed.,3,1,1,0
safesoc-lnx-01,23502,The CVE-2026-0865 that affected libpython3.12t64 was solved due to an update in the agent or feed.,3,1,1,0
safesoc-lnx-01,23502,The CVE-2026-27456 that affected libsmartcols1 was solved due to an update in the agent or feed.,3,1,1,0
safesoc-lnx-01,23502,The CVE-2025-9640 that affected libsmbclient0 was solved due to an update in the agent or feed.,3,1,1,0
safesoc-lnx-01,23502,The CVE-2025-10230 that affected libsmbclient0 was solved due to an update in the agent or feed.,3,1,1,0
safesoc-lnx-01,23502,The CVE-2025-68615 that affected libsnmp-base was solved due to an update in the agent or feed.,3,1,1,0
safesoc-lnx-01,23502,The CVE-2025-68615 that affected libsnmp40t64 was solved due to an update in the agent or feed.,3,1,1,0
safesoc-lnx-01,23502,The CVE-2026-1467 that affected libsoup-3.0-0 was solved due to an update in the agent or feed.,3,1,1,0
safesoc-lnx-01,23502,The CVE-2026-0719 that affected libsoup-3.0-0 was solved due to an update in the agent or feed.,3,1,1,0
safesoc-lnx-01,23502,The CVE-2026-3099 that affected libsoup-3.0-0 was solved due to an update in the agent or feed.,3,1,1,0
safesoc-lnx-01,23502,The CVE-2025-12105 that affected libsoup-3.0-0 was solved due to an update in the agent or feed.,3,1,1,0
safesoc-lnx-01,23502,The CVE-2026-3633 that affected libsoup-3.0-0 was solved due to an update in the agent or feed.,3,1,1,0
safesoc-lnx-01,23502,The CVE-2026-0716 that affected libsoup-3.0-0 was solved due to an update in the agent or feed.,3,1,1,0
safesoc-lnx-01,23502,The CVE-2025-4035 that affected libsoup-3.0-0 was solved due to an update in the agent or feed.,3,1,1,0
safesoc-lnx-01,23502,The CVE-2026-1539 that affected libsoup-3.0-0 was solved due to an update in the agent or feed.,3,1,1,0
safesoc-lnx-01,23502,The CVE-2025-9901 that affected libsoup-3.0-0 was solved due to an update in the agent or feed.,3,1,1,0
safesoc-lnx-01,23502,The CVE-2026-1536 that affected libsoup-3.0-0 was solved due to an update in the agent or feed.,3,1,1,0
safesoc-lnx-01,23502,The CVE-2026-3632 that affected libsoup-3.0-0 was solved due to an update in the agent or feed.,3,1,1,0
safesoc-lnx-01,23502,The CVE-2025-32049 that affected libsoup-3.0-0 was solved due to an update in the agent or feed.,3,1,1,0
safesoc-lnx-01,23502,The CVE-2026-3634 that affected libsoup-3.0-0 was solved due to an update in the agent or feed.,3,1,1,0
safesoc-lnx-01,23502,The CVE-2025-14523 that affected libsoup-3.0-0 was solved due to an update in the agent or feed.,3,1,1,0
safesoc-lnx-01,23502,The CVE-2026-1467 that affected libsoup-3.0-common was solved due to an update in the agent or feed.,3,1,1,0
safesoc-lnx-01,23502,The CVE-2026-0719 that affected libsoup-3.0-common was solved due to an update in the agent or feed.,3,1,1,0
safesoc-lnx-01,23502,The CVE-2026-3099 that affected libsoup-3.0-common was solved due to an update in the agent or feed.,3,1,1,0
safesoc-lnx-01,23502,The CVE-2025-12105 that affected libsoup-3.0-common was solved due to an update in the agent or feed.,3,1,1,0
safesoc-lnx-01,23502,The CVE-2026-3633 that affected libsoup-3.0-common was solved due to an update in the agent or feed.,3,1,1,0
safesoc-lnx-01,23502,The CVE-2026-0716 that affected libsoup-3.0-common was solved due to an update in the agent or feed.,3,1,1,0
safesoc-lnx-01,23502,The CVE-2025-4035 that affected libsoup-3.0-common was solved due to an update in the agent or feed.,3,1,1,0
safesoc-lnx-01,23502,The CVE-2026-1539 that affected libsoup-3.0-common was solved due to an update in the agent or feed.,3,1,1,0
safesoc-lnx-01,23502,The CVE-2025-9901 that affected libsoup-3.0-common was solved due to an update in the agent or feed.,3,1,1,0
safesoc-lnx-01,23502,The CVE-2026-1536 that affected libsoup-3.0-common was solved due to an update in the agent or feed.,3,1,1,0
safesoc-lnx-01,23502,The CVE-2026-3632 that affected libsoup-3.0-common was solved due to an update in the agent or feed.,3,1,1,0
safesoc-lnx-01,23502,The CVE-2025-32049 that affected libsoup-3.0-common was solved due to an update in the agent or feed.,3,1,1,0
safesoc-lnx-01,23502,The CVE-2026-3634 that affected libsoup-3.0-common was solved due to an update in the agent or feed.,3,1,1,0
safesoc-lnx-01,23502,The CVE-2025-14523 that affected libsoup-3.0-common was solved due to an update in the agent or feed.,3,1,1,0
safesoc-lnx-01,23502,The CVE-2025-7709 that affected libsqlite3-0 was solved due to an update in the agent or feed.,3,1,1,0
safesoc-lnx-01,23502,The CVE-2025-8114 that affected libssh-4 was solved due to an update in the agent or feed.,3,1,1,0
safesoc-lnx-01,23502,The CVE-2026-0967 that affected libssh-4 was solved due to an update in the agent or feed.,3,1,1,0
safesoc-lnx-01,23502,The CVE-2026-3731 that affected libssh-4 was solved due to an update in the agent or feed.,3,1,1,0
safesoc-lnx-01,23502,The CVE-2026-0964 that affected libssh-4 was solved due to an update in the agent or feed.,3,1,1,0
safesoc-lnx-01,23502,The CVE-2026-0965 that affected libssh-4 was solved due to an update in the agent or feed.,3,1,1,0
safesoc-lnx-01,23502,The CVE-2026-0966 that affected libssh-4 was solved due to an update in the agent or feed.,3,1,1,0
safesoc-lnx-01,23502,The CVE-2026-0968 that affected libssh-4 was solved due to an update in the agent or feed.,3,1,1,0
safesoc-lnx-01,23502,The CVE-2025-8277 that affected libssh-4 was solved due to an update in the agent or feed.,3,1,1,0
safesoc-lnx-01,23502,The CVE-2026-22795 that affected libssl3t64 was solved due to an update in the agent or feed.,3,1,1,0
safesoc-lnx-01,23502,The CVE-2025-15467 that affected libssl3t64 was solved due to an update in the agent or feed.,3,1,1,0
safesoc-lnx-01,23502,The CVE-2025-69421 that affected libssl3t64 was solved due to an update in the agent or feed.,3,1,1,0
safesoc-lnx-01,23502,The CVE-2025-68160 that affected libssl3t64 was solved due to an update in the agent or feed.,3,1,1,0
safesoc-lnx-01,23502,The CVE-2025-69418 that affected libssl3t64 was solved due to an update in the agent or feed.,3,1,1,0
safesoc-lnx-01,23502,The CVE-2026-28388 that affected libssl3t64 was solved due to an update in the agent or feed.,3,1,1,0
safesoc-lnx-01,23502,The CVE-2026-22796 that affected libssl3t64 was solved due to an update in the agent or feed.,3,1,1,0
safesoc-lnx-01,23502,The CVE-2026-28390 that affected libssl3t64 was solved due to an update in the agent or feed.,3,1,1,0
safesoc-lnx-01,23502,The CVE-2026-28387 that affected libssl3t64 was solved due to an update in the agent or feed.,3,1,1,0
safesoc-lnx-01,23502,The CVE-2025-69420 that affected libssl3t64 was solved due to an update in the agent or feed.,3,1,1,0
safesoc-lnx-01,23502,The CVE-2026-31790 that affected libssl3t64 was solved due to an update in the agent or feed.,3,1,1,0
safesoc-lnx-01,23502,The CVE-2026-28389 that affected libssl3t64 was solved due to an update in the agent or feed.,3,1,1,0
safesoc-lnx-01,23502,The CVE-2025-9230 that affected libssl3t64 was solved due to an update in the agent or feed.,3,1,1,0
safesoc-lnx-01,23502,The CVE-2026-31789 that affected libssl3t64 was solved due to an update in the agent or feed.,3,1,1,0
safesoc-lnx-01,23502,The CVE-2025-69419 that affected libssl3t64 was solved due to an update in the agent or feed.,3,1,1,0
safesoc-lnx-01,23502,The CVE-2026-29111 that affected libsystemd-shared was solved due to an update in the agent or feed.,3,1,1,0
safesoc-lnx-01,23502,The CVE-2026-29111 that affected libsystemd0 was solved due to an update in the agent or feed.,3,1,1,0
safesoc-lnx-01,23502,The CVE-2025-13151 that affected libtasn1-6 was solved due to an update in the agent or feed.,3,1,1,0
safesoc-lnx-01,23502,The CVE-2025-61143 that affected libtiff6 was solved due to an update in the agent or feed.,3,1,1,0
safesoc-lnx-01,23502,The CVE-2025-8851 that affected libtiff6 was solved due to an update in the agent or feed.,3,1,1,0
safesoc-lnx-01,23502,The CVE-2025-9900 that affected libtiff6 was solved due to an update in the agent or feed.,3,1,1,0
safesoc-lnx-01,23502,The CVE-2025-9165 that affected libtiff6 was solved due to an update in the agent or feed.,3,1,1,0
safesoc-lnx-01,23502,The CVE-2025-61144 that affected libtiff6 was solved due to an update in the agent or feed.,3,1,1,0
safesoc-lnx-01,23502,The CVE-2025-8534 that affected libtiff6 was solved due to an update in the agent or feed.,3,1,1,0
safesoc-lnx-01,23502,The CVE-2025-8176 that affected libtiff6 was solved due to an update in the agent or feed.,3,1,1,0
safesoc-lnx-01,23502,The CVE-2025-61145 that affected libtiff6 was solved due to an update in the agent or feed.,3,1,1,0
safesoc-lnx-01,23502,The CVE-2025-8961 that affected libtiff6 was solved due to an update in the agent or feed.,3,1,1,0
safesoc-lnx-01,23502,The CVE-2026-29111 that affected libudev1 was solved due to an update in the agent or feed.,3,1,1,0
safesoc-lnx-01,23502,The CVE-2025-8067 that affected libudisks2-0 was solved due to an update in the agent or feed.,3,1,1,0
safesoc-lnx-01,23502,The CVE-2026-27456 that affected libuuid1 was solved due to an update in the agent or feed.,3,1,1,0
safesoc-lnx-01,23502,The CVE-2026-2447 that affected libvpx9 was solved due to an update in the agent or feed.,3,1,1,0
safesoc-lnx-01,23502,The CVE-2025-9640 that affected libwbclient0 was solved due to an update in the agent or feed.,3,1,1,0
safesoc-lnx-01,23502,The CVE-2025-10230 that affected libwbclient0 was solved due to an update in the agent or feed.,3,1,1,0
safesoc-lnx-01,23502,The CVE-2025-43441 that affected libwebkit2gtk-4.1-0 was solved due to an update in the agent or feed.,3,1,1,0
safesoc-lnx-01,23502,The CVE-2025-43272 that affected libwebkit2gtk-4.1-0 was solved due to an update in the agent or feed.,3,1,1,0
safesoc-lnx-01,23502,The CVE-2025-31223 that affected libwebkit2gtk-4.1-0 was solved due to an update in the agent or feed.,3,1,1,0
safesoc-lnx-01,23502,The CVE-2025-43431 that affected libwebkit2gtk-4.1-0 was solved due to an update in the agent or feed.,3,1,1,0
safesoc-lnx-01,23502,The CVE-2025-43429 that affected libwebkit2gtk-4.1-0 was solved due to an update in the agent or feed.,3,1,1,0
safesoc-lnx-01,23502,The CVE-2026-20644 that affected libwebkit2gtk-4.1-0 was solved due to an update in the agent or feed.,3,1,1,0
safesoc-lnx-01,23502,The CVE-2025-43427 that affected libwebkit2gtk-4.1-0 was solved due to an update in the agent or feed.,3,1,1,0
safesoc-lnx-01,23502,The CVE-2025-43421 that affected libwebkit2gtk-4.1-0 was solved due to an update in the agent or feed.,3,1,1,0
safesoc-lnx-01,23502,The CVE-2025-43536 that affected libwebkit2gtk-4.1-0 was solved due to an update in the agent or feed.,3,1,1,0
safesoc-lnx-01,23502,The CVE-2025-31278 that affected libwebkit2gtk-4.1-0 was solved due to an update in the agent or feed.,3,1,1,0
safesoc-lnx-01,23502,The CVE-2025-31277 that affected libwebkit2gtk-4.1-0 was solved due to an update in the agent or feed.,3,1,1,0
safesoc-lnx-01,23502,The CVE-2025-43228 that affected libwebkit2gtk-4.1-0 was solved due to an update in the agent or feed.,3,1,1,0
safesoc-lnx-01,23502,The CVE-2025-43368 that affected libwebkit2gtk-4.1-0 was solved due to an update in the agent or feed.,3,1,1,0
safesoc-lnx-01,23502,The CVE-2026-20643 that affected libwebkit2gtk-4.1-0 was solved due to an update in the agent or feed.,3,1,1,0
safesoc-lnx-01,23502,The CVE-2025-43433 that affected libwebkit2gtk-4.1-0 was solved due to an update in the agent or feed.,3,1,1,0
safesoc-lnx-01,23502,The CVE-2025-43541 that affected libwebkit2gtk-4.1-0 was solved due to an update in the agent or feed.,3,1,1,0
safesoc-lnx-01,23502,The CVE-2025-6558 that affected libwebkit2gtk-4.1-0 was solved due to an update in the agent or feed.,3,1,1,0
safesoc-lnx-01,23502,The CVE-2026-20608 that affected libwebkit2gtk-4.1-0 was solved due to an update in the agent or feed.,3,1,1,0
safesoc-lnx-01,23502,The CVE-2025-43211 that affected libwebkit2gtk-4.1-0 was solved due to an update in the agent or feed.,3,1,1,0
safesoc-lnx-01,23502,The CVE-2025-66286 that affected libwebkit2gtk-4.1-0 was solved due to an update in the agent or feed.,3,1,1,0
safesoc-lnx-01,23502,The CVE-2025-13502 that affected libwebkit2gtk-4.1-0 was solved due to an update in the agent or feed.,3,1,1,0
safesoc-lnx-01,23502,The CVE-2025-43440 that affected libwebkit2gtk-4.1-0 was solved due to an update in the agent or feed.,3,1,1,0
safesoc-lnx-01,23502,The CVE-2025-43265 that affected libwebkit2gtk-4.1-0 was solved due to an update in the agent or feed.,3,1,1,0
safesoc-lnx-01,23502,The CVE-2025-43343 that affected libwebkit2gtk-4.1-0 was solved due to an update in the agent or feed.,3,1,1,0
safesoc-lnx-01,23502,The CVE-2025-46299 that affected libwebkit2gtk-4.1-0 was solved due to an update in the agent or feed.,3,1,1,0
safesoc-lnx-01,23502,The CVE-2025-43531 that affected libwebkit2gtk-4.1-0 was solved due to an update in the agent or feed.,3,1,1,0
safesoc-lnx-01,23502,The CVE-2025-43443 that affected libwebkit2gtk-4.1-0 was solved due to an update in the agent or feed.,3,1,1,0
safesoc-lnx-01,23502,The CVE-2025-43240 that affected libwebkit2gtk-4.1-0 was solved due to an update in the agent or feed.,3,1,1,0
safesoc-lnx-01,23502,The CVE-2025-43212 that affected libwebkit2gtk-4.1-0 was solved due to an update in the agent or feed.,3,1,1,0
safesoc-lnx-01,23502,The CVE-2025-43501 that affected libwebkit2gtk-4.1-0 was solved due to an update in the agent or feed.,3,1,1,0
safesoc-lnx-01,23502,The CVE-2025-43432 that affected libwebkit2gtk-4.1-0 was solved due to an update in the agent or feed.,3,1,1,0
safesoc-lnx-01,23502,The CVE-2025-43535 that affected libwebkit2gtk-4.1-0 was solved due to an update in the agent or feed.,3,1,1,0
safesoc-lnx-01,23502,The CVE-2025-43457 that affected libwebkit2gtk-4.1-0 was solved due to an update in the agent or feed.,3,1,1,0
safesoc-lnx-01,23502,The CVE-2025-43458 that affected libwebkit2gtk-4.1-0 was solved due to an update in the agent or feed.,3,1,1,0
safesoc-lnx-01,23502,The CVE-2026-28871 that affected libwebkit2gtk-4.1-0 was solved due to an update in the agent or feed.,3,1,1,0
safesoc-lnx-01,23502,The CVE-2025-43438 that affected libwebkit2gtk-4.1-0 was solved due to an update in the agent or feed.,3,1,1,0
safesoc-lnx-01,23502,The CVE-2025-66287 that affected libwebkit2gtk-4.1-0 was solved due to an update in the agent or feed.,3,1,1,0
safesoc-lnx-01,23502,The CVE-2026-28861 that affected libwebkit2gtk-4.1-0 was solved due to an update in the agent or feed.,3,1,1,0
safesoc-lnx-01,23502,The CVE-2026-20691 that affected libwebkit2gtk-4.1-0 was solved due to an update in the agent or feed.,3,1,1,0
safesoc-lnx-01,23502,The CVE-2026-20664 that affected libwebkit2gtk-4.1-0 was solved due to an update in the agent or feed.,3,1,1,0
safesoc-lnx-01,23502,The CVE-2025-43511 that affected libwebkit2gtk-4.1-0 was solved due to an update in the agent or feed.,3,1,1,0
safesoc-lnx-01,23502,The CVE-2025-43216 that affected libwebkit2gtk-4.1-0 was solved due to an update in the agent or feed.,3,1,1,0
safesoc-lnx-01,23502,The CVE-2025-43227 that affected libwebkit2gtk-4.1-0 was solved due to an update in the agent or feed.,3,1,1,0
safesoc-lnx-01,23502,The CVE-2026-20665 that affected libwebkit2gtk-4.1-0 was solved due to an update in the agent or feed.,3,1,1,0
safesoc-lnx-01,23502,The CVE-2025-31273 that affected libwebkit2gtk-4.1-0 was solved due to an update in the agent or feed.,3,1,1,0
safesoc-lnx-01,23502,The CVE-2025-13947 that affected libwebkit2gtk-4.1-0 was solved due to an update in the agent or feed.,3,1,1,0
safesoc-lnx-01,23502,The CVE-2025-43214 that affected libwebkit2gtk-4.1-0 was solved due to an update in the agent or feed.,3,1,1,0
safesoc-lnx-01,23502,The CVE-2026-28857 that affected libwebkit2gtk-4.1-0 was solved due to an update in the agent or feed.,3,1,1,0
safesoc-lnx-01,23502,The CVE-2025-43356 that affected libwebkit2gtk-4.1-0 was solved due to an update in the agent or feed.,3,1,1,0
safesoc-lnx-01,23502,The CVE-2025-43434 that affected libwebkit2gtk-4.1-0 was solved due to an update in the agent or feed.,3,1,1,0
safesoc-lnx-01,23502,The CVE-2026-20652 that affected libwebkit2gtk-4.1-0 was solved due to an update in the agent or feed.,3,1,1,0
safesoc-lnx-01,23502,The CVE-2025-43430 that affected libwebkit2gtk-4.1-0 was solved due to an update in the agent or feed.,3,1,1,0
safesoc-lnx-01,23502,The CVE-2026-20676 that affected libwebkit2gtk-4.1-0 was solved due to an update in the agent or feed.,3,1,1,0
safesoc-lnx-01,23502,The CVE-2025-43342 that affected libwebkit2gtk-4.1-0 was solved due to an update in the agent or feed.,3,1,1,0
safesoc-lnx-01,23502,The CVE-2026-28859 that affected libwebkit2gtk-4.1-0 was solved due to an update in the agent or feed.,3,1,1,0
safesoc-lnx-01,23502,The CVE-2026-20635 that affected libwebkit2gtk-4.1-0 was solved due to an update in the agent or feed.,3,1,1,0
safesoc-lnx-01,23502,The CVE-2025-43213 that affected libwebkit2gtk-4.1-0 was solved due to an update in the agent or feed.,3,1,1,0
safesoc-lnx-01,23502,The CVE-2026-20636 that affected libwebkit2gtk-4.1-0 was solved due to an update in the agent or feed.,3,1,1,0
safesoc-lnx-01,23502,The CVE-2025-43392 that affected libwebkit2gtk-4.1-0 was solved due to an update in the agent or feed.,3,1,1,0
safesoc-lnx-01,23502,The CVE-2025-14174 that affected libwebkit2gtk-4.1-0 was solved due to an update in the agent or feed.,3,1,1,0
safesoc-lnx-01,23502,The CVE-2025-43529 that affected libwebkit2gtk-4.1-0 was solved due to an update in the agent or feed.,3,1,1,0
safesoc-lnx-01,23502,The CVE-2025-43425 that affected libwebkit2gtk-4.1-0 was solved due to an update in the agent or feed.,3,1,1,0
safesoc-lnx-01,23502,The CVE-2025-43419 that affected libwebkit2gtk-4.1-0 was solved due to an update in the agent or feed.,3,1,1,0
safesoc-lnx-01,23502,The CVE-2025-43441 that affected libwebkitgtk-6.0-4 was solved due to an update in the agent or feed.,3,1,1,0
safesoc-lnx-01,23502,The CVE-2025-43272 that affected libwebkitgtk-6.0-4 was solved due to an update in the agent or feed.,3,1,1,0
safesoc-lnx-01,23502,The CVE-2025-31223 that affected libwebkitgtk-6.0-4 was solved due to an update in the agent or feed.,3,1,1,0
safesoc-lnx-01,23502,The CVE-2025-43431 that affected libwebkitgtk-6.0-4 was solved due to an update in the agent or feed.,3,1,1,0
safesoc-lnx-01,23502,The CVE-2025-43429 that affected libwebkitgtk-6.0-4 was solved due to an update in the agent or feed.,3,1,1,0
safesoc-lnx-01,23502,The CVE-2026-20644 that affected libwebkitgtk-6.0-4 was solved due to an update in the agent or feed.,3,1,1,0
safesoc-lnx-01,23502,The CVE-2025-43427 that affected libwebkitgtk-6.0-4 was solved due to an update in the agent or feed.,3,1,1,0
safesoc-lnx-01,23502,The CVE-2025-43421 that affected libwebkitgtk-6.0-4 was solved due to an update in the agent or feed.,3,1,1,0
safesoc-lnx-01,23502,The CVE-2025-43536 that affected libwebkitgtk-6.0-4 was solved due to an update in the agent or feed.,3,1,1,0
safesoc-lnx-01,23502,The CVE-2025-31278 that affected libwebkitgtk-6.0-4 was solved due to an update in the agent or feed.,3,1,1,0
safesoc-lnx-01,23502,The CVE-2025-31277 that affected libwebkitgtk-6.0-4 was solved due to an update in the agent or feed.,3,1,1,0
safesoc-lnx-01,23502,The CVE-2025-43228 that affected libwebkitgtk-6.0-4 was solved due to an update in the agent or feed.,3,1,1,0
safesoc-lnx-01,23502,The CVE-2025-43368 that affected libwebkitgtk-6.0-4 was solved due to an update in the agent or feed.,3,1,1,0
safesoc-lnx-01,23502,The CVE-2026-20643 that affected libwebkitgtk-6.0-4 was solved due to an update in the agent or feed.,3,1,1,0
safesoc-lnx-01,23502,The CVE-2025-43433 that affected libwebkitgtk-6.0-4 was solved due to an update in the agent or feed.,3,1,1,0
safesoc-lnx-01,23502,The CVE-2025-43541 that affected libwebkitgtk-6.0-4 was solved due to an update in the agent or feed.,3,1,1,0
safesoc-lnx-01,23502,The CVE-2025-6558 that affected libwebkitgtk-6.0-4 was solved due to an update in the agent or feed.,3,1,1,0
safesoc-lnx-01,23502,The CVE-2026-20608 that affected libwebkitgtk-6.0-4 was solved due to an update in the agent or feed.,3,1,1,0
safesoc-lnx-01,23502,The CVE-2025-43211 that affected libwebkitgtk-6.0-4 was solved due to an update in the agent or feed.,3,1,1,0
safesoc-lnx-01,23502,The CVE-2025-66286 that affected libwebkitgtk-6.0-4 was solved due to an update in the agent or feed.,3,1,1,0
safesoc-lnx-01,23502,The CVE-2025-13502 that affected libwebkitgtk-6.0-4 was solved due to an update in the agent or feed.,3,1,1,0
safesoc-lnx-01,23502,The CVE-2025-43440 that affected libwebkitgtk-6.0-4 was solved due to an update in the agent or feed.,3,1,1,0
safesoc-lnx-01,23502,The CVE-2025-43265 that affected libwebkitgtk-6.0-4 was solved due to an update in the agent or feed.,3,1,1,0
safesoc-lnx-01,23502,The CVE-2025-43343 that affected libwebkitgtk-6.0-4 was solved due to an update in the agent or feed.,3,1,1,0
safesoc-lnx-01,23502,The CVE-2025-46299 that affected libwebkitgtk-6.0-4 was solved due to an update in the agent or feed.,3,1,1,0
safesoc-lnx-01,23502,The CVE-2025-43531 that affected libwebkitgtk-6.0-4 was solved due to an update in the agent or feed.,3,1,1,0
safesoc-lnx-01,23502,The CVE-2025-43443 that affected libwebkitgtk-6.0-4 was solved due to an update in the agent or feed.,3,1,1,0
safesoc-lnx-01,23502,The CVE-2025-43240 that affected libwebkitgtk-6.0-4 was solved due to an update in the agent or feed.,3,1,1,0
safesoc-lnx-01,23502,The CVE-2025-43212 that affected libwebkitgtk-6.0-4 was solved due to an update in the agent or feed.,3,1,1,0
safesoc-lnx-01,23502,The CVE-2025-43501 that affected libwebkitgtk-6.0-4 was solved due to an update in the agent or feed.,3,1,1,0
safesoc-lnx-01,23502,The CVE-2025-43432 that affected libwebkitgtk-6.0-4 was solved due to an update in the agent or feed.,3,1,1,0
safesoc-lnx-01,23502,The CVE-2025-43535 that affected libwebkitgtk-6.0-4 was solved due to an update in the agent or feed.,3,1,1,0
safesoc-lnx-01,23502,The CVE-2025-43457 that affected libwebkitgtk-6.0-4 was solved due to an update in the agent or feed.,3,1,1,0
safesoc-lnx-01,23502,The CVE-2025-43458 that affected libwebkitgtk-6.0-4 was solved due to an update in the agent or feed.,3,1,1,0
safesoc-lnx-01,23502,The CVE-2026-28871 that affected libwebkitgtk-6.0-4 was solved due to an update in the agent or feed.,3,1,1,0
safesoc-lnx-01,23502,The CVE-2025-43438 that affected libwebkitgtk-6.0-4 was solved due to an update in the agent or feed.,3,1,1,0
safesoc-lnx-01,23502,The CVE-2025-66287 that affected libwebkitgtk-6.0-4 was solved due to an update in the agent or feed.,3,1,1,0
safesoc-lnx-01,23502,The CVE-2026-28861 that affected libwebkitgtk-6.0-4 was solved due to an update in the agent or feed.,3,1,1,0
safesoc-lnx-01,23502,The CVE-2026-20691 that affected libwebkitgtk-6.0-4 was solved due to an update in the agent or feed.,3,1,1,0
safesoc-lnx-01,23502,The CVE-2026-20664 that affected libwebkitgtk-6.0-4 was solved due to an update in the agent or feed.,3,1,1,0
safesoc-lnx-01,23502,The CVE-2025-43511 that affected libwebkitgtk-6.0-4 was solved due to an update in the agent or feed.,3,1,1,0
safesoc-lnx-01,23502,The CVE-2025-43216 that affected libwebkitgtk-6.0-4 was solved due to an update in the agent or feed.,3,1,1,0
safesoc-lnx-01,23502,The CVE-2025-43227 that affected libwebkitgtk-6.0-4 was solved due to an update in the agent or feed.,3,1,1,0
safesoc-lnx-01,23502,The CVE-2026-20665 that affected libwebkitgtk-6.0-4 was solved due to an update in the agent or feed.,3,1,1,0
safesoc-lnx-01,23502,The CVE-2025-31273 that affected libwebkitgtk-6.0-4 was solved due to an update in the agent or feed.,3,1,1,0
safesoc-lnx-01,23502,The CVE-2025-13947 that affected libwebkitgtk-6.0-4 was solved due to an update in the agent or feed.,3,1,1,0
safesoc-lnx-01,23502,The CVE-2025-43214 that affected libwebkitgtk-6.0-4 was solved due to an update in the agent or feed.,3,1,1,0
safesoc-lnx-01,23502,The CVE-2026-28857 that affected libwebkitgtk-6.0-4 was solved due to an update in the agent or feed.,3,1,1,0
safesoc-lnx-01,23502,The CVE-2025-43356 that affected libwebkitgtk-6.0-4 was solved due to an update in the agent or feed.,3,1,1,0
safesoc-lnx-01,23502,The CVE-2025-43434 that affected libwebkitgtk-6.0-4 was solved due to an update in the agent or feed.,3,1,1,0
safesoc-lnx-01,23502,The CVE-2026-20652 that affected libwebkitgtk-6.0-4 was solved due to an update in the agent or feed.,3,1,1,0
safesoc-lnx-01,23502,The CVE-2025-43430 that affected libwebkitgtk-6.0-4 was solved due to an update in the agent or feed.,3,1,1,0
safesoc-lnx-01,23502,The CVE-2026-20676 that affected libwebkitgtk-6.0-4 was solved due to an update in the agent or feed.,3,1,1,0
safesoc-lnx-01,23502,The CVE-2025-43342 that affected libwebkitgtk-6.0-4 was solved due to an update in the agent or feed.,3,1,1,0
safesoc-lnx-01,23502,The CVE-2026-28859 that affected libwebkitgtk-6.0-4 was solved due to an update in the agent or feed.,3,1,1,0
safesoc-lnx-01,23502,The CVE-2026-20635 that affected libwebkitgtk-6.0-4 was solved due to an update in the agent or feed.,3,1,1,0
safesoc-lnx-01,23502,The CVE-2025-43213 that affected libwebkitgtk-6.0-4 was solved due to an update in the agent or feed.,3,1,1,0
safesoc-lnx-01,23502,The CVE-2026-20636 that affected libwebkitgtk-6.0-4 was solved due to an update in the agent or feed.,3,1,1,0
safesoc-lnx-01,23502,The CVE-2025-43392 that affected libwebkitgtk-6.0-4 was solved due to an update in the agent or feed.,3,1,1,0
safesoc-lnx-01,23502,The CVE-2025-14174 that affected libwebkitgtk-6.0-4 was solved due to an update in the agent or feed.,3,1,1,0
safesoc-lnx-01,23502,The CVE-2025-43529 that affected libwebkitgtk-6.0-4 was solved due to an update in the agent or feed.,3,1,1,0
safesoc-lnx-01,23502,The CVE-2025-43425 that affected libwebkitgtk-6.0-4 was solved due to an update in the agent or feed.,3,1,1,0
safesoc-lnx-01,23502,The CVE-2025-43419 that affected libwebkitgtk-6.0-4 was solved due to an update in the agent or feed.,3,1,1,0
safesoc-lnx-01,23502,The CVE-2026-22852 that affected libwinpr3-3 was solved due to an update in the agent or feed.,3,1,1,0
safesoc-lnx-01,23502,The CVE-2026-22856 that affected libwinpr3-3 was solved due to an update in the agent or feed.,3,1,1,0
safesoc-lnx-01,23502,The CVE-2026-22859 that affected libwinpr3-3 was solved due to an update in the agent or feed.,3,1,1,0
safesoc-lnx-01,23502,The CVE-2026-24684 that affected libwinpr3-3 was solved due to an update in the agent or feed.,3,1,1,0
safesoc-lnx-01,23502,The CVE-2026-23530 that affected libwinpr3-3 was solved due to an update in the agent or feed.,3,1,1,0
safesoc-lnx-01,23502,The CVE-2026-22858 that affected libwinpr3-3 was solved due to an update in the agent or feed.,3,1,1,0
safesoc-lnx-01,23502,The CVE-2026-23883 that affected libwinpr3-3 was solved due to an update in the agent or feed.,3,1,1,0
safesoc-lnx-01,23502,The CVE-2026-25941 that affected libwinpr3-3 was solved due to an update in the agent or feed.,3,1,1,0
safesoc-lnx-01,23502,The CVE-2026-22855 that affected libwinpr3-3 was solved due to an update in the agent or feed.,3,1,1,0
safesoc-lnx-01,23502,The CVE-2026-22854 that affected libwinpr3-3 was solved due to an update in the agent or feed.,3,1,1,0
safesoc-lnx-01,23502,The CVE-2026-24683 that affected libwinpr3-3 was solved due to an update in the agent or feed.,3,1,1,0
safesoc-lnx-01,23502,The CVE-2026-26965 that affected libwinpr3-3 was solved due to an update in the agent or feed.,3,1,1,0
safesoc-lnx-01,23502,The CVE-2026-27950 that affected libwinpr3-3 was solved due to an update in the agent or feed.,3,1,1,0
safesoc-lnx-01,23502,The CVE-2026-27015 that affected libwinpr3-3 was solved due to an update in the agent or feed.,3,1,1,0
safesoc-lnx-01,23502,The CVE-2026-25955 that affected libwinpr3-3 was solved due to an update in the agent or feed.,3,1,1,0
safesoc-lnx-01,23502,The CVE-2026-25997 that affected libwinpr3-3 was solved due to an update in the agent or feed.,3,1,1,0
safesoc-lnx-01,23502,The CVE-2026-25942 that affected libwinpr3-3 was solved due to an update in the agent or feed.,3,1,1,0
safesoc-lnx-01,23502,The CVE-2026-26955 that affected libwinpr3-3 was solved due to an update in the agent or feed.,3,1,1,0
safesoc-lnx-01,23502,The CVE-2026-23948 that affected libwinpr3-3 was solved due to an update in the agent or feed.,3,1,1,0
safesoc-lnx-01,23502,The CVE-2026-25959 that affected libwinpr3-3 was solved due to an update in the agent or feed.,3,1,1,0
safesoc-lnx-01,23502,The CVE-2026-24680 that affected libwinpr3-3 was solved due to an update in the agent or feed.,3,1,1,0
safesoc-lnx-01,23502,The CVE-2026-23533 that affected libwinpr3-3 was solved due to an update in the agent or feed.,3,1,1,0
safesoc-lnx-01,23502,The CVE-2026-24681 that affected libwinpr3-3 was solved due to an update in the agent or feed.,3,1,1,0
safesoc-lnx-01,23502,The CVE-2026-24675 that affected libwinpr3-3 was solved due to an update in the agent or feed.,3,1,1,0
safesoc-lnx-01,23502,The CVE-2026-25953 that affected libwinpr3-3 was solved due to an update in the agent or feed.,3,1,1,0
safesoc-lnx-01,23502,The CVE-2026-23532 that affected libwinpr3-3 was solved due to an update in the agent or feed.,3,1,1,0
safesoc-lnx-01,23502,The CVE-2026-24676 that affected libwinpr3-3 was solved due to an update in the agent or feed.,3,1,1,0
safesoc-lnx-01,23502,The CVE-2026-22857 that affected libwinpr3-3 was solved due to an update in the agent or feed.,3,1,1,0
safesoc-lnx-01,23502,The CVE-2026-23531 that affected libwinpr3-3 was solved due to an update in the agent or feed.,3,1,1,0
safesoc-lnx-01,23502,The CVE-2026-24491 that affected libwinpr3-3 was solved due to an update in the agent or feed.,3,1,1,0
safesoc-lnx-01,23502,The CVE-2026-24679 that affected libwinpr3-3 was solved due to an update in the agent or feed.,3,1,1,0
safesoc-lnx-01,23502,The CVE-2026-22851 that affected libwinpr3-3 was solved due to an update in the agent or feed.,3,1,1,0
safesoc-lnx-01,23502,The CVE-2026-26986 that affected libwinpr3-3 was solved due to an update in the agent or feed.,3,1,1,0
safesoc-lnx-01,23502,The CVE-2026-23884 that affected libwinpr3-3 was solved due to an update in the agent or feed.,3,1,1,0
safesoc-lnx-01,23502,The CVE-2026-24682 that affected libwinpr3-3 was solved due to an update in the agent or feed.,3,1,1,0
safesoc-lnx-01,23502,The CVE-2026-23732 that affected libwinpr3-3 was solved due to an update in the agent or feed.,3,1,1,0
safesoc-lnx-01,23502,The CVE-2026-23534 that affected libwinpr3-3 was solved due to an update in the agent or feed.,3,1,1,0
safesoc-lnx-01,23502,The CVE-2026-26271 that affected libwinpr3-3 was solved due to an update in the agent or feed.,3,1,1,0
safesoc-lnx-01,23502,The CVE-2026-27951 that affected libwinpr3-3 was solved due to an update in the agent or feed.,3,1,1,0
safesoc-lnx-01,23502,The CVE-2026-25952 that affected libwinpr3-3 was solved due to an update in the agent or feed.,3,1,1,0
safesoc-lnx-01,23502,The CVE-2026-25954 that affected libwinpr3-3 was solved due to an update in the agent or feed.,3,1,1,0
safesoc-lnx-01,23502,The CVE-2006-10003 that affected libxml-parser-perl was solved due to an update in the agent or feed.,3,1,1,0
safesoc-lnx-01,23502,The CVE-2006-10002 that affected libxml-parser-perl was solved due to an update in the agent or feed.,3,1,1,0
safesoc-lnx-01,23502,The CVE-2025-49794 that affected libxml2 was solved due to an update in the agent or feed.,3,1,1,0
safesoc-lnx-01,23502,The CVE-2025-8732 that affected libxml2 was solved due to an update in the agent or feed.,3,1,1,0
safesoc-lnx-01,23502,The CVE-2026-0990 that affected libxml2 was solved due to an update in the agent or feed.,3,1,1,0
safesoc-lnx-01,23502,The CVE-2025-9714 that affected libxml2 was solved due to an update in the agent or feed.,3,1,1,0
safesoc-lnx-01,23502,The CVE-2026-0989 that affected libxml2 was solved due to an update in the agent or feed.,3,1,1,0
safesoc-lnx-01,23502,The CVE-2025-49796 that affected libxml2 was solved due to an update in the agent or feed.,3,1,1,0
safesoc-lnx-01,23502,The CVE-2025-7425 that affected libxml2 was solved due to an update in the agent or feed.,3,1,1,0
safesoc-lnx-01,23502,The CVE-2025-6170 that affected libxml2 was solved due to an update in the agent or feed.,3,1,1,0
safesoc-lnx-01,23502,The CVE-2025-6021 that affected libxml2 was solved due to an update in the agent or feed.,3,1,1,0
safesoc-lnx-01,23502,The CVE-2026-0992 that affected libxml2 was solved due to an update in the agent or feed.,3,1,1,0
safesoc-lnx-01,23502,The CVE-2025-7424 that affected libxslt1.1 was solved due to an update in the agent or feed.,3,1,1,0
safesoc-lnx-01,23502,The CVE-2025-10911 that affected libxslt1.1 was solved due to an update in the agent or feed.,3,1,1,0
safesoc-lnx-01,23502,The CVE-2025-7425 that affected libxslt1.1 was solved due to an update in the agent or feed.,3,1,1,0
safesoc-lnx-01,23502,The CVE-2025-15281 that affected locales was solved due to an update in the agent or feed.,3,1,1,0
safesoc-lnx-01,23502,The CVE-2026-4438 that affected locales was solved due to an update in the agent or feed.,3,1,1,0
safesoc-lnx-01,23502,The CVE-2026-0861 that affected locales was solved due to an update in the agent or feed.,3,1,1,0
safesoc-lnx-01,23502,The CVE-2026-0915 that affected locales was solved due to an update in the agent or feed.,3,1,1,0
safesoc-lnx-01,23502,The CVE-2025-8058 that affected locales was solved due to an update in the agent or feed.,3,1,1,0
safesoc-lnx-01,23502,The CVE-2026-4437 that affected locales was solved due to an update in the agent or feed.,3,1,1,0
safesoc-lnx-01,23502,The CVE-2026-4046 that affected locales was solved due to an update in the agent or feed.,3,1,1,0
safesoc-lnx-01,23502,The CVE-2026-27456 that affected mount was solved due to an update in the agent or feed.,3,1,1,0
safesoc-lnx-01,23502,The CVE-2026-40706 that affected ntfs-3g was solved due to an update in the agent or feed.,3,1,1,0
safesoc-lnx-01,23502,The CVE-2023-52890 that affected ntfs-3g was solved due to an update in the agent or feed.,3,1,1,0
safesoc-lnx-01,23502,The CVE-2026-22795 that affected openssl was solved due to an update in the agent or feed.,3,1,1,0
safesoc-lnx-01,23502,The CVE-2025-15467 that affected openssl was solved due to an update in the agent or feed.,3,1,1,0
safesoc-lnx-01,23502,The CVE-2025-69421 that affected openssl was solved due to an update in the agent or feed.,3,1,1,0
safesoc-lnx-01,23502,The CVE-2025-68160 that affected openssl was solved due to an update in the agent or feed.,3,1,1,0
safesoc-lnx-01,23502,The CVE-2025-69418 that affected openssl was solved due to an update in the agent or feed.,3,1,1,0
safesoc-lnx-01,23502,The CVE-2026-28388 that affected openssl was solved due to an update in the agent or feed.,3,1,1,0
safesoc-lnx-01,23502,The CVE-2026-22796 that affected openssl was solved due to an update in the agent or feed.,3,1,1,0
safesoc-lnx-01,23502,The CVE-2026-28390 that affected openssl was solved due to an update in the agent or feed.,3,1,1,0
safesoc-lnx-01,23502,The CVE-2026-28387 that affected openssl was solved due to an update in the agent or feed.,3,1,1,0
safesoc-lnx-01,23502,The CVE-2025-69420 that affected openssl was solved due to an update in the agent or feed.,3,1,1,0
safesoc-lnx-01,23502,The CVE-2026-31790 that affected openssl was solved due to an update in the agent or feed.,3,1,1,0
safesoc-lnx-01,23502,The CVE-2026-28389 that affected openssl was solved due to an update in the agent or feed.,3,1,1,0
safesoc-lnx-01,23502,The CVE-2025-9230 that affected openssl was solved due to an update in the agent or feed.,3,1,1,0
safesoc-lnx-01,23502,The CVE-2026-31789 that affected openssl was solved due to an update in the agent or feed.,3,1,1,0
safesoc-lnx-01,23502,The CVE-2025-69419 that affected openssl was solved due to an update in the agent or feed.,3,1,1,0
safesoc-lnx-01,23502,The CVE-2025-13086 that affected openvpn was solved due to an update in the agent or feed.,3,1,1,0
safesoc-lnx-01,23502,The CVE-2022-0987 that affected packagekit was solved due to an update in the agent or feed.,3,1,1,0
safesoc-lnx-01,23502,The CVE-2024-0217 that affected packagekit was solved due to an update in the agent or feed.,3,1,1,0
safesoc-lnx-01,23502,The CVE-2026-41651 that affected packagekit was solved due to an update in the agent or feed.,3,1,1,0
safesoc-lnx-01,23502,The CVE-2022-0987 that affected packagekit-tools was solved due to an update in the agent or feed.,3,1,1,0
safesoc-lnx-01,23502,The CVE-2024-0217 that affected packagekit-tools was solved due to an update in the agent or feed.,3,1,1,0
safesoc-lnx-01,23502,The CVE-2026-41651 that affected packagekit-tools was solved due to an update in the agent or feed.,3,1,1,0
safesoc-lnx-01,23502,The CVE-2016-2568 that affected pkexec was solved due to an update in the agent or feed.,3,1,1,0
safesoc-lnx-01,23502,The CVE-2025-7519 that affected pkexec was solved due to an update in the agent or feed.,3,1,1,0
safesoc-lnx-01,23502,The CVE-2026-4897 that affected pkexec was solved due to an update in the agent or feed.,3,1,1,0
safesoc-lnx-01,23502,The CVE-2016-2568 that affected policykit-1 was solved due to an update in the agent or feed.,3,1,1,0
safesoc-lnx-01,23502,The CVE-2025-7519 that affected policykit-1 was solved due to an update in the agent or feed.,3,1,1,0
safesoc-lnx-01,23502,The CVE-2026-4897 that affected policykit-1 was solved due to an update in the agent or feed.,3,1,1,0
safesoc-lnx-01,23502,The CVE-2016-2568 that affected polkitd was solved due to an update in the agent or feed.,3,1,1,0
safesoc-lnx-01,23502,The CVE-2025-7519 that affected polkitd was solved due to an update in the agent or feed.,3,1,1,0
safesoc-lnx-01,23502,The CVE-2026-4897 that affected polkitd was solved due to an update in the agent or feed.,3,1,1,0
safesoc-lnx-01,23502,The CVE-2025-43718 that affected poppler-utils was solved due to an update in the agent or feed.,3,1,1,0
safesoc-lnx-01,23502,The CVE-2025-50420 that affected poppler-utils was solved due to an update in the agent or feed.,3,1,1,0
safesoc-lnx-01,23502,The CVE-2019-9545 that affected poppler-utils was solved due to an update in the agent or feed.,3,1,1,0
safesoc-lnx-01,23502,The CVE-2025-52885 that affected poppler-utils was solved due to an update in the agent or feed.,3,1,1,0
safesoc-lnx-01,23502,The CVE-2019-9543 that affected poppler-utils was solved due to an update in the agent or feed.,3,1,1,0
safesoc-lnx-01,23502,The CVE-2025-6966 that affected python-apt-common was solved due to an update in the agent or feed.,3,1,1,0
safesoc-lnx-01,23502,The CVE-2025-6966 that affected python3-apt was solved due to an update in the agent or feed.,3,1,1,0
safesoc-lnx-01,23502,The CVE-2026-26007 that affected python3-cryptography was solved due to an update in the agent or feed.,3,1,1,0
safesoc-lnx-01,23502,The CVE-2026-32597 that affected python3-jwt was solved due to an update in the agent or feed.,3,1,1,0
safesoc-lnx-01,23502,The CVE-2025-66418 that affected python3-urllib3 was solved due to an update in the agent or feed.,3,1,1,0
safesoc-lnx-01,23502,The CVE-2025-66471 that affected python3-urllib3 was solved due to an update in the agent or feed.,3,1,1,0
safesoc-lnx-01,23502,The CVE-2026-21441 that affected python3-urllib3 was solved due to an update in the agent or feed.,3,1,1,0
safesoc-lnx-01,23502,The CVE-2025-8291 that affected python3.12 was solved due to an update in the agent or feed.,3,1,1,0
safesoc-lnx-01,23502,The CVE-2025-13837 that affected python3.12 was solved due to an update in the agent or feed.,3,1,1,0
safesoc-lnx-01,23502,The CVE-2025-8194 that affected python3.12 was solved due to an update in the agent or feed.,3,1,1,0
safesoc-lnx-01,23502,The CVE-2025-6075 that affected python3.12 was solved due to an update in the agent or feed.,3,1,1,0
safesoc-lnx-01,23502,The CVE-2025-15282 that affected python3.12 was solved due to an update in the agent or feed.,3,1,1,0
safesoc-lnx-01,23502,The CVE-2025-13836 that affected python3.12 was solved due to an update in the agent or feed.,3,1,1,0
safesoc-lnx-01,23502,The CVE-2026-0672 that affected python3.12 was solved due to an update in the agent or feed.,3,1,1,0
safesoc-lnx-01,23502,The CVE-2025-11468 that affected python3.12 was solved due to an update in the agent or feed.,3,1,1,0
safesoc-lnx-01,23502,The CVE-2025-12084 that affected python3.12 was solved due to an update in the agent or feed.,3,1,1,0
safesoc-lnx-01,23502,The CVE-2025-6069 that affected python3.12 was solved due to an update in the agent or feed.,3,1,1,0
safesoc-lnx-01,23502,The CVE-2025-13462 that affected python3.12 was solved due to an update in the agent or feed.,3,1,1,0
safesoc-lnx-01,23502,The CVE-2026-2297 that affected python3.12 was solved due to an update in the agent or feed.,3,1,1,0
safesoc-lnx-01,23502,The CVE-2026-0865 that affected python3.12 was solved due to an update in the agent or feed.,3,1,1,0
safesoc-lnx-01,23502,The CVE-2025-8291 that affected python3.12-minimal was solved due to an update in the agent or feed.,3,1,1,0
safesoc-lnx-01,23502,The CVE-2025-13837 that affected python3.12-minimal was solved due to an update in the agent or feed.,3,1,1,0
safesoc-lnx-01,23502,The CVE-2025-8194 that affected python3.12-minimal was solved due to an update in the agent or feed.,3,1,1,0
safesoc-lnx-01,23502,The CVE-2025-6075 that affected python3.12-minimal was solved due to an update in the agent or feed.,3,1,1,0
safesoc-lnx-01,23502,The CVE-2025-15282 that affected python3.12-minimal was solved due to an update in the agent or feed.,3,1,1,0
safesoc-lnx-01,23502,The CVE-2025-13836 that affected python3.12-minimal was solved due to an update in the agent or feed.,3,1,1,0
safesoc-lnx-01,23502,The CVE-2026-0672 that affected python3.12-minimal was solved due to an update in the agent or feed.,3,1,1,0
safesoc-lnx-01,23502,The CVE-2025-11468 that affected python3.12-minimal was solved due to an update in the agent or feed.,3,1,1,0
safesoc-lnx-01,23502,The CVE-2025-12084 that affected python3.12-minimal was solved due to an update in the agent or feed.,3,1,1,0
safesoc-lnx-01,23502,The CVE-2025-6069 that affected python3.12-minimal was solved due to an update in the agent or feed.,3,1,1,0
safesoc-lnx-01,23502,The CVE-2025-13462 that affected python3.12-minimal was solved due to an update in the agent or feed.,3,1,1,0
safesoc-lnx-01,23502,The CVE-2026-2297 that affected python3.12-minimal was solved due to an update in the agent or feed.,3,1,1,0
safesoc-lnx-01,23502,The CVE-2026-0865 that affected python3.12-minimal was solved due to an update in the agent or feed.,3,1,1,0
safesoc-lnx-01,23502,The CVE-2026-27456 that affected rfkill was solved due to an update in the agent or feed.,3,1,1,0
safesoc-lnx-01,23502,The CVE-2025-9640 that affected samba-libs was solved due to an update in the agent or feed.,3,1,1,0
safesoc-lnx-01,23502,The CVE-2025-10230 that affected samba-libs was solved due to an update in the agent or feed.,3,1,1,0
safesoc-lnx-01,23502,The CVE-2026-5958 that affected sed was solved due to an update in the agent or feed.,3,1,1,0
safesoc-lnx-01,23502,The CVE-2026-3888 that affected snapd was solved due to an update in the agent or feed.,3,1,1,0
safesoc-lnx-01,23502,The CVE-2024-5138 that affected snapd was solved due to an update in the agent or feed.,3,1,1,0
safesoc-lnx-01,23502,The CVE-2026-35535 that affected sudo was solved due to an update in the agent or feed.,3,1,1,0
safesoc-lnx-01,23502,The CVE-2026-29111 that affected systemd was solved due to an update in the agent or feed.,3,1,1,0
safesoc-lnx-01,23502,The CVE-2026-29111 that affected systemd-oomd was solved due to an update in the agent or feed.,3,1,1,0
safesoc-lnx-01,23502,The CVE-2026-29111 that affected systemd-resolved was solved due to an update in the agent or feed.,3,1,1,0
safesoc-lnx-01,23502,The CVE-2026-29111 that affected systemd-sysv was solved due to an update in the agent or feed.,3,1,1,0
safesoc-lnx-01,23502,The CVE-2026-29111 that affected systemd-timesyncd was solved due to an update in the agent or feed.,3,1,1,0
safesoc-lnx-01,23502,The CVE-2026-28372 that affected telnet was solved due to an update in the agent or feed.,3,1,1,0
safesoc-lnx-01,23502,The CVE-2026-24061 that affected telnet was solved due to an update in the agent or feed.,3,1,1,0
safesoc-lnx-01,23502,The CVE-2026-1766 that affected tracker-extract was solved due to an update in the agent or feed.,3,1,1,0
safesoc-lnx-01,23502,The CVE-2026-1767 that affected tracker-extract was solved due to an update in the agent or feed.,3,1,1,0
safesoc-lnx-01,23502,The CVE-2026-1765 that affected tracker-extract was solved due to an update in the agent or feed.,3,1,1,0
safesoc-lnx-01,23502,The CVE-2026-1764 that affected tracker-extract was solved due to an update in the agent or feed.,3,1,1,0
safesoc-lnx-01,23502,The CVE-2026-1766 that affected tracker-miner-fs was solved due to an update in the agent or feed.,3,1,1,0
safesoc-lnx-01,23502,The CVE-2026-1767 that affected tracker-miner-fs was solved due to an update in the agent or feed.,3,1,1,0
safesoc-lnx-01,23502,The CVE-2026-1765 that affected tracker-miner-fs was solved due to an update in the agent or feed.,3,1,1,0
safesoc-lnx-01,23502,The CVE-2026-1764 that affected tracker-miner-fs was solved due to an update in the agent or feed.,3,1,1,0
safesoc-lnx-01,23502,The CVE-2026-29111 that affected udev was solved due to an update in the agent or feed.,3,1,1,0
safesoc-lnx-01,23502,The CVE-2025-8067 that affected udisks2 was solved due to an update in the agent or feed.,3,1,1,0
safesoc-lnx-01,23502,The CVE-2025-66004 that affected usbmuxd was solved due to an update in the agent or feed.,3,1,1,0
safesoc-lnx-01,23502,The CVE-2026-27456 that affected util-linux was solved due to an update in the agent or feed.,3,1,1,0
safesoc-lnx-01,23502,The CVE-2026-27456 that affected uuid-runtime was solved due to an update in the agent or feed.,3,1,1,0
safesoc-lnx-01,23502,The CVE-2026-28419 that affected vim-common was solved due to an update in the agent or feed.,3,1,1,0
safesoc-lnx-01,23502,The CVE-2026-34982 that affected vim-common was solved due to an update in the agent or feed.,3,1,1,0
safesoc-lnx-01,23502,The CVE-2025-53906 that affected vim-common was solved due to an update in the agent or feed.,3,1,1,0
safesoc-lnx-01,23502,The CVE-2026-28418 that affected vim-common was solved due to an update in the agent or feed.,3,1,1,0
safesoc-lnx-01,23502,The CVE-2026-26269 that affected vim-common was solved due to an update in the agent or feed.,3,1,1,0
safesoc-lnx-01,23502,The CVE-2026-28417 that affected vim-common was solved due to an update in the agent or feed.,3,1,1,0
safesoc-lnx-01,23502,The CVE-2026-33412 that affected vim-common was solved due to an update in the agent or feed.,3,1,1,0
safesoc-lnx-01,23502,The CVE-2026-28420 that affected vim-common was solved due to an update in the agent or feed.,3,1,1,0
safesoc-lnx-01,23502,The CVE-2026-41411 that affected vim-common was solved due to an update in the agent or feed.,3,1,1,0
safesoc-lnx-01,23502,The CVE-2026-28421 that affected vim-common was solved due to an update in the agent or feed.,3,1,1,0
safesoc-lnx-01,23502,The CVE-2026-28422 that affected vim-common was solved due to an update in the agent or feed.,3,1,1,0
safesoc-lnx-01,23502,The CVE-2026-39881 that affected vim-common was solved due to an update in the agent or feed.,3,1,1,0
safesoc-lnx-01,23502,The CVE-2026-32249 that affected vim-common was solved due to an update in the agent or feed.,3,1,1,0
safesoc-lnx-01,23502,The CVE-2025-53905 that affected vim-common was solved due to an update in the agent or feed.,3,1,1,0
safesoc-lnx-01,23502,The CVE-2026-25749 that affected vim-common was solved due to an update in the agent or feed.,3,1,1,0
safesoc-lnx-01,23502,The CVE-2026-35177 that affected vim-common was solved due to an update in the agent or feed.,3,1,1,0
safesoc-lnx-01,23502,The CVE-2026-28419 that affected vim-tiny was solved due to an update in the agent or feed.,3,1,1,0
safesoc-lnx-01,23502,The CVE-2026-34982 that affected vim-tiny was solved due to an update in the agent or feed.,3,1,1,0
safesoc-lnx-01,23502,The CVE-2025-53906 that affected vim-tiny was solved due to an update in the agent or feed.,3,1,1,0
safesoc-lnx-01,23502,The CVE-2026-28418 that affected vim-tiny was solved due to an update in the agent or feed.,3,1,1,0
safesoc-lnx-01,23502,The CVE-2026-26269 that affected vim-tiny was solved due to an update in the agent or feed.,3,1,1,0
safesoc-lnx-01,23502,The CVE-2026-28417 that affected vim-tiny was solved due to an update in the agent or feed.,3,1,1,0
safesoc-lnx-01,23502,The CVE-2026-33412 that affected vim-tiny was solved due to an update in the agent or feed.,3,1,1,0
safesoc-lnx-01,23502,The CVE-2026-28420 that affected vim-tiny was solved due to an update in the agent or feed.,3,1,1,0
safesoc-lnx-01,23502,The CVE-2026-41411 that affected vim-tiny was solved due to an update in the agent or feed.,3,1,1,0
safesoc-lnx-01,23502,The CVE-2026-28421 that affected vim-tiny was solved due to an update in the agent or feed.,3,1,1,0
safesoc-lnx-01,23502,The CVE-2026-28422 that affected vim-tiny was solved due to an update in the agent or feed.,3,1,1,0
safesoc-lnx-01,23502,The CVE-2026-39881 that affected vim-tiny was solved due to an update in the agent or feed.,3,1,1,0
safesoc-lnx-01,23502,The CVE-2026-32249 that affected vim-tiny was solved due to an update in the agent or feed.,3,1,1,0
safesoc-lnx-01,23502,The CVE-2025-53905 that affected vim-tiny was solved due to an update in the agent or feed.,3,1,1,0
safesoc-lnx-01,23502,The CVE-2026-25749 that affected vim-tiny was solved due to an update in the agent or feed.,3,1,1,0
safesoc-lnx-01,23502,The CVE-2026-35177 that affected vim-tiny was solved due to an update in the agent or feed.,3,1,1,0
safesoc-lnx-01,23502,The CVE-2026-34080 that affected xdg-dbus-proxy was solved due to an update in the agent or feed.,3,1,1,0
safesoc-lnx-01,23502,The CVE-2025-62230 that affected xserver-common was solved due to an update in the agent or feed.,3,1,1,0
safesoc-lnx-01,23502,The CVE-2023-5574 that affected xserver-common was solved due to an update in the agent or feed.,3,1,1,0
safesoc-lnx-01,23502,The CVE-2025-62229 that affected xserver-common was solved due to an update in the agent or feed.,3,1,1,0
safesoc-lnx-01,23502,The CVE-2025-62231 that affected xserver-common was solved due to an update in the agent or feed.,3,1,1,0
safesoc-lnx-01,23502,The CVE-2025-62230 that affected xserver-xephyr was solved due to an update in the agent or feed.,3,1,1,0
safesoc-lnx-01,23502,The CVE-2023-5574 that affected xserver-xephyr was solved due to an update in the agent or feed.,3,1,1,0
safesoc-lnx-01,23502,The CVE-2025-62229 that affected xserver-xephyr was solved due to an update in the agent or feed.,3,1,1,0
safesoc-lnx-01,23502,The CVE-2025-62231 that affected xserver-xephyr was solved due to an update in the agent or feed.,3,1,1,0
safesoc-lnx-01,23502,The CVE-2025-62230 that affected xserver-xorg-core was solved due to an update in the agent or feed.,3,1,1,0
safesoc-lnx-01,23502,The CVE-2023-5574 that affected xserver-xorg-core was solved due to an update in the agent or feed.,3,1,1,0
safesoc-lnx-01,23502,The CVE-2025-62229 that affected xserver-xorg-core was solved due to an update in the agent or feed.,3,1,1,0
safesoc-lnx-01,23502,The CVE-2025-62231 that affected xserver-xorg-core was solved due to an update in the agent or feed.,3,1,1,0
safesoc-lnx-01,23502,The CVE-2025-62230 that affected xserver-xorg-legacy was solved due to an update in the agent or feed.,3,1,1,0
safesoc-lnx-01,23502,The CVE-2023-5574 that affected xserver-xorg-legacy was solved due to an update in the agent or feed.,3,1,1,0
safesoc-lnx-01,23502,The CVE-2025-62229 that affected xserver-xorg-legacy was solved due to an update in the agent or feed.,3,1,1,0
safesoc-lnx-01,23502,The CVE-2025-62231 that affected xserver-xorg-legacy was solved due to an update in the agent or feed.,3,1,1,0
safesoc-lnx-01,23502,The CVE-2025-62229 that affected xwayland was solved due to an update in the agent or feed.,3,1,1,0
safesoc-lnx-01,23502,The CVE-2025-62230 that affected xwayland was solved due to an update in the agent or feed.,3,1,1,0
safesoc-lnx-01,23502,The CVE-2025-62231 that affected xwayland was solved due to an update in the agent or feed.,3,1,1,0
safesoc-lnx-01,23502,The CVE-2026-28419 that affected xxd was solved due to an update in the agent or feed.,3,1,1,0
safesoc-lnx-01,23502,The CVE-2026-34982 that affected xxd was solved due to an update in the agent or feed.,3,1,1,0
safesoc-lnx-01,23502,The CVE-2025-53906 that affected xxd was solved due to an update in the agent or feed.,3,1,1,0
safesoc-lnx-01,23502,The CVE-2026-28418 that affected xxd was solved due to an update in the agent or feed.,3,1,1,0
safesoc-lnx-01,23502,The CVE-2026-26269 that affected xxd was solved due to an update in the agent or feed.,3,1,1,0
safesoc-lnx-01,23502,The CVE-2026-28417 that affected xxd was solved due to an update in the agent or feed.,3,1,1,0
safesoc-lnx-01,23502,The CVE-2026-33412 that affected xxd was solved due to an update in the agent or feed.,3,1,1,0
safesoc-lnx-01,23502,The CVE-2026-28420 that affected xxd was solved due to an update in the agent or feed.,3,1,1,0
safesoc-lnx-01,23502,The CVE-2026-41411 that affected xxd was solved due to an update in the agent or feed.,3,1,1,0
safesoc-lnx-01,23502,The CVE-2026-28421 that affected xxd was solved due to an update in the agent or feed.,3,1,1,0
safesoc-lnx-01,23502,The CVE-2026-28422 that affected xxd was solved due to an update in the agent or feed.,3,1,1,0
safesoc-lnx-01,23502,The CVE-2026-39881 that affected xxd was solved due to an update in the agent or feed.,3,1,1,0
safesoc-lnx-01,23502,The CVE-2026-32249 that affected xxd was solved due to an update in the agent or feed.,3,1,1,0
safesoc-lnx-01,23502,The CVE-2025-53905 that affected xxd was solved due to an update in the agent or feed.,3,1,1,0
safesoc-lnx-01,23502,The CVE-2026-25749 that affected xxd was solved due to an update in the agent or feed.,3,1,1,0
safesoc-lnx-01,23502,The CVE-2026-35177 that affected xxd was solved due to an update in the agent or feed.,3,1,1,0
safesoc-win-01,61640,Sysmon - Suspicious Process - explorer.exe,12,1,0,1
safesoc-win-01,60805,The database engine is starting a new instance.,3,1,0,1
safesoc-win-01,61102,Windows System error event,5,1,1,0
safesoc-win-01,60132,System time changed,5,1,0,1
safesoc-win-01,23502,The CVE-2022-30168 that affected Photos was solved due to an update in the agent or feed.,3,1,0,1
safesoc-win-01,92041,Value added to registry key has Base64-like pattern,10,1,0,1
safesoc-lnx-01,40704,Systemd: Service exited due to a failure.,5,1,1,0
safesoc-win-01,62154,Windows Defender: Antimalware platform feature configuration changed,5,1,1,0
safesoc-win-01,92029,Powershell executed script from suspicious location,6,1,0,1
safesoc-win-01,67018,System shutdown initiated.,3,1,1,0
safesoc-win-01,60775,WSearch was unavailable to handle a notification event.,5,1,1,0
safesoc-win-01,60775,SessionEnv was unavailable to handle a notification event.,5,1,1,0
safesoc-win-01,60137,Windows User Logoff,3,1,1,0
safesoc-lnx-01,19011,CIS Ubuntu Linux 24.04 LTS Benchmark v1.0.0.: Ensure all AppArmor Profiles are in enforce or complain mode.: Status changed from passed to failed,9,1,1,0
safesoc-lnx-01,19010,CIS Ubuntu Linux 24.04 LTS Benchmark v1.0.0.: Ensure auditd packages are installed.: Status changed from failed to passed,3,1,1,0
safesoc-lnx-01,19010,CIS Ubuntu Linux 24.04 LTS Benchmark v1.0.0.: Ensure auditd service is enabled and active.: Status changed from failed to passed,3,1,1,0
safesoc-lnx-01,19015,CIS Ubuntu Linux 24.04 LTS Benchmark v1.0.0.: Ensure audit log storage size is configured.: Status changed from 'not applicable' to passed,3,1,1,0
safesoc-lnx-01,19014,CIS Ubuntu Linux 24.04 LTS Benchmark v1.0.0.: Ensure audit logs are not automatically deleted.: Status changed from 'not applicable' to failed,9,1,1,0
safesoc-lnx-01,19014,CIS Ubuntu Linux 24.04 LTS Benchmark v1.0.0.: Ensure system is disabled when audit logs are full.: Status changed from 'not applicable' to failed,9,1,1,0
safesoc-lnx-01,19014,CIS Ubuntu Linux 24.04 LTS Benchmark v1.0.0.: Ensure system warns when audit logs are low on space.: Status changed from 'not applicable' to failed,9,1,1,0
safesoc-lnx-01,19014,CIS Ubuntu Linux 24.04 LTS Benchmark v1.0.0.: Ensure changes to system administration scope (sudoers) is collected.: Status changed from 'not applicable' to failed,9,1,1,0
safesoc-lnx-01,19014,CIS Ubuntu Linux 24.04 LTS Benchmark v1.0.0.: Ensure actions as another user are always logged.: Status changed from 'not applicable' to failed,9,1,1,0
safesoc-lnx-01,19014,CIS Ubuntu Linux 24.04 LTS Benchmark v1.0.0.: Ensure events that modify the sudo log file are collected.: Status changed from 'not applicable' to failed,9,1,1,0
safesoc-lnx-01,19014,CIS Ubuntu Linux 24.04 LTS Benchmark v1.0.0.: Ensure events that modify date and time information are collected.: Status changed from 'not applicable' to failed,9,1,1,0
safesoc-lnx-01,19014,CIS Ubuntu Linux 24.04 LTS Benchmark v1.0.0.: Ensure events that modify the system's network environment are collected.: Status changed from 'not applicable' to failed,9,1,1,0
safesoc-lnx-01,19014,CIS Ubuntu Linux 24.04 LTS Benchmark v1.0.0.: Ensure unsuccessful file access attempts are collected.: Status changed from 'not applicable' to failed,9,1,1,0
safesoc-lnx-01,19014,CIS Ubuntu Linux 24.04 LTS Benchmark v1.0.0.: Ensure events that modify user/group information are collected.: Status changed from 'not applicable' to failed,9,1,1,0
safesoc-lnx-01,19014,CIS Ubuntu Linux 24.04 LTS Benchmark v1.0.0.: Ensure discretionary access control permission modification events are collected.: Status changed from 'not applicable' to failed,9,1,1,0
safesoc-lnx-01,19014,CIS Ubuntu Linux 24.04 LTS Benchmark v1.0.0.: Ensure successful file system mounts are collected.: Status changed from 'not applicable' to failed,9,1,1,0
safesoc-lnx-01,19014,CIS Ubuntu Linux 24.04 LTS Benchmark v1.0.0.: Ensure session initiation information is collected.: Status changed from 'not applicable' to failed,9,1,1,0
safesoc-lnx-01,19014,CIS Ubuntu Linux 24.04 LTS Benchmark v1.0.0.: Ensure login and logout events are collected.: Status changed from 'not applicable' to failed,9,1,1,0
safesoc-lnx-01,19014,CIS Ubuntu Linux 24.04 LTS Benchmark v1.0.0.: Ensure file deletion events by users are collected.: Status changed from 'not applicable' to failed,9,1,1,0
safesoc-lnx-01,19014,CIS Ubuntu Linux 24.04 LTS Benchmark v1.0.0.: Ensure events that modify the system's Mandatory Access Controls are collected.: Status changed from 'not applicable' to failed,9,1,1,0
safesoc-lnx-01,19014,CIS Ubuntu Linux 24.04 LTS Benchmark v1.0.0.: Ensure successful and unsuccessful attempts to use the chcon command are collected.: Status changed from 'not applicable' to failed,9,1,1,0
safesoc-lnx-01,19014,CIS Ubuntu Linux 24.04 LTS Benchmark v1.0.0.: Ensure successful and unsuccessful attempts to use the setfacl command are collected.: Status changed from 'not applicable' to failed,9,1,1,0
safesoc-lnx-01,19014,CIS Ubuntu Linux 24.04 LTS Benchmark v1.0.0.: Ensure successful and unsuccessful attempts to use the chacl command are collected.: Status changed from 'not applicable' to failed,9,1,1,0
safesoc-lnx-01,19014,CIS Ubuntu Linux 24.04 LTS Benchmark v1.0.0.: Ensure successful and unsuccessful attempts to use the usermod command are collected.: Status changed from 'not applicable' to failed,9,1,1,0
safesoc-lnx-01,19014,CIS Ubuntu Linux 24.04 LTS Benchmark v1.0.0.: Ensure kernel module loading unloading and modification is collected.: Status changed from 'not applicable' to failed,9,1,1,0
safesoc-lnx-01,19015,CIS Ubuntu Linux 24.04 LTS Benchmark v1.0.0.: Ensure the running and on disk configuration is the same.: Status changed from 'not applicable' to passed,3,1,1,0
safesoc-lnx-01,19014,CIS Ubuntu Linux 24.04 LTS Benchmark v1.0.0.: Ensure the audit configuration is immutable.: Status changed from 'not applicable' to failed,9,1,1,0
safesoc-lnx-01,19011,CIS Ubuntu Linux 24.04 LTS Benchmark v1.0.0.: Ensure audit configuration files mode is configured.: Status changed from passed to failed,9,1,1,0
safesoc-lnx-01,19015,CIS Ubuntu Linux 24.04 LTS Benchmark v1.0.0.: Ensure audit log files group owner is configured.: Status changed from 'not applicable' to passed,3,1,1,0
safesoc-lnx-01,19011,CIS Ubuntu Linux 24.04 LTS Benchmark v1.0.0.: Ensure audit tools mode is configured.: Status changed from passed to failed,9,1,1,0
safesoc-lnx-01,19010,CIS Ubuntu Linux 24.04 LTS Benchmark v1.0.0.: Ensure audit tools owner is configured.: Status changed from failed to passed,3,1,1,0
safesoc-lnx-01,19010,CIS Ubuntu Linux 24.04 LTS Benchmark v1.0.0.: Ensure audit tools group owner is configured.: Status changed from failed to passed,3,1,1,0
safesoc-lnx-01,19004,SCA summary: CIS Ubuntu Linux 24.04 LTS Benchmark v1.0.0.: Score less than 50% (45),7,1,1,0
safesoc-lnx-01,5712,sshd: brute force trying to get access to the system. Non existent user.,10,1,0,1
safesoc-wazuh-01,19008,CIS Ubuntu Linux 24.04 LTS Benchmark v1.0.0.: Ensure mounting of cramfs filesystems is disabled.,3,1,1,0
safesoc-wazuh-01,19008,CIS Ubuntu Linux 24.04 LTS Benchmark v1.0.0.: Ensure freevxfs kernel module is not available.,3,1,1,0
safesoc-wazuh-01,19008,CIS Ubuntu Linux 24.04 LTS Benchmark v1.0.0.: Ensure hfs kernel module is not available.,3,1,1,0
safesoc-wazuh-01,19008,CIS Ubuntu Linux 24.04 LTS Benchmark v1.0.0.: Ensure hfsplus kernel module is not available.,3,1,1,0
safesoc-wazuh-01,19008,CIS Ubuntu Linux 24.04 LTS Benchmark v1.0.0.: Ensure jffs2 kernel module is not available.,3,1,1,0
safesoc-wazuh-01,19008,CIS Ubuntu Linux 24.04 LTS Benchmark v1.0.0.: Ensure overlayfs kernel module is not available.,3,1,1,0
safesoc-wazuh-01,19008,CIS Ubuntu Linux 24.04 LTS Benchmark v1.0.0.: Ensure squashfs kernel module is not available.,3,1,1,0
safesoc-wazuh-01,19008,CIS Ubuntu Linux 24.04 LTS Benchmark v1.0.0.: Ensure udf kernel module is not available.,3,1,1,0
safesoc-wazuh-01,19008,CIS Ubuntu Linux 24.04 LTS Benchmark v1.0.0.: Ensure usb-storage kernel module is not available.,3,1,1,0
safesoc-wazuh-01,19007,CIS Ubuntu Linux 24.04 LTS Benchmark v1.0.0.: Ensure unused filesystems kernel modules are not available.,7,1,1,0
safesoc-wazuh-01,19007,CIS Ubuntu Linux 24.04 LTS Benchmark v1.0.0.: Ensure /tmp is a separate partition.,7,1,1,0
safesoc-wazuh-01,19007,CIS Ubuntu Linux 24.04 LTS Benchmark v1.0.0.: Ensure nodev option set on /tmp partition.,7,1,1,0
safesoc-wazuh-01,19007,CIS Ubuntu Linux 24.04 LTS Benchmark v1.0.0.: Ensure nosuid option set on /tmp partition.,7,1,1,0
safesoc-wazuh-01,19007,CIS Ubuntu Linux 24.04 LTS Benchmark v1.0.0.: Ensure noexec option set on /tmp partition.,7,1,1,0
safesoc-wazuh-01,19008,CIS Ubuntu Linux 24.04 LTS Benchmark v1.0.0.: Ensure /dev/shm is a separate partition.,3,1,1,0
safesoc-wazuh-01,19008,CIS Ubuntu Linux 24.04 LTS Benchmark v1.0.0.: Ensure nodev option set on /dev/shm partition.,3,1,1,0
safesoc-wazuh-01,19008,CIS Ubuntu Linux 24.04 LTS Benchmark v1.0.0.: Ensure nosuid option set on /dev/shm partition.,3,1,1,0
safesoc-wazuh-01,19007,CIS Ubuntu Linux 24.04 LTS Benchmark v1.0.0.: Ensure noexec option set on /dev/shm partition.,7,1,1,0
safesoc-wazuh-01,19007,CIS Ubuntu Linux 24.04 LTS Benchmark v1.0.0.: Ensure separate partition exists for /home.,7,1,1,0
safesoc-wazuh-01,19007,CIS Ubuntu Linux 24.04 LTS Benchmark v1.0.0.: Ensure nodev option set on /home partition.,7,1,1,0
safesoc-wazuh-01,19007,CIS Ubuntu Linux 24.04 LTS Benchmark v1.0.0.: Ensure nosuid option set on /home partition.,7,1,1,0
safesoc-wazuh-01,19007,CIS Ubuntu Linux 24.04 LTS Benchmark v1.0.0.: Ensure separate partition exists for /var.,7,1,1,0
safesoc-wazuh-01,19007,CIS Ubuntu Linux 24.04 LTS Benchmark v1.0.0.: Ensure nodev option set on /var partition.,7,1,1,0
safesoc-wazuh-01,19007,CIS Ubuntu Linux 24.04 LTS Benchmark v1.0.0.: Ensure nosuid option set on /var partition.,7,1,1,0
safesoc-wazuh-01,19007,CIS Ubuntu Linux 24.04 LTS Benchmark v1.0.0.: Ensure separate partition exists for /var/tmp.,7,1,1,0
safesoc-wazuh-01,19007,CIS Ubuntu Linux 24.04 LTS Benchmark v1.0.0.: Ensure nodev option set on /var/tmp partition.,7,1,1,0
safesoc-wazuh-01,19007,CIS Ubuntu Linux 24.04 LTS Benchmark v1.0.0.: Ensure nosuid option set on /var/tmp partition.,7,1,1,0
safesoc-wazuh-01,19007,CIS Ubuntu Linux 24.04 LTS Benchmark v1.0.0.: Ensure noexec option set on /var/tmp partition.,7,1,1,0
safesoc-wazuh-01,19007,CIS Ubuntu Linux 24.04 LTS Benchmark v1.0.0.: Ensure separate partition exists for /var/log.,7,1,1,0
safesoc-wazuh-01,19007,CIS Ubuntu Linux 24.04 LTS Benchmark v1.0.0.: Ensure nodev option set on /var/log partition.,7,1,1,0
safesoc-wazuh-01,19007,CIS Ubuntu Linux 24.04 LTS Benchmark v1.0.0.: Ensure nosuid option set on /var/log partition.,7,1,1,0
safesoc-wazuh-01,19007,CIS Ubuntu Linux 24.04 LTS Benchmark v1.0.0.: Ensure noexec option set on /var/log partition.,7,1,1,0
safesoc-wazuh-01,19007,CIS Ubuntu Linux 24.04 LTS Benchmark v1.0.0.: Ensure separate partition exists for /var/log/audit.,7,1,1,0
safesoc-wazuh-01,19007,CIS Ubuntu Linux 24.04 LTS Benchmark v1.0.0.: Ensure nodev option set on /var/log/audit partition.,7,1,1,0
safesoc-wazuh-01,19007,CIS Ubuntu Linux 24.04 LTS Benchmark v1.0.0.: Ensure nosuid option set on /var/log/audit partition.,7,1,1,0
safesoc-wazuh-01,19007,CIS Ubuntu Linux 24.04 LTS Benchmark v1.0.0.: Ensure noexec option set on /var/log/audit partition.,7,1,1,0
safesoc-wazuh-01,19007,CIS Ubuntu Linux 24.04 LTS Benchmark v1.0.0.: Ensure AppArmor is installed.,7,1,1,0
safesoc-wazuh-01,19007,CIS Ubuntu Linux 24.04 LTS Benchmark v1.0.0.: Ensure AppArmor is enabled in the bootloader configuration.,7,1,1,0
safesoc-wazuh-01,19007,CIS Ubuntu Linux 24.04 LTS Benchmark v1.0.0.: Ensure all AppArmor Profiles are in enforce or complain mode.,7,1,1,0
safesoc-wazuh-01,19007,CIS Ubuntu Linux 24.04 LTS Benchmark v1.0.0.: Ensure all AppArmor Profiles are enforcing.,7,1,1,0
safesoc-wazuh-01,19007,CIS Ubuntu Linux 24.04 LTS Benchmark v1.0.0.: Ensure bootloader password is set.,7,1,1,0
safesoc-wazuh-01,19008,CIS Ubuntu Linux 24.04 LTS Benchmark v1.0.0.: Ensure access to bootloader config is configured.,3,1,1,0
safesoc-wazuh-01,19008,CIS Ubuntu Linux 24.04 LTS Benchmark v1.0.0.: Ensure address space layout randomization is enabled.,3,1,1,0
safesoc-wazuh-01,19007,CIS Ubuntu Linux 24.04 LTS Benchmark v1.0.0.: Ensure core dumps are restricted.,7,1,1,0
safesoc-wazuh-01,19008,CIS Ubuntu Linux 24.04 LTS Benchmark v1.0.0.: Ensure prelink is not installed.,3,1,1,0
safesoc-wazuh-01,19007,CIS Ubuntu Linux 24.04 LTS Benchmark v1.0.0.: Ensure Automatic Error Reporting is not enabled.,7,1,1,0
safesoc-wazuh-01,19008,CIS Ubuntu Linux 24.04 LTS Benchmark v1.0.0.: Ensure message of the day is configured properly.,3,1,1,0
safesoc-wazuh-01,19007,CIS Ubuntu Linux 24.04 LTS Benchmark v1.0.0.: Ensure local login warning banner is configured properly.,7,1,1,0
safesoc-wazuh-01,19007,CIS Ubuntu Linux 24.04 LTS Benchmark v1.0.0.: Ensure remote login warning banner is configured properly.,7,1,1,0
safesoc-wazuh-01,19008,CIS Ubuntu Linux 24.04 LTS Benchmark v1.0.0.: Ensure access to /etc/motd is configured.,3,1,1,0
safesoc-wazuh-01,19008,CIS Ubuntu Linux 24.04 LTS Benchmark v1.0.0.: Ensure access to /etc/issue is configured.,3,1,1,0
safesoc-wazuh-01,19008,CIS Ubuntu Linux 24.04 LTS Benchmark v1.0.0.: Ensure access to /etc/issue.net is configured.,3,1,1,0
safesoc-wazuh-01,19007,CIS Ubuntu Linux 24.04 LTS Benchmark v1.0.0.: Ensure GDM is removed.,7,1,1,0
safesoc-wazuh-01,19007,CIS Ubuntu Linux 24.04 LTS Benchmark v1.0.0.: Ensure GDM login banner is configured.,7,1,1,0
safesoc-wazuh-01,19009,CIS Ubuntu Linux 24.04 LTS Benchmark v1.0.0.: Ensure GDM disable-user-list option is enabled.,3,1,1,0
safesoc-wazuh-01,19009,CIS Ubuntu Linux 24.04 LTS Benchmark v1.0.0.: Ensure GDM screen locks cannot be overridden.,3,1,1,0
safesoc-wazuh-01,19009,CIS Ubuntu Linux 24.04 LTS Benchmark v1.0.0.: Ensure GDM automatic mounting of removable media is disabled.,3,1,1,0
safesoc-wazuh-01,19009,CIS Ubuntu Linux 24.04 LTS Benchmark v1.0.0.: Ensure GDM disabling automatic mounting of removable media is not overridden.,3,1,1,0
safesoc-wazuh-01,19009,CIS Ubuntu Linux 24.04 LTS Benchmark v1.0.0.: Ensure GDM autorun-never is enabled.,3,1,1,0
safesoc-wazuh-01,19009,CIS Ubuntu Linux 24.04 LTS Benchmark v1.0.0.: Ensure GDM autorun-never is not overridden.,3,1,1,0
safesoc-wazuh-01,19008,CIS Ubuntu Linux 24.04 LTS Benchmark v1.0.0.: Ensure XDMCP is not enabled.,3,1,1,0
safesoc-wazuh-01,19008,CIS Ubuntu Linux 24.04 LTS Benchmark v1.0.0.: Ensure autofs services are not in use.,3,1,1,0
safesoc-wazuh-01,19007,CIS Ubuntu Linux 24.04 LTS Benchmark v1.0.0.: Ensure avahi daemon services are not in use.,7,1,1,0
safesoc-wazuh-01,19008,CIS Ubuntu Linux 24.04 LTS Benchmark v1.0.0.: Ensure dhcp server services are not in use.,3,1,1,0
safesoc-wazuh-01,19008,CIS Ubuntu Linux 24.04 LTS Benchmark v1.0.0.: Ensure dns server services are not in use.,3,1,1,0
safesoc-wazuh-01,19008,CIS Ubuntu Linux 24.04 LTS Benchmark v1.0.0.: Ensure dnsmasq services are not in use.,3,1,1,0
safesoc-wazuh-01,19008,CIS Ubuntu Linux 24.04 LTS Benchmark v1.0.0.: Ensure ftp server services are not in use.,3,1,1,0
safesoc-wazuh-01,19008,CIS Ubuntu Linux 24.04 LTS Benchmark v1.0.0.: Ensure ldap server services are not in use.,3,1,1,0
safesoc-wazuh-01,19008,CIS Ubuntu Linux 24.04 LTS Benchmark v1.0.0.: Ensure message access server services are not in use.,3,1,1,0
safesoc-wazuh-01,19008,CIS Ubuntu Linux 24.04 LTS Benchmark v1.0.0.: Ensure network file system services are not in use.,3,1,1,0
safesoc-wazuh-01,19008,CIS Ubuntu Linux 24.04 LTS Benchmark v1.0.0.: Ensure nis server services are not in use.,3,1,1,0
safesoc-wazuh-01,19007,CIS Ubuntu Linux 24.04 LTS Benchmark v1.0.0.: Ensure print server services are not in use.,7,1,1,0
safesoc-wazuh-01,19008,CIS Ubuntu Linux 24.04 LTS Benchmark v1.0.0.: Ensure rpcbind services are not in use.,3,1,1,0
safesoc-wazuh-01,19007,CIS Ubuntu Linux 24.04 LTS Benchmark v1.0.0.: Ensure rsync services are not in use.,7,1,1,0
safesoc-wazuh-01,19008,CIS Ubuntu Linux 24.04 LTS Benchmark v1.0.0.: Ensure samba file server services are not in use.,3,1,1,0
safesoc-wazuh-01,19008,CIS Ubuntu Linux 24.04 LTS Benchmark v1.0.0.: Ensure snmp services are not in use.,3,1,1,0
safesoc-wazuh-01,19008,CIS Ubuntu Linux 24.04 LTS Benchmark v1.0.0.: Ensure tftp server services are not in use.,3,1,1,0
safesoc-wazuh-01,19008,CIS Ubuntu Linux 24.04 LTS Benchmark v1.0.0.: Ensure web proxy server services are not in use.,3,1,1,0
safesoc-wazuh-01,19008,CIS Ubuntu Linux 24.04 LTS Benchmark v1.0.0.: Ensure web server services are not in use.,3,1,1,0
safesoc-wazuh-01,19008,CIS Ubuntu Linux 24.04 LTS Benchmark v1.0.0.: Ensure xinetd services are not in use.,3,1,1,0
safesoc-wazuh-01,19007,CIS Ubuntu Linux 24.04 LTS Benchmark v1.0.0.: Ensure X window server services are not in use.,7,1,1,0
safesoc-wazuh-01,19008,CIS Ubuntu Linux 24.04 LTS Benchmark v1.0.0.: Ensure mail transfer agent is configured for local-only mode.,3,1,1,0
safesoc-wazuh-01,19008,CIS Ubuntu Linux 24.04 LTS Benchmark v1.0.0.: Ensure NIS Client is not installed.,3,1,1,0
safesoc-wazuh-01,19008,CIS Ubuntu Linux 24.04 LTS Benchmark v1.0.0.: Ensure rsh client is not installed.,3,1,1,0
safesoc-wazuh-01,19008,CIS Ubuntu Linux 24.04 LTS Benchmark v1.0.0.: Ensure talk client is not installed.,3,1,1,0
safesoc-wazuh-01,19007,CIS Ubuntu Linux 24.04 LTS Benchmark v1.0.0.: Ensure telnet client is not installed.,7,1,1,0
safesoc-wazuh-01,19007,CIS Ubuntu Linux 24.04 LTS Benchmark v1.0.0.: Ensure ldap client is not installed.,7,1,1,0
safesoc-wazuh-01,19007,CIS Ubuntu Linux 24.04 LTS Benchmark v1.0.0.: Ensure ftp client is not installed.,7,1,1,0
safesoc-wazuh-01,19007,CIS Ubuntu Linux 24.04 LTS Benchmark v1.0.0.: Ensure systemd-timesyncd configured with authorized timeserver.,7,1,1,0
safesoc-wazuh-01,19008,CIS Ubuntu Linux 24.04 LTS Benchmark v1.0.0.: Ensure systemd-timesyncd is enabled and running.,3,1,1,0
safesoc-wazuh-01,19008,CIS Ubuntu Linux 24.04 LTS Benchmark v1.0.0.: Ensure chrony is configured with authorized timeserver.,3,1,1,0
safesoc-wazuh-01,19007,CIS Ubuntu Linux 24.04 LTS Benchmark v1.0.0.: Ensure chrony is running as user _chrony.,7,1,1,0
safesoc-wazuh-01,19007,CIS Ubuntu Linux 24.04 LTS Benchmark v1.0.0.: Ensure chrony is enabled and running.,7,1,1,0
safesoc-wazuh-01,19008,CIS Ubuntu Linux 24.04 LTS Benchmark v1.0.0.: Ensure cron daemon is enabled and active.,3,1,1,0
safesoc-wazuh-01,19007,CIS Ubuntu Linux 24.04 LTS Benchmark v1.0.0.: Ensure permissions on /etc/crontab are configured.,7,1,1,0
safesoc-wazuh-01,19007,CIS Ubuntu Linux 24.04 LTS Benchmark v1.0.0.: Ensure permissions on /etc/cron.hourly are configured.,7,1,1,0
safesoc-wazuh-01,19007,CIS Ubuntu Linux 24.04 LTS Benchmark v1.0.0.: Ensure permissions on /etc/cron.daily are configured.,7,1,1,0
safesoc-wazuh-01,19007,CIS Ubuntu Linux 24.04 LTS Benchmark v1.0.0.: Ensure permissions on /etc/cron.weekly are configured.,7,1,1,0
safesoc-wazuh-01,19007,CIS Ubuntu Linux 24.04 LTS Benchmark v1.0.0.: Ensure permissions on /etc/cron.monthly are configured.,7,1,1,0
safesoc-wazuh-01,19007,CIS Ubuntu Linux 24.04 LTS Benchmark v1.0.0.: Ensure permissions on /etc/cron.d are configured.,7,1,1,0
safesoc-wazuh-01,19007,CIS Ubuntu Linux 24.04 LTS Benchmark v1.0.0.: Ensure crontab is restricted to authorized users.,7,1,1,0
safesoc-wazuh-01,19007,CIS Ubuntu Linux 24.04 LTS Benchmark v1.0.0.: Ensure at is restricted to authorized users.,7,1,1,0
safesoc-wazuh-01,19007,CIS Ubuntu Linux 24.04 LTS Benchmark v1.0.0.: Ensure wireless interfaces are disabled.,7,1,1,0
safesoc-wazuh-01,19008,CIS Ubuntu Linux 24.04 LTS Benchmark v1.0.0.: Ensure bluetooth services are not in use.,3,1,1,0
safesoc-wazuh-01,19007,CIS Ubuntu Linux 24.04 LTS Benchmark v1.0.0.: Ensure dccp kernel module is not available.,7,1,1,0
safesoc-wazuh-01,19007,CIS Ubuntu Linux 24.04 LTS Benchmark v1.0.0.: Ensure tipc kernel module is not available.,7,1,1,0
safesoc-wazuh-01,19007,CIS Ubuntu Linux 24.04 LTS Benchmark v1.0.0.: Ensure rds kernel module is not available.,7,1,1,0
safesoc-wazuh-01,19007,CIS Ubuntu Linux 24.04 LTS Benchmark v1.0.0.: Ensure sctp kernel module is not available.,7,1,1,0
safesoc-wazuh-01,19008,CIS Ubuntu Linux 24.04 LTS Benchmark v1.0.0.: Ensure ip forwarding is disabled.,3,1,1,0
safesoc-wazuh-01,19007,CIS Ubuntu Linux 24.04 LTS Benchmark v1.0.0.: Ensure packet redirect sending is disabled.,7,1,1,0
safesoc-wazuh-01,19008,CIS Ubuntu Linux 24.04 LTS Benchmark v1.0.0.: Ensure bogus icmp responses are ignored.,3,1,1,0
safesoc-wazuh-01,19008,CIS Ubuntu Linux 24.04 LTS Benchmark v1.0.0.: Ensure broadcast icmp requests are ignored.,3,1,1,0
safesoc-wazuh-01,19007,CIS Ubuntu Linux 24.04 LTS Benchmark v1.0.0.: Ensure icmp redirects are not accepted.,7,1,1,0
safesoc-wazuh-01,19007,CIS Ubuntu Linux 24.04 LTS Benchmark v1.0.0.: Ensure secure icmp redirects are not accepted.,7,1,1,0
safesoc-wazuh-01,19007,CIS Ubuntu Linux 24.04 LTS Benchmark v1.0.0.: Ensure reverse path filtering is enabled.,7,1,1,0
safesoc-wazuh-01,19007,CIS Ubuntu Linux 24.04 LTS Benchmark v1.0.0.: Ensure source routed packets are not accepted.,7,1,1,0
safesoc-wazuh-01,19007,CIS Ubuntu Linux 24.04 LTS Benchmark v1.0.0.: Ensure suspicious packets are logged.,7,1,1,0
safesoc-wazuh-01,19008,CIS Ubuntu Linux 24.04 LTS Benchmark v1.0.0.: Ensure tcp syn cookies is enabled.,3,1,1,0
safesoc-wazuh-01,19007,CIS Ubuntu Linux 24.04 LTS Benchmark v1.0.0.: Ensure ipv6 router advertisements are not accepted.,7,1,1,0
safesoc-wazuh-01,19007,CIS Ubuntu Linux 24.04 LTS Benchmark v1.0.0.: Ensure a single firewall configuration utility is in use.,7,1,1,0
safesoc-wazuh-01,19008,CIS Ubuntu Linux 24.04 LTS Benchmark v1.0.0.: Ensure ufw is installed.,3,1,1,0
safesoc-wazuh-01,19008,CIS Ubuntu Linux 24.04 LTS Benchmark v1.0.0.: Ensure iptables-persistent is not installed with ufw.,3,1,1,0
safesoc-wazuh-01,19007,CIS Ubuntu Linux 24.04 LTS Benchmark v1.0.0.: Ensure ufw service is enabled.,7,1,1,0
safesoc-wazuh-01,19007,CIS Ubuntu Linux 24.04 LTS Benchmark v1.0.0.: Ensure ufw loopback traffic is configured.,7,1,1,0
safesoc-wazuh-01,19007,CIS Ubuntu Linux 24.04 LTS Benchmark v1.0.0.: Ensure ufw default deny firewall policy.,7,1,1,0
safesoc-wazuh-01,19008,CIS Ubuntu Linux 24.04 LTS Benchmark v1.0.0.: Ensure nftables is installed.,3,1,1,0
safesoc-wazuh-01,19008,CIS Ubuntu Linux 24.04 LTS Benchmark v1.0.0.: Ensure ufw is uninstalled or disabled with nftables.,3,1,1,0
safesoc-wazuh-01,19007,CIS Ubuntu Linux 24.04 LTS Benchmark v1.0.0.: Ensure iptables are flushed with nftables.,7,1,1,0
safesoc-wazuh-01,19007,CIS Ubuntu Linux 24.04 LTS Benchmark v1.0.0.: Ensure a nftables table exists.,7,1,1,0
safesoc-wazuh-01,19007,CIS Ubuntu Linux 24.04 LTS Benchmark v1.0.0.: Ensure nftables base chains exist.,7,1,1,0
safesoc-wazuh-01,19007,CIS Ubuntu Linux 24.04 LTS Benchmark v1.0.0.: Ensure nftables default deny firewall policy.,7,1,1,0
safesoc-wazuh-01,19007,CIS Ubuntu Linux 24.04 LTS Benchmark v1.0.0.: Ensure nftables service is enabled.,7,1,1,0
safesoc-wazuh-01,19007,CIS Ubuntu Linux 24.04 LTS Benchmark v1.0.0.: Ensure nftables rules are permanent.,7,1,1,0
safesoc-wazuh-01,19007,CIS Ubuntu Linux 24.04 LTS Benchmark v1.0.0.: Ensure iptables packages are installed.,7,1,1,0
safesoc-wazuh-01,19007,CIS Ubuntu Linux 24.04 LTS Benchmark v1.0.0.: Ensure nftables is not in use with iptables.,7,1,1,0
safesoc-wazuh-01,19007,CIS Ubuntu Linux 24.04 LTS Benchmark v1.0.0.: Ensure ufw is not in use with iptables.,7,1,1,0
safesoc-wazuh-01,19007,CIS Ubuntu Linux 24.04 LTS Benchmark v1.0.0.: Ensure iptables default deny firewall policy.,7,1,1,0
safesoc-wazuh-01,19007,CIS Ubuntu Linux 24.04 LTS Benchmark v1.0.0.: Ensure iptables loopback traffic is configured.,7,1,1,0
safesoc-wazuh-01,19007,CIS Ubuntu Linux 24.04 LTS Benchmark v1.0.0.: Ensure ip6tables default deny firewall policy.,7,1,1,0
safesoc-wazuh-01,19007,CIS Ubuntu Linux 24.04 LTS Benchmark v1.0.0.: Ensure ip6tables loopback traffic is configured.,7,1,1,0
safesoc-wazuh-01,19007,CIS Ubuntu Linux 24.04 LTS Benchmark v1.0.0.: Ensure permissions on /etc/ssh/sshd_config are configured.,7,1,1,0
safesoc-wazuh-01,19008,CIS Ubuntu Linux 24.04 LTS Benchmark v1.0.0.: Ensure permissions on SSH private host key files are configured.,3,1,1,0
safesoc-wazuh-01,19008,CIS Ubuntu Linux 24.04 LTS Benchmark v1.0.0.: Ensure permissions on SSH public host key files are configured.,3,1,1,0
safesoc-wazuh-01,19009,CIS Ubuntu Linux 24.04 LTS Benchmark v1.0.0.: Ensure sshd access is configured.,3,1,1,0
safesoc-wazuh-01,19009,CIS Ubuntu Linux 24.04 LTS Benchmark v1.0.0.: Ensure sshd Banner is configured.,3,1,1,0
safesoc-wazuh-01,19009,CIS Ubuntu Linux 24.04 LTS Benchmark v1.0.0.: Ensure sshd Ciphers are configured.,3,1,1,0
safesoc-wazuh-01,19009,CIS Ubuntu Linux 24.04 LTS Benchmark v1.0.0.: Ensure sshd ClientAliveInterval and ClientAliveCountMax are configured.,3,1,1,0
safesoc-wazuh-01,19009,CIS Ubuntu Linux 24.04 LTS Benchmark v1.0.0.: Ensure sshd DisableForwarding is enabled.,3,1,1,0
safesoc-wazuh-01,19009,CIS Ubuntu Linux 24.04 LTS Benchmark v1.0.0.: Ensure sshd GSSAPIAuthentication is disabled.,3,1,1,0
safesoc-wazuh-01,19009,CIS Ubuntu Linux 24.04 LTS Benchmark v1.0.0.: Ensure sshd HostbasedAuthentication is disabled.,3,1,1,0
safesoc-wazuh-01,19009,CIS Ubuntu Linux 24.04 LTS Benchmark v1.0.0.: Ensure sshd IgnoreRhosts is enabled.,3,1,1,0
safesoc-wazuh-01,19009,CIS Ubuntu Linux 24.04 LTS Benchmark v1.0.0.: Ensure sshd KexAlgorithms is configured.,3,1,1,0
safesoc-wazuh-01,19009,CIS Ubuntu Linux 24.04 LTS Benchmark v1.0.0.: Ensure sshd LoginGraceTime is configured.,3,1,1,0
safesoc-wazuh-01,19009,CIS Ubuntu Linux 24.04 LTS Benchmark v1.0.0.: Ensure sshd LogLevel is configured.,3,1,1,0
safesoc-wazuh-01,19009,CIS Ubuntu Linux 24.04 LTS Benchmark v1.0.0.: Ensure sshd MACs are configured.,3,1,1,0
safesoc-wazuh-01,19009,CIS Ubuntu Linux 24.04 LTS Benchmark v1.0.0.: Ensure sshd MaxAuthTries is configured.,3,1,1,0
safesoc-wazuh-01,19009,CIS Ubuntu Linux 24.04 LTS Benchmark v1.0.0.: Ensure sshd MaxSessions is configured.,3,1,1,0
safesoc-wazuh-01,19009,CIS Ubuntu Linux 24.04 LTS Benchmark v1.0.0.: Ensure sshd MaxStartups is configured.,3,1,1,0
safesoc-wazuh-01,19009,CIS Ubuntu Linux 24.04 LTS Benchmark v1.0.0.: Ensure sshd PermitEmptyPasswords is disabled.,3,1,1,0
safesoc-wazuh-01,19009,CIS Ubuntu Linux 24.04 LTS Benchmark v1.0.0.: Ensure sshd PermitRootLogin is disabled.,3,1,1,0
safesoc-wazuh-01,19009,CIS Ubuntu Linux 24.04 LTS Benchmark v1.0.0.: Ensure sshd PermitUserEnvironment is disabled.,3,1,1,0
safesoc-wazuh-01,19009,CIS Ubuntu Linux 24.04 LTS Benchmark v1.0.0.: Ensure sshd UsePAM is enabled.,3,1,1,0
safesoc-wazuh-01,19008,CIS Ubuntu Linux 24.04 LTS Benchmark v1.0.0.: Ensure sudo is installed.,3,1,1,0
safesoc-wazuh-01,19008,CIS Ubuntu Linux 24.04 LTS Benchmark v1.0.0.: Ensure sudo commands use pty.,3,1,1,0
safesoc-wazuh-01,19007,CIS Ubuntu Linux 24.04 LTS Benchmark v1.0.0.: Ensure sudo log file exists.,7,1,1,0
safesoc-wazuh-01,19008,CIS Ubuntu Linux 24.04 LTS Benchmark v1.0.0.: Ensure users must provide password for privilege escalation.,3,1,1,0
safesoc-wazuh-01,19008,CIS Ubuntu Linux 24.04 LTS Benchmark v1.0.0.: Ensure re-authentication for privilege escalation is not disabled globally.,3,1,1,0
safesoc-wazuh-01,19008,CIS Ubuntu Linux 24.04 LTS Benchmark v1.0.0.: Ensure sudo authentication timeout is configured correctly.,3,1,1,0
safesoc-wazuh-01,19007,CIS Ubuntu Linux 24.04 LTS Benchmark v1.0.0.: Ensure access to the su command is restricted.,7,1,1,0
safesoc-wazuh-01,19008,CIS Ubuntu Linux 24.04 LTS Benchmark v1.0.0.: Ensure latest version of pam is installed.,3,1,1,0
safesoc-wazuh-01,19008,CIS Ubuntu Linux 24.04 LTS Benchmark v1.0.0.: Ensure libpam-modules is installed.,3,1,1,0
safesoc-wazuh-01,19008,CIS Ubuntu Linux 24.04 LTS Benchmark v1.0.0.: Ensure libpam-pwquality is installed.,3,1,1,0
safesoc-wazuh-01,19008,CIS Ubuntu Linux 24.04 LTS Benchmark v1.0.0.: Ensure pam_unix module is enabled.,3,1,1,0
safesoc-wazuh-01,19007,CIS Ubuntu Linux 24.04 LTS Benchmark v1.0.0.: Ensure pam_faillock module is enabled.,7,1,1,0
safesoc-wazuh-01,19008,CIS Ubuntu Linux 24.04 LTS Benchmark v1.0.0.: Ensure pam_pwquality module is enabled.,3,1,1,0
safesoc-wazuh-01,19007,CIS Ubuntu Linux 24.04 LTS Benchmark v1.0.0.: Ensure pam_pwhistory module is enabled.,7,1,1,0
safesoc-wazuh-01,19007,CIS Ubuntu Linux 24.04 LTS Benchmark v1.0.0.: Ensure password failed attempts lockout is configured.,7,1,1,0
safesoc-wazuh-01,19007,CIS Ubuntu Linux 24.04 LTS Benchmark v1.0.0.: Ensure password unlock time is configured.,7,1,1,0
safesoc-wazuh-01,19007,CIS Ubuntu Linux 24.04 LTS Benchmark v1.0.0.: Ensure password failed attempts lockout includes root account.,7,1,1,0
safesoc-wazuh-01,19007,CIS Ubuntu Linux 24.04 LTS Benchmark v1.0.0.: Ensure password number of changed characters is configured.,7,1,1,0
safesoc-wazuh-01,19007,CIS Ubuntu Linux 24.04 LTS Benchmark v1.0.0.: Ensure minimum password length is configured.,7,1,1,0
safesoc-wazuh-01,19007,CIS Ubuntu Linux 24.04 LTS Benchmark v1.0.0.: Ensure password complexity is configured.,7,1,1,0
safesoc-wazuh-01,19007,CIS Ubuntu Linux 24.04 LTS Benchmark v1.0.0.: Ensure password same consecutive characters is configured.,7,1,1,0
safesoc-wazuh-01,19007,CIS Ubuntu Linux 24.04 LTS Benchmark v1.0.0.: Ensure password maximum sequential characters is configured.,7,1,1,0
safesoc-wazuh-01,19008,CIS Ubuntu Linux 24.04 LTS Benchmark v1.0.0.: Ensure password dictionary check is enabled.,3,1,1,0
safesoc-wazuh-01,19008,CIS Ubuntu Linux 24.04 LTS Benchmark v1.0.0.: Ensure password quality checking is enforced.,3,1,1,0
safesoc-wazuh-01,19009,CIS Ubuntu Linux 24.04 LTS Benchmark v1.0.0.: Ensure password quality is enforced for the root user.,3,1,1,0
safesoc-wazuh-01,19007,CIS Ubuntu Linux 24.04 LTS Benchmark v1.0.0.: Ensure password history remember is configured.,7,1,1,0
safesoc-wazuh-01,19007,CIS Ubuntu Linux 24.04 LTS Benchmark v1.0.0.: Ensure password history is enforced for the root user.,7,1,1,0
safesoc-wazuh-01,19007,CIS Ubuntu Linux 24.04 LTS Benchmark v1.0.0.: Ensure pam_pwhistory includes use_authtok.,7,1,1,0
safesoc-wazuh-01,19007,CIS Ubuntu Linux 24.04 LTS Benchmark v1.0.0.: Ensure pam_unix does not include nullok.,7,1,1,0
safesoc-wazuh-01,19008,CIS Ubuntu Linux 24.04 LTS Benchmark v1.0.0.: Ensure pam_unix does not include remember.,3,1,1,0
safesoc-wazuh-01,19008,CIS Ubuntu Linux 24.04 LTS Benchmark v1.0.0.: Ensure pam_unix includes a strong password hashing algorithm.,3,1,1,0
safesoc-wazuh-01,19008,CIS Ubuntu Linux 24.04 LTS Benchmark v1.0.0.: Ensure pam_unix includes use_authtok.,3,1,1,0
safesoc-wazuh-01,19007,CIS Ubuntu Linux 24.04 LTS Benchmark v1.0.0.: Ensure password expiration is configured.,7,1,1,0
safesoc-wazuh-01,19007,CIS Ubuntu Linux 24.04 LTS Benchmark v1.0.0.: Ensure minimum password days is configured.,7,1,1,0
safesoc-wazuh-01,19008,CIS Ubuntu Linux 24.04 LTS Benchmark v1.0.0.: Ensure password expiration warning days is configured.,3,1,1,0
safesoc-wazuh-01,19008,CIS Ubuntu Linux 24.04 LTS Benchmark v1.0.0.: Ensure strong password hashing algorithm is configured.,3,1,1,0
safesoc-wazuh-01,19007,CIS Ubuntu Linux 24.04 LTS Benchmark v1.0.0.: Ensure inactive password lock is configured.,7,1,1,0
safesoc-wazuh-01,19008,CIS Ubuntu Linux 24.04 LTS Benchmark v1.0.0.: Ensure root is the only UID 0 account.,3,1,1,0
safesoc-wazuh-01,19008,CIS Ubuntu Linux 24.04 LTS Benchmark v1.0.0.: Ensure root is the only GID 0 account.,3,1,1,0
safesoc-wazuh-01,19008,CIS Ubuntu Linux 24.04 LTS Benchmark v1.0.0.: Ensure group root is the only GID 0 group.,3,1,1,0
safesoc-wazuh-01,19008,CIS Ubuntu Linux 24.04 LTS Benchmark v1.0.0.: Ensure root account access is controlled.,3,1,1,0
safesoc-wazuh-01,19007,CIS Ubuntu Linux 24.04 LTS Benchmark v1.0.0.: Ensure root user umask is configured.,7,1,1,0
safesoc-wazuh-01,19008,CIS Ubuntu Linux 24.04 LTS Benchmark v1.0.0.: Ensure nologin is not listed in /etc/shells.,3,1,1,0
safesoc-wazuh-01,19007,CIS Ubuntu Linux 24.04 LTS Benchmark v1.0.0.: Ensure default user shell timeout is configured.,7,1,1,0
safesoc-wazuh-01,19009,CIS Ubuntu Linux 24.04 LTS Benchmark v1.0.0.: Ensure default user umask is configured.,3,1,1,0
safesoc-wazuh-01,19008,CIS Ubuntu Linux 24.04 LTS Benchmark v1.0.0.: Ensure journald service is enabled and active.,3,1,1,0
safesoc-wazuh-01,19007,CIS Ubuntu Linux 24.04 LTS Benchmark v1.0.0.: Ensure journald log file rotation is configured.,7,1,1,0
safesoc-wazuh-01,19008,CIS Ubuntu Linux 24.04 LTS Benchmark v1.0.0.: Ensure systemd-journal-remote is installed.,3,1,1,0
safesoc-wazuh-01,19007,CIS Ubuntu Linux 24.04 LTS Benchmark v1.0.0.: Ensure systemd-journal-upload authentication is configured.,7,1,1,0
safesoc-wazuh-01,19008,CIS Ubuntu Linux 24.04 LTS Benchmark v1.0.0.: Ensure systemd-journal-upload is enabled and active.,3,1,1,0
safesoc-wazuh-01,19008,CIS Ubuntu Linux 24.04 LTS Benchmark v1.0.0.: Ensure systemd-journal-remote service is not in use.,3,1,1,0
safesoc-wazuh-01,19008,CIS Ubuntu Linux 24.04 LTS Benchmark v1.0.0.: Ensure journald ForwardToSyslog is disabled.,3,1,1,0
safesoc-wazuh-01,19008,CIS Ubuntu Linux 24.04 LTS Benchmark v1.0.0.: Ensure journald Compress is configured.,3,1,1,0
safesoc-wazuh-01,19008,CIS Ubuntu Linux 24.04 LTS Benchmark v1.0.0.: Ensure journald Storage is configured.,3,1,1,0
safesoc-wazuh-01,19008,CIS Ubuntu Linux 24.04 LTS Benchmark v1.0.0.: Ensure rsyslog is installed.,3,1,1,0
safesoc-wazuh-01,19008,CIS Ubuntu Linux 24.04 LTS Benchmark v1.0.0.: Ensure rsyslog service is enabled and active.,3,1,1,0
safesoc-wazuh-01,19008,CIS Ubuntu Linux 24.04 LTS Benchmark v1.0.0.: Ensure journald is configured to send logs to rsyslog.,3,1,1,0
safesoc-wazuh-01,19007,CIS Ubuntu Linux 24.04 LTS Benchmark v1.0.0.: Ensure rsyslog log file creation mode is configured.,7,1,1,0
safesoc-wazuh-01,19007,CIS Ubuntu Linux 24.04 LTS Benchmark v1.0.0.: Ensure rsyslog is configured to send logs to a remote log host.,7,1,1,0
safesoc-wazuh-01,19008,CIS Ubuntu Linux 24.04 LTS Benchmark v1.0.0.: Ensure rsyslog is not configured to receive logs from a remote client.,3,1,1,0
safesoc-wazuh-01,19007,CIS Ubuntu Linux 24.04 LTS Benchmark v1.0.0.: Ensure access to all logfiles has been configured.,7,1,1,0
safesoc-wazuh-01,19007,CIS Ubuntu Linux 24.04 LTS Benchmark v1.0.0.: Ensure auditd packages are installed.,7,1,1,0
safesoc-wazuh-01,19007,CIS Ubuntu Linux 24.04 LTS Benchmark v1.0.0.: Ensure auditd service is enabled and active.,7,1,1,0
safesoc-wazuh-01,19007,CIS Ubuntu Linux 24.04 LTS Benchmark v1.0.0.: Ensure auditing for processes that start prior to auditd is enabled.,7,1,1,0
safesoc-wazuh-01,19007,CIS Ubuntu Linux 24.04 LTS Benchmark v1.0.0.: Ensure audit_backlog_limit is sufficient.,7,1,1,0
safesoc-wazuh-01,19009,CIS Ubuntu Linux 24.04 LTS Benchmark v1.0.0.: Ensure audit log storage size is configured.,3,1,1,0
safesoc-wazuh-01,19009,CIS Ubuntu Linux 24.04 LTS Benchmark v1.0.0.: Ensure audit logs are not automatically deleted.,3,1,1,0
safesoc-wazuh-01,19009,CIS Ubuntu Linux 24.04 LTS Benchmark v1.0.0.: Ensure system is disabled when audit logs are full.,3,1,1,0
safesoc-wazuh-01,19009,CIS Ubuntu Linux 24.04 LTS Benchmark v1.0.0.: Ensure system warns when audit logs are low on space.,3,1,1,0
safesoc-wazuh-01,19009,CIS Ubuntu Linux 24.04 LTS Benchmark v1.0.0.: Ensure changes to system administration scope (sudoers) is collected.,3,1,1,0
safesoc-wazuh-01,19009,CIS Ubuntu Linux 24.04 LTS Benchmark v1.0.0.: Ensure actions as another user are always logged.,3,1,1,0
safesoc-wazuh-01,19009,CIS Ubuntu Linux 24.04 LTS Benchmark v1.0.0.: Ensure events that modify the sudo log file are collected.,3,1,1,0
safesoc-wazuh-01,19009,CIS Ubuntu Linux 24.04 LTS Benchmark v1.0.0.: Ensure events that modify date and time information are collected.,3,1,1,0
safesoc-wazuh-01,19009,CIS Ubuntu Linux 24.04 LTS Benchmark v1.0.0.: Ensure events that modify the system's network environment are collected.,3,1,1,0
safesoc-wazuh-01,19009,CIS Ubuntu Linux 24.04 LTS Benchmark v1.0.0.: Ensure unsuccessful file access attempts are collected.,3,1,1,0
safesoc-wazuh-01,19009,CIS Ubuntu Linux 24.04 LTS Benchmark v1.0.0.: Ensure discretionary access control permission modification events are collected.,3,1,1,0
safesoc-wazuh-01,19009,CIS Ubuntu Linux 24.04 LTS Benchmark v1.0.0.: Ensure successful file system mounts are collected.,3,1,1,0
safesoc-wazuh-01,19009,CIS Ubuntu Linux 24.04 LTS Benchmark v1.0.0.: Ensure events that modify user/group information are collected.,3,1,1,0
safesoc-wazuh-01,19009,CIS Ubuntu Linux 24.04 LTS Benchmark v1.0.0.: Ensure session initiation information is collected.,3,1,1,0
safesoc-wazuh-01,19009,CIS Ubuntu Linux 24.04 LTS Benchmark v1.0.0.: Ensure login and logout events are collected.,3,1,1,0
safesoc-wazuh-01,19009,CIS Ubuntu Linux 24.04 LTS Benchmark v1.0.0.: Ensure file deletion events by users are collected.,3,1,1,0
safesoc-wazuh-01,19009,CIS Ubuntu Linux 24.04 LTS Benchmark v1.0.0.: Ensure events that modify the system's Mandatory Access Controls are collected.,3,1,1,0
safesoc-wazuh-01,19009,CIS Ubuntu Linux 24.04 LTS Benchmark v1.0.0.: Ensure successful and unsuccessful attempts to use the chcon command are collected.,3,1,1,0
safesoc-wazuh-01,19009,CIS Ubuntu Linux 24.04 LTS Benchmark v1.0.0.: Ensure successful and unsuccessful attempts to use the setfacl command are collected.,3,1,1,0
safesoc-wazuh-01,19009,CIS Ubuntu Linux 24.04 LTS Benchmark v1.0.0.: Ensure successful and unsuccessful attempts to use the chacl command are collected.,3,1,1,0
safesoc-wazuh-01,19009,CIS Ubuntu Linux 24.04 LTS Benchmark v1.0.0.: Ensure successful and unsuccessful attempts to use the usermod command are collected.,3,1,1,0
safesoc-wazuh-01,19009,CIS Ubuntu Linux 24.04 LTS Benchmark v1.0.0.: Ensure kernel module loading unloading and modification is collected.,3,1,1,0
safesoc-wazuh-01,19009,CIS Ubuntu Linux 24.04 LTS Benchmark v1.0.0.: Ensure the audit configuration is immutable.,3,1,1,0
safesoc-wazuh-01,19009,CIS Ubuntu Linux 24.04 LTS Benchmark v1.0.0.: Ensure the running and on disk configuration is the same.,3,1,1,0
safesoc-wazuh-01,19009,CIS Ubuntu Linux 24.04 LTS Benchmark v1.0.0.: Ensure audit log files group owner is configured.,3,1,1,0
safesoc-wazuh-01,19008,CIS Ubuntu Linux 24.04 LTS Benchmark v1.0.0.: Ensure audit configuration files mode is configured.,3,1,1,0
safesoc-wazuh-01,19008,CIS Ubuntu Linux 24.04 LTS Benchmark v1.0.0.: Ensure audit configuration files owner is configured.,3,1,1,0
safesoc-wazuh-01,19008,CIS Ubuntu Linux 24.04 LTS Benchmark v1.0.0.: Ensure audit configuration files group owner is configured.,3,1,1,0
safesoc-wazuh-01,19008,CIS Ubuntu Linux 24.04 LTS Benchmark v1.0.0.: Ensure audit tools mode is configured.,3,1,1,0
safesoc-wazuh-01,19007,CIS Ubuntu Linux 24.04 LTS Benchmark v1.0.0.: Ensure audit tools owner is configured.,7,1,1,0
safesoc-wazuh-01,19007,CIS Ubuntu Linux 24.04 LTS Benchmark v1.0.0.: Ensure audit tools group owner is configured.,7,1,1,0
safesoc-wazuh-01,19007,CIS Ubuntu Linux 24.04 LTS Benchmark v1.0.0.: Ensure AIDE is installed.,7,1,1,0
safesoc-wazuh-01,19007,CIS Ubuntu Linux 24.04 LTS Benchmark v1.0.0.: Ensure filesystem integrity is regularly checked.,7,1,1,0
safesoc-wazuh-01,19009,CIS Ubuntu Linux 24.04 LTS Benchmark v1.0.0.: Ensure cryptographic mechanisms are used to protect the integrity of audit tools.,3,1,1,0
safesoc-wazuh-01,19008,CIS Ubuntu Linux 24.04 LTS Benchmark v1.0.0.: Ensure permissions on /etc/passwd are configured.,3,1,1,0
safesoc-wazuh-01,19008,CIS Ubuntu Linux 24.04 LTS Benchmark v1.0.0.: Ensure permissions on /etc/passwd- are configured.,3,1,1,0
safesoc-wazuh-01,19008,CIS Ubuntu Linux 24.04 LTS Benchmark v1.0.0.: Ensure permissions on /etc/group are configured.,3,1,1,0
safesoc-wazuh-01,19008,CIS Ubuntu Linux 24.04 LTS Benchmark v1.0.0.: Ensure permissions on /etc/group- are configured.,3,1,1,0
safesoc-wazuh-01,19008,CIS Ubuntu Linux 24.04 LTS Benchmark v1.0.0.: Ensure permissions on /etc/shadow are configured.,3,1,1,0
safesoc-wazuh-01,19008,CIS Ubuntu Linux 24.04 LTS Benchmark v1.0.0.: Ensure permissions on /etc/shadow- are configured.,3,1,1,0
safesoc-wazuh-01,19008,CIS Ubuntu Linux 24.04 LTS Benchmark v1.0.0.: Ensure permissions on /etc/gshadow are configured.,3,1,1,0
safesoc-wazuh-01,19008,CIS Ubuntu Linux 24.04 LTS Benchmark v1.0.0.: Ensure permissions on /etc/gshadow- are configured.,3,1,1,0
safesoc-wazuh-01,19008,CIS Ubuntu Linux 24.04 LTS Benchmark v1.0.0.: Ensure permissions on /etc/shells are configured.,3,1,1,0
safesoc-wazuh-01,19007,CIS Ubuntu Linux 24.04 LTS Benchmark v1.0.0.: Ensure permissions on /etc/security/opasswd are configured.,7,1,1,0
safesoc-wazuh-01,19008,CIS Ubuntu Linux 24.04 LTS Benchmark v1.0.0.: Ensure accounts in /etc/passwd use shadowed passwords.,3,1,1,0
safesoc-wazuh-01,19008,CIS Ubuntu Linux 24.04 LTS Benchmark v1.0.0.: Ensure /etc/shadow password fields are not empty.,3,1,1,0
safesoc-wazuh-01,19008,CIS Ubuntu Linux 24.04 LTS Benchmark v1.0.0.: Ensure all groups in /etc/passwd exist in /etc/group.,3,1,1,0
safesoc-wazuh-01,19008,CIS Ubuntu Linux 24.04 LTS Benchmark v1.0.0.: Ensure shadow group is empty.,3,1,1,0
safesoc-wazuh-01,19008,CIS Ubuntu Linux 24.04 LTS Benchmark v1.0.0.: Ensure no duplicate UIDs exist.,3,1,1,0
safesoc-wazuh-01,19008,CIS Ubuntu Linux 24.04 LTS Benchmark v1.0.0.: Ensure no duplicate GIDs exist.,3,1,1,0
safesoc-wazuh-01,19008,CIS Ubuntu Linux 24.04 LTS Benchmark v1.0.0.: Ensure no duplicate user names exist.,3,1,1,0
safesoc-wazuh-01,19008,CIS Ubuntu Linux 24.04 LTS Benchmark v1.0.0.: Ensure no duplicate group names exist.,3,1,1,0
safesoc-wazuh-01,5901,New group added to the system.,8,1,1,0
safesoc-wazuh-01,5403,First time user executed sudo.,4,1,1,0
safesoc-win-01,501,New wazuh agent connected.,3,1,1,0
safesoc-win-01,19007,CIS Microsoft Windows 11 Enterprise Benchmark v3.0.0: Ensure 'Enforce password history' is set to '24 or more password(s)'.,7,1,1,0
safesoc-win-01,19008,"CIS Microsoft Windows 11 Enterprise Benchmark v3.0.0: Ensure 'Maximum password age' is set to '365 or fewer days, but not 0'.",3,1,1,0
safesoc-win-01,19007,CIS Microsoft Windows 11 Enterprise Benchmark v3.0.0: Ensure 'Minimum password age' is set to '1 or more day(s)'.,7,1,1,0
safesoc-win-01,19007,CIS Microsoft Windows 11 Enterprise Benchmark v3.0.0: Ensure 'Minimum password length' is set to '14 or more character(s)'.,7,1,1,0
safesoc-win-01,19007,CIS Microsoft Windows 11 Enterprise Benchmark v3.0.0: Ensure 'Relax minimum password length limits' is set to 'Enabled'.,7,1,1,0
safesoc-win-01,19007,CIS Microsoft Windows 11 Enterprise Benchmark v3.0.0: Ensure 'Account lockout duration' is set to '15 or more minute(s)'.,7,1,1,0
safesoc-win-01,19007,"CIS Microsoft Windows 11 Enterprise Benchmark v3.0.0: Ensure 'Account lockout threshold' is set to '5 or fewer invalid logon attempt(s), but not 0'.",7,1,1,0
safesoc-win-01,19007,CIS Microsoft Windows 11 Enterprise Benchmark v3.0.0: Ensure 'Reset account lockout counter after' is set to '15 or more minute(s)'.,7,1,1,0
safesoc-win-01,19007,CIS Microsoft Windows 11 Enterprise Benchmark v3.0.0: Ensure 'Accounts: Block Microsoft accounts' is set to 'Users can't add or log on with Microsoft accounts'.,7,1,1,0
safesoc-win-01,19008,CIS Microsoft Windows 11 Enterprise Benchmark v3.0.0: Ensure 'Accounts: Guest account status' is set to 'Disabled'.,3,1,1,0
safesoc-win-01,19008,CIS Microsoft Windows 11 Enterprise Benchmark v3.0.0: Ensure 'Accounts: Limit local account use of blank passwords to console logon only' is set to 'Enabled'.,3,1,1,0
safesoc-win-01,19007,CIS Microsoft Windows 11 Enterprise Benchmark v3.0.0: Configure 'Accounts: Rename administrator account'.,7,1,1,0
safesoc-win-01,19007,CIS Microsoft Windows 11 Enterprise Benchmark v3.0.0: Configure 'Accounts: Rename guest account'.,7,1,1,0
safesoc-win-01,19007,CIS Microsoft Windows 11 Enterprise Benchmark v3.0.0: Ensure 'Audit: Force audit policy subcategory settings (Windows Vista or later) to override audit policy category settings' is set to 'Enabled'.,7,1,1,0
safesoc-win-01,19008,CIS Microsoft Windows 11 Enterprise Benchmark v3.0.0: Ensure 'Audit: Shut down system immediately if unable to log security audits' is set to 'Disabled'.,3,1,1,0
safesoc-win-01,19007,CIS Microsoft Windows 11 Enterprise Benchmark v3.0.0: Ensure 'Devices: Prevent users from installing printer drivers' is set to 'Enabled'.,7,1,1,0
safesoc-win-01,19008,CIS Microsoft Windows 11 Enterprise Benchmark v3.0.0: Ensure 'Domain member: Digitally encrypt or sign secure channel data (always)' is set to 'Enabled'.,3,1,1,0
safesoc-win-01,19008,CIS Microsoft Windows 11 Enterprise Benchmark v3.0.0: Ensure 'Domain member: Digitally encrypt secure channel data (when possible)' is set to 'Enabled'.,3,1,1,0
safesoc-win-01,19008,CIS Microsoft Windows 11 Enterprise Benchmark v3.0.0: Ensure 'Domain member: Digitally sign secure channel data (when possible)' is set to 'Enabled'.,3,1,1,0
safesoc-win-01,19008,CIS Microsoft Windows 11 Enterprise Benchmark v3.0.0: Ensure 'Domain member: Disable machine account password changes' is set to 'Disabled'.,3,1,1,0
safesoc-win-01,19008,"CIS Microsoft Windows 11 Enterprise Benchmark v3.0.0: Ensure 'Domain member: Maximum machine account password age' is set to '30 or fewer days, but not 0'.",3,1,1,0
safesoc-win-01,19008,CIS Microsoft Windows 11 Enterprise Benchmark v3.0.0: Ensure 'Domain member: Require strong (Windows 2000 or later) session key' is set to 'Enabled'.,3,1,1,0
safesoc-win-01,19007,CIS Microsoft Windows 11 Enterprise Benchmark v3.0.0: Ensure 'Interactive logon: Do not require CTRL+ALT+DEL' is set to 'Disabled'.,7,1,1,0
safesoc-win-01,19007,CIS Microsoft Windows 11 Enterprise Benchmark v3.0.0: Ensure 'Interactive logon: Don't display last signed-in' is set to 'Enabled'.,7,1,1,0
safesoc-win-01,19007,"CIS Microsoft Windows 11 Enterprise Benchmark v3.0.0: Ensure 'Interactive logon: Machine account lockout threshold' is set to '10 or fewer invalid logon attempts, but not 0'.",7,1,1,0
safesoc-win-01,19007,"CIS Microsoft Windows 11 Enterprise Benchmark v3.0.0: Ensure 'Interactive logon: Machine inactivity limit' is set to '900 or fewer second(s), but not 0'.",7,1,1,0
safesoc-win-01,19007,CIS Microsoft Windows 11 Enterprise Benchmark v3.0.0: Configure 'Interactive logon: Message text for users attempting to log on'.,7,1,1,0
safesoc-win-01,19007,CIS Microsoft Windows 11 Enterprise Benchmark v3.0.0: Configure 'Interactive logon: Message title for users attempting to log on'.,7,1,1,0
safesoc-win-01,19007,CIS Microsoft Windows 11 Enterprise Benchmark v3.0.0: Ensure 'Interactive logon: Number of previous logons to cache (in case domain controller is not available)' is set to '4 or fewer logon(s)'.,7,1,1,0
safesoc-win-01,19008,CIS Microsoft Windows 11 Enterprise Benchmark v3.0.0: Ensure 'Interactive logon: Prompt user to change password before expiration' is set to 'between 5 and 14 days'.,3,1,1,0
safesoc-win-01,19007,CIS Microsoft Windows 11 Enterprise Benchmark v3.0.0: Ensure 'Interactive logon: Smart card removal behavior' is set to 'Lock Workstation' or higher.,7,1,1,0
safesoc-win-01,19007,CIS Microsoft Windows 11 Enterprise Benchmark v3.0.0: Ensure 'Microsoft network client: Digitally sign communications (always)' is set to 'Enabled'.,7,1,1,0
safesoc-win-01,19008,CIS Microsoft Windows 11 Enterprise Benchmark v3.0.0: Ensure 'Microsoft network client: Digitally sign communications (if server agrees)' is set to 'Enabled'.,3,1,1,0
safesoc-win-01,19008,CIS Microsoft Windows 11 Enterprise Benchmark v3.0.0: Ensure 'Microsoft network client: Send unencrypted password to third-party SMB servers' is set to 'Disabled'.,3,1,1,0
safesoc-win-01,19008,CIS Microsoft Windows 11 Enterprise Benchmark v3.0.0: Ensure 'Microsoft network server: Amount of idle time required before suspending session' is set to '15 or fewer minute(s)'.,3,1,1,0
safesoc-win-01,19007,CIS Microsoft Windows 11 Enterprise Benchmark v3.0.0: Ensure 'Microsoft network server: Digitally sign communications (always)' is set to 'Enabled'.,7,1,1,0
safesoc-win-01,19007,CIS Microsoft Windows 11 Enterprise Benchmark v3.0.0: Ensure 'Microsoft network server: Digitally sign communications (if client agrees)' is set to 'Enabled'.,7,1,1,0
safesoc-win-01,19008,CIS Microsoft Windows 11 Enterprise Benchmark v3.0.0: Ensure 'Microsoft network server: Disconnect clients when logon hours expire' is set to 'Enabled'.,3,1,1,0
safesoc-win-01,19007,CIS Microsoft Windows 11 Enterprise Benchmark v3.0.0: Ensure 'Microsoft network server: Server SPN target name validation level' is set to 'Accept if provided by client' or higher.,7,1,1,0
safesoc-win-01,19008,CIS Microsoft Windows 11 Enterprise Benchmark v3.0.0: Ensure 'Network access: Do not allow anonymous enumeration of SAM accounts' is set to 'Enabled'.,3,1,1,0
safesoc-win-01,19007,CIS Microsoft Windows 11 Enterprise Benchmark v3.0.0: Ensure 'Network access: Do not allow anonymous enumeration of SAM accounts and shares' is set to 'Enabled'.,7,1,1,0
safesoc-win-01,19007,CIS Microsoft Windows 11 Enterprise Benchmark v3.0.0: Ensure 'Network access: Do not allow storage of passwords and credentials for network authentication' is set to 'Enabled'.,7,1,1,0
safesoc-win-01,19008,CIS Microsoft Windows 11 Enterprise Benchmark v3.0.0: Ensure 'Network access: Let Everyone permissions apply to anonymous users' is set to 'Disabled'.,3,1,1,0
safesoc-win-01,19008,CIS Microsoft Windows 11 Enterprise Benchmark v3.0.0: Ensure 'Network access: Named Pipes that can be accessed anonymously' is set to 'None'.,3,1,1,0
safesoc-win-01,19008,CIS Microsoft Windows 11 Enterprise Benchmark v3.0.0: Ensure 'Network access: Remotely accessible registry paths' is configured.,3,1,1,0
safesoc-win-01,19008,CIS Microsoft Windows 11 Enterprise Benchmark v3.0.0: Ensure 'Network access: Remotely accessible registry paths and sub-paths' is configured.,3,1,1,0
safesoc-win-01,19008,CIS Microsoft Windows 11 Enterprise Benchmark v3.0.0: Ensure 'Network access: Restrict anonymous access to Named Pipes and Shares' is set to 'Enabled'.,3,1,1,0
safesoc-win-01,19008,CIS Microsoft Windows 11 Enterprise Benchmark v3.0.0: Ensure 'Network access: Restrict clients allowed to make remote calls to SAM' is set to 'Administrators: Remote Access: Allow'.,3,1,1,0
safesoc-win-01,19008,CIS Microsoft Windows 11 Enterprise Benchmark v3.0.0: Ensure 'Network access: Shares that can be accessed anonymously' is set to 'None'.,3,1,1,0
safesoc-win-01,19008,CIS Microsoft Windows 11 Enterprise Benchmark v3.0.0: Ensure 'Network access: Sharing and security model for local accounts' is set to 'Classic - local users authenticate as themselves'.,3,1,1,0
safesoc-win-01,19007,CIS Microsoft Windows 11 Enterprise Benchmark v3.0.0: Ensure 'Network security: Allow Local System to use computer identity for NTLM' is set to 'Enabled'.,7,1,1,0
safesoc-win-01,19008,CIS Microsoft Windows 11 Enterprise Benchmark v3.0.0: Ensure 'Network security: Allow LocalSystem NULL session fallback' is set to 'Disabled'.,3,1,1,0
safesoc-win-01,19008,CIS Microsoft Windows 11 Enterprise Benchmark v3.0.0: Ensure 'Network Security: Allow PKU2U authentication requests to this computer to use online identities' is set to 'Disabled'.,3,1,1,0
safesoc-win-01,19007,"CIS Microsoft Windows 11 Enterprise Benchmark v3.0.0: Ensure 'Network security: Configure encryption types allowed for Kerberos' is set to 'AES128_HMAC_SHA1, AES256_HMAC_SHA1, Future encryption types'.",7,1,1,0
safesoc-win-01,19008,CIS Microsoft Windows 11 Enterprise Benchmark v3.0.0: Ensure 'Network security: Do not store LAN Manager hash value on next password change' is set to 'Enabled'.,3,1,1,0
safesoc-win-01,19008,CIS Microsoft Windows 11 Enterprise Benchmark v3.0.0: Ensure 'Network security: Force logoff when logon hours expire' is set to 'Enabled'.,3,1,1,0
safesoc-win-01,19007,CIS Microsoft Windows 11 Enterprise Benchmark v3.0.0: Ensure 'Network security: LAN Manager authentication level' is set to 'Send NTLMv2 response only. Refuse LM & NTLM'.,7,1,1,0
safesoc-win-01,19008,CIS Microsoft Windows 11 Enterprise Benchmark v3.0.0: Ensure 'Network security: LDAP client signing requirements' is set to 'Negotiate signing' or higher.,3,1,1,0
safesoc-win-01,19007,"CIS Microsoft Windows 11 Enterprise Benchmark v3.0.0: Ensure 'Network security: Minimum session security for NTLM SSP based (including secure RPC) clients' is set to 'Require NTLMv2 session security, Require 128-bit encryption'.",7,1,1,0
safesoc-win-01,19007,"CIS Microsoft Windows 11 Enterprise Benchmark v3.0.0: Ensure 'Network security: Minimum session security for NTLM SSP based (including secure RPC) servers' is set to 'Require NTLMv2 session security, Require 128-bit encryption'.",7,1,1,0
safesoc-win-01,19007,CIS Microsoft Windows 11 Enterprise Benchmark v3.0.0: Ensure 'Network security: Restrict NTLM: Audit Incoming NTLM Traffic' is set to 'Enable auditing for all accounts'.,7,1,1,0
safesoc-win-01,19007,CIS Microsoft Windows 11 Enterprise Benchmark v3.0.0: Ensure 'Network security: Restrict NTLM: Outgoing NTLM traffic to remote servers' is set to 'Audit all' or higher.,7,1,1,0
safesoc-win-01,19008,CIS Microsoft Windows 11 Enterprise Benchmark v3.0.0: Ensure 'System objects: Require case insensitivity for non-Windows subsystems' is set to 'Enabled'.,3,1,1,0
safesoc-win-01,19008,CIS Microsoft Windows 11 Enterprise Benchmark v3.0.0: Ensure 'System objects: Strengthen default permissions of internal system objects (e.g. Symbolic Links)' is set to 'Enabled'.,3,1,1,0
safesoc-win-01,19007,CIS Microsoft Windows 11 Enterprise Benchmark v3.0.0: Ensure 'User Account Control: Admin Approval Mode for the Built-in Administrator account' is set to 'Enabled'.,7,1,1,0
safesoc-win-01,19007,CIS Microsoft Windows 11 Enterprise Benchmark v3.0.0: Ensure 'User Account Control: Behavior of the elevation prompt for administrators in Admin Approval Mode' is set to 'Prompt for consent on the secure desktop'.,7,1,1,0
safesoc-win-01,19007,CIS Microsoft Windows 11 Enterprise Benchmark v3.0.0: Ensure 'User Account Control: Behavior of the elevation prompt for standard users' is set to 'Automatically deny elevation requests'.,7,1,1,0
safesoc-win-01,19008,CIS Microsoft Windows 11 Enterprise Benchmark v3.0.0: Ensure 'User Account Control: Detect application installations and prompt for elevation' is set to 'Enabled'.,3,1,1,0
safesoc-win-01,19008,CIS Microsoft Windows 11 Enterprise Benchmark v3.0.0: Ensure 'User Account Control: Only elevate UIAccess applications that are installed in secure locations' is set to 'Enabled'.,3,1,1,0
safesoc-win-01,19008,CIS Microsoft Windows 11 Enterprise Benchmark v3.0.0: Ensure 'User Account Control: Run all administrators in Admin Approval Mode' is set to 'Enabled'.,3,1,1,0
safesoc-win-01,19008,CIS Microsoft Windows 11 Enterprise Benchmark v3.0.0: Ensure 'User Account Control: Switch to the secure desktop when prompting for elevation' is set to 'Enabled'.,3,1,1,0
safesoc-win-01,19008,CIS Microsoft Windows 11 Enterprise Benchmark v3.0.0: Ensure 'User Account Control: Virtualize file and registry write failures to per-user locations' is set to 'Enabled'.,3,1,1,0
safesoc-win-01,19007,CIS Microsoft Windows 11 Enterprise Benchmark v3.0.0: Ensure 'Bluetooth Audio Gateway Service (BTAGService)' is set to 'Disabled'.,7,1,1,0
safesoc-win-01,19007,CIS Microsoft Windows 11 Enterprise Benchmark v3.0.0: Ensure 'Bluetooth Support Service (bthserv)' is set to 'Disabled'.,7,1,1,0
safesoc-win-01,19009,CIS Microsoft Windows 11 Enterprise Benchmark v3.0.0: Ensure 'Computer Browser (Browser)' is set to 'Disabled' or 'Not Installed'.,3,1,1,0
safesoc-win-01,19007,CIS Microsoft Windows 11 Enterprise Benchmark v3.0.0: Ensure 'Downloaded Maps Manager (MapsBroker)' is set to 'Disabled'.,7,1,1,0
safesoc-win-01,19007,CIS Microsoft Windows 11 Enterprise Benchmark v3.0.0: Ensure 'Geolocation Service (lfsvc)' is set to 'Disabled'.,7,1,1,0
safesoc-win-01,19008,CIS Microsoft Windows 11 Enterprise Benchmark v3.0.0: Ensure 'IIS Admin Service (IISADMIN)' is set to 'Disabled' or 'Not Installed'.,3,1,1,0
safesoc-win-01,19008,CIS Microsoft Windows 11 Enterprise Benchmark v3.0.0: Ensure 'Infrared monitor service (irmon)' is set to 'Disabled' or 'Not Installed'.,3,1,1,0
safesoc-win-01,19007,CIS Microsoft Windows 11 Enterprise Benchmark v3.0.0: Ensure 'Link-Layer Topology Discovery Mapper (lltdsvc)' is set to 'Disabled'.,7,1,1,0
safesoc-win-01,19008,CIS Microsoft Windows 11 Enterprise Benchmark v3.0.0: Ensure 'LxssManager (LxssManager)' is set to 'Disabled' or 'Not Installed'.,3,1,1,0
safesoc-win-01,19007,CIS Microsoft Windows 11 Enterprise Benchmark v3.0.0: Ensure 'Microsoft iSCSI Initiator Service (MSiSCSI)' is set to 'Disabled'.,7,1,1,0
safesoc-win-01,19008,CIS Microsoft Windows 11 Enterprise Benchmark v3.0.0: Ensure 'Microsoft FTP Service (FTPSVC)' is set to 'Disabled' or 'Not Installed'.,3,1,1,0
safesoc-win-01,19008,CIS Microsoft Windows 11 Enterprise Benchmark v3.0.0: Ensure 'OpenSSH SSH Server (sshd)' is set to 'Disabled' or 'Not Installed'.,3,1,1,0
safesoc-win-01,19009,CIS Microsoft Windows 11 Enterprise Benchmark v3.0.0: Ensure 'Peer Name Resolution Protocol (PNRPsvc)' is set to 'Disabled'.,3,1,1,0
safesoc-win-01,19009,CIS Microsoft Windows 11 Enterprise Benchmark v3.0.0: Ensure 'Peer Networking Grouping (p2psvc)' is set to 'Disabled'.,3,1,1,0
safesoc-win-01,19009,CIS Microsoft Windows 11 Enterprise Benchmark v3.0.0: Ensure 'Peer Networking Identity Manager (p2pimsvc)' is set to 'Disabled'.,3,1,1,0
safesoc-win-01,19009,CIS Microsoft Windows 11 Enterprise Benchmark v3.0.0: Ensure 'PNRP Machine Name Publication Service (PNRPAutoReg)' is set to 'Disabled'.,3,1,1,0
safesoc-win-01,19007,CIS Microsoft Windows 11 Enterprise Benchmark v3.0.0: Ensure 'Print Spooler (Spooler)' is set to 'Disabled'.,7,1,1,0
safesoc-win-01,19007,CIS Microsoft Windows 11 Enterprise Benchmark v3.0.0: Ensure 'Problem Reports and Solutions Control Panel Support (wercplsupport)' is set to 'Disabled'.,7,1,1,0
safesoc-win-01,19007,CIS Microsoft Windows 11 Enterprise Benchmark v3.0.0: Ensure 'Remote Access Auto Connection Manager (RasAuto)' is set to 'Disabled'.,7,1,1,0
safesoc-win-01,19007,CIS Microsoft Windows 11 Enterprise Benchmark v3.0.0: Ensure 'Remote Desktop Configuration (SessionEnv)' is set to 'Disabled'.,7,1,1,0
safesoc-win-01,19007,CIS Microsoft Windows 11 Enterprise Benchmark v3.0.0: Ensure 'Remote Desktop Services (TermService)' is set to 'Disabled'.,7,1,1,0
safesoc-win-01,19007,CIS Microsoft Windows 11 Enterprise Benchmark v3.0.0: Ensure 'Remote Desktop Services UserMode Port Redirector (UmRdpService)' is set to 'Disabled'.,7,1,1,0
safesoc-win-01,19007,CIS Microsoft Windows 11 Enterprise Benchmark v3.0.0: Ensure 'Remote Procedure Call (RPC) Locator (RpcLocator)' is set to 'Disabled'.,7,1,1,0
safesoc-win-01,19008,CIS Microsoft Windows 11 Enterprise Benchmark v3.0.0: Ensure 'Remote Registry (RemoteRegistry)' is set to 'Disabled'.,3,1,1,0
safesoc-win-01,19008,CIS Microsoft Windows 11 Enterprise Benchmark v3.0.0: Ensure 'Routing and Remote Access (RemoteAccess)' is set to 'Disabled'.,3,1,1,0
safesoc-win-01,19007,CIS Microsoft Windows 11 Enterprise Benchmark v3.0.0: Ensure 'Server (LanmanServer)' is set to 'Disabled'.,7,1,1,0
safesoc-win-01,19008,CIS Microsoft Windows 11 Enterprise Benchmark v3.0.0: Ensure 'Simple TCP/IP Services (simptcp)' is set to 'Disabled' or 'Not Installed'.,3,1,1,0
safesoc-win-01,19008,CIS Microsoft Windows 11 Enterprise Benchmark v3.0.0: Ensure 'SNMP Service (SNMP)' is set to 'Disabled' or 'Not Installed'.,3,1,1,0
safesoc-win-01,19008,CIS Microsoft Windows 11 Enterprise Benchmark v3.0.0: Ensure 'Special Administration Console Helper (sacsvr)' is set to 'Disabled' or 'Not Installed'.,3,1,1,0
safesoc-win-01,19007,CIS Microsoft Windows 11 Enterprise Benchmark v3.0.0: Ensure 'SSDP Discovery (SSDPSRV)' is set to 'Disabled'.,7,1,1,0
safesoc-win-01,19007,CIS Microsoft Windows 11 Enterprise Benchmark v3.0.0: Ensure 'UPnP Device Host (upnphost)' is set to 'Disabled'.,7,1,1,0
safesoc-win-01,19008,CIS Microsoft Windows 11 Enterprise Benchmark v3.0.0: Ensure 'Web Management Service (WMSvc)' is set to 'Disabled' or 'Not Installed'.,3,1,1,0
safesoc-win-01,19007,CIS Microsoft Windows 11 Enterprise Benchmark v3.0.0: Ensure 'Windows Error Reporting Service (WerSvc)' is set to 'Disabled'.,7,1,1,0
safesoc-win-01,19007,CIS Microsoft Windows 11 Enterprise Benchmark v3.0.0: Ensure 'Windows Event Collector (Wecsvc)' is set to 'Disabled'.,7,1,1,0
safesoc-win-01,19007,CIS Microsoft Windows 11 Enterprise Benchmark v3.0.0: Ensure 'Windows Mobile Hotspot Service (icssvc)' is set to 'Disabled'.,7,1,1,0
safesoc-win-01,19007,CIS Microsoft Windows 11 Enterprise Benchmark v3.0.0: Ensure 'Windows Media Player Network Sharing Service (WMPNetworkSvc)' is set to 'Disabled' or 'Not Installed'.,7,1,1,0
safesoc-win-01,19007,CIS Microsoft Windows 11 Enterprise Benchmark v3.0.0: Ensure 'Windows Push Notifications System Service (WpnService)' is set to 'Disabled'.,7,1,1,0
safesoc-win-01,19007,CIS Microsoft Windows 11 Enterprise Benchmark v3.0.0: Ensure 'Windows PushToInstall Service (PushToInstall)' is set to 'Disabled'.,7,1,1,0
safesoc-win-01,19007,CIS Microsoft Windows 11 Enterprise Benchmark v3.0.0: Ensure 'Windows Remote Management (WS- Management) (WinRM)' is set to 'Disabled'.,7,1,1,0
safesoc-win-01,19008,CIS Microsoft Windows 11 Enterprise Benchmark v3.0.0: Ensure 'World Wide Web Publishing Service (W3SVC)' is set to 'Disabled' or 'Not Installed'.,3,1,1,0
safesoc-win-01,19007,CIS Microsoft Windows 11 Enterprise Benchmark v3.0.0: Ensure 'Xbox Accessory Management Service (XboxGipSvc)' is set to 'Disabled'.,7,1,1,0
safesoc-win-01,19007,CIS Microsoft Windows 11 Enterprise Benchmark v3.0.0: Ensure 'Xbox Live Auth Manager (XblAuthManager)' is set to 'Disabled'.,7,1,1,0
safesoc-win-01,19007,CIS Microsoft Windows 11 Enterprise Benchmark v3.0.0: Ensure 'Xbox Live Game Save (XblGameSave)' is set to 'Disabled'.,7,1,1,0
safesoc-win-01,19007,CIS Microsoft Windows 11 Enterprise Benchmark v3.0.0: Ensure 'Xbox Live Networking Service (XboxNetApiSvc)' is set to 'Disabled'.,7,1,1,0
safesoc-win-01,19008,CIS Microsoft Windows 11 Enterprise Benchmark v3.0.0: Ensure 'Windows Firewall: Domain: Firewall state' is set to 'On (recommended)'.,3,1,1,0
safesoc-win-01,19008,CIS Microsoft Windows 11 Enterprise Benchmark v3.0.0: Ensure 'Windows Firewall: Domain: Inbound connections' is set to 'Block (default)'.,3,1,1,0
safesoc-win-01,19007,CIS Microsoft Windows 11 Enterprise Benchmark v3.0.0: Ensure 'Windows Firewall: Domain: Settings: Display a notification' is set to 'No'.,7,1,1,0
safesoc-win-01,19007,CIS Microsoft Windows 11 Enterprise Benchmark v3.0.0: Ensure 'Windows Firewall: Domain: Logging: Name' is set to '%SystemRoot%System32\logfiles\firewall\domainfw.log'.,7,1,1,0
safesoc-win-01,19007,"CIS Microsoft Windows 11 Enterprise Benchmark v3.0.0: Ensure 'Windows Firewall: Domain: Logging: Size limit (KB)' is set to '16,384 KB or greater'.",7,1,1,0
safesoc-win-01,19007,CIS Microsoft Windows 11 Enterprise Benchmark v3.0.0: Ensure 'Windows Firewall: Domain: Logging: Log dropped packets' is set to 'Yes'.,7,1,1,0
safesoc-win-01,19007,CIS Microsoft Windows 11 Enterprise Benchmark v3.0.0: Ensure 'Windows Firewall: Domain: Logging: Log successful connections' is set to 'Yes'.,7,1,1,0
safesoc-win-01,19008,CIS Microsoft Windows 11 Enterprise Benchmark v3.0.0: Ensure 'Windows Firewall: Private: Firewall state' is set to 'On (recommended)'.,3,1,1,0
safesoc-win-01,19008,CIS Microsoft Windows 11 Enterprise Benchmark v3.0.0: Ensure 'Windows Firewall: Private: Inbound connections' is set to 'Block (default)'.,3,1,1,0
safesoc-win-01,19007,CIS Microsoft Windows 11 Enterprise Benchmark v3.0.0: Ensure 'Windows Firewall: Private: Settings: Display a notification' is set to 'No'.,7,1,1,0
safesoc-win-01,19007,CIS Microsoft Windows 11 Enterprise Benchmark v3.0.0: Ensure 'Windows Firewall: Private: Logging: Name' is set to '%SystemRoot%\System32\logfiles\firewall\privatefw.log'.,7,1,1,0
safesoc-win-01,19007,"CIS Microsoft Windows 11 Enterprise Benchmark v3.0.0: Ensure 'Windows Firewall: Private: Logging: Size limit (KB)' is set to '16,384 KB or greater'.",7,1,1,0
safesoc-win-01,19007,CIS Microsoft Windows 11 Enterprise Benchmark v3.0.0: Ensure 'Windows Firewall: Private: Logging: Log dropped packets' is set to 'Yes'.,7,1,1,0
safesoc-win-01,19007,CIS Microsoft Windows 11 Enterprise Benchmark v3.0.0: Ensure 'Windows Firewall: Private: Logging: Log successful connections' is set to 'Yes'.,7,1,1,0
safesoc-win-01,19008,CIS Microsoft Windows 11 Enterprise Benchmark v3.0.0: Ensure 'Windows Firewall: Public: Firewall state' is set to 'On (recommended)'.,3,1,1,0
safesoc-win-01,19008,CIS Microsoft Windows 11 Enterprise Benchmark v3.0.0: Ensure 'Windows Firewall: Public: Inbound connections' is set to 'Block (default)'.,3,1,1,0
safesoc-win-01,19007,CIS Microsoft Windows 11 Enterprise Benchmark v3.0.0: Ensure 'Windows Firewall: Public: Settings: Display a notification' is set to 'No'.,7,1,1,0
safesoc-win-01,19007,CIS Microsoft Windows 11 Enterprise Benchmark v3.0.0: Ensure 'Windows Firewall: Public: Settings: Apply local firewall rules' is set to 'No'.,7,1,1,0
safesoc-win-01,19007,CIS Microsoft Windows 11 Enterprise Benchmark v3.0.0: Ensure 'Windows Firewall: Public: Settings: Apply local connection security rules' is set to 'No'.,7,1,1,0
safesoc-win-01,19007,CIS Microsoft Windows 11 Enterprise Benchmark v3.0.0: Ensure 'Windows Firewall: Public: Logging: Name' is set to '%SystemRoot%\System32\logfiles\firewall\publicfw.log'.,7,1,1,0
safesoc-win-01,19007,"CIS Microsoft Windows 11 Enterprise Benchmark v3.0.0: Ensure 'Windows Firewall: Public: Logging: Size limit (KB)' is set to '16,384 KB or greater'.",7,1,1,0
safesoc-win-01,19007,CIS Microsoft Windows 11 Enterprise Benchmark v3.0.0: Ensure 'Windows Firewall: Public: Logging: Log dropped packets' is set to 'Yes'.,7,1,1,0
safesoc-win-01,19007,CIS Microsoft Windows 11 Enterprise Benchmark v3.0.0: Ensure 'Windows Firewall: Public: Logging: Log successful connections' is set to 'Yes'.,7,1,1,0
safesoc-win-01,19007,CIS Microsoft Windows 11 Enterprise Benchmark v3.0.0: Ensure 'Audit Credential Validation' is set to 'Success and Failure'.,7,1,1,0
safesoc-win-01,19007,CIS Microsoft Windows 11 Enterprise Benchmark v3.0.0: Ensure 'Audit Application Group Management' is set to 'Success and Failure'.,7,1,1,0
safesoc-win-01,19008,CIS Microsoft Windows 11 Enterprise Benchmark v3.0.0: Ensure 'Audit Security Group Management' is set to include 'Success'.,3,1,1,0
safesoc-win-01,19007,CIS Microsoft Windows 11 Enterprise Benchmark v3.0.0: Ensure 'Audit User Account Management' is set to 'Success and Failure'.,7,1,1,0
safesoc-win-01,19007,CIS Microsoft Windows 11 Enterprise Benchmark v3.0.0: Ensure 'Audit PNP Activity' is set to include 'Success'.,7,1,1,0
safesoc-win-01,19007,CIS Microsoft Windows 11 Enterprise Benchmark v3.0.0: Ensure 'Audit Process Creation' is set to include 'Success'.,7,1,1,0
safesoc-win-01,19007,CIS Microsoft Windows 11 Enterprise Benchmark v3.0.0: Ensure 'Audit Account Lockout' is set to include 'Failure'.,7,1,1,0
safesoc-win-01,19007,CIS Microsoft Windows 11 Enterprise Benchmark v3.0.0: Ensure 'Audit Group Membership' is set to include 'Success'.,7,1,1,0
safesoc-win-01,19008,CIS Microsoft Windows 11 Enterprise Benchmark v3.0.0: Ensure 'Audit Logoff' is set to include 'Success'.,3,1,1,0
safesoc-win-01,19008,CIS Microsoft Windows 11 Enterprise Benchmark v3.0.0: Ensure 'Audit Logon' is set to 'Success and Failure'.,3,1,1,0
safesoc-win-01,19007,CIS Microsoft Windows 11 Enterprise Benchmark v3.0.0: Ensure 'Audit Other Logon/Logoff Events' is set to 'Success and Failure'.,7,1,1,0
safesoc-win-01,19008,CIS Microsoft Windows 11 Enterprise Benchmark v3.0.0: Ensure 'Audit Special Logon' is set to include 'Success'.,3,1,1,0
safesoc-win-01,19007,CIS Microsoft Windows 11 Enterprise Benchmark v3.0.0: Ensure 'Audit Detailed File Share' is set to include 'Failure'.,7,1,1,0
safesoc-win-01,19007,CIS Microsoft Windows 11 Enterprise Benchmark v3.0.0: Ensure 'Audit File Share' is set to 'Success and Failure'.,7,1,1,0
safesoc-win-01,19007,CIS Microsoft Windows 11 Enterprise Benchmark v3.0.0: Ensure 'Audit Other Object Access Events' is set to 'Success and Failure'.,7,1,1,0
safesoc-win-01,19007,CIS Microsoft Windows 11 Enterprise Benchmark v3.0.0: Ensure 'Audit Removable Storage' is set to 'Success and Failure'.,7,1,1,0
safesoc-win-01,19008,CIS Microsoft Windows 11 Enterprise Benchmark v3.0.0: Ensure 'Audit Authentication Policy Change' is set to include 'Success'.,3,1,1,0
safesoc-win-01,19008,CIS Microsoft Windows 11 Enterprise Benchmark v3.0.0: Ensure 'Audit Audit Policy Change' is set to include 'Success'.,3,1,1,0
safesoc-win-01,19007,CIS Microsoft Windows 11 Enterprise Benchmark v3.0.0: Ensure 'Audit MPSSVC Rule-Level Policy Change' is set to 'Success and Failure'.,7,1,1,0
safesoc-win-01,19007,CIS Microsoft Windows 11 Enterprise Benchmark v3.0.0: Ensure 'Audit Authorization Policy Change' is set to include 'Success'.,7,1,1,0
safesoc-win-01,19007,CIS Microsoft Windows 11 Enterprise Benchmark v3.0.0: Ensure 'Audit Other Policy Change Events' is set to include 'Failure'.,7,1,1,0
safesoc-win-01,19007,CIS Microsoft Windows 11 Enterprise Benchmark v3.0.0: Ensure 'Audit Sensitive Privilege Use' is set to 'Success and Failure'.,7,1,1,0
safesoc-win-01,19007,CIS Microsoft Windows 11 Enterprise Benchmark v3.0.0: Ensure 'Audit IPsec Driver' is set to 'Success and Failure'.,7,1,1,0
safesoc-win-01,19008,CIS Microsoft Windows 11 Enterprise Benchmark v3.0.0: Ensure 'Audit Other System Events' is set to 'Success and Failure'.,3,1,1,0
safesoc-win-01,19008,CIS Microsoft Windows 11 Enterprise Benchmark v3.0.0: Ensure 'Audit Security State Change' is set to include 'Success'.,3,1,1,0
safesoc-win-01,19007,CIS Microsoft Windows 11 Enterprise Benchmark v3.0.0: Ensure 'Audit Security System Extension' is set to include 'Success'.,7,1,1,0
safesoc-win-01,19008,CIS Microsoft Windows 11 Enterprise Benchmark v3.0.0: Ensure 'Audit System Integrity' is set to 'Success and Failure'.,3,1,1,0
safesoc-win-01,19007,CIS Microsoft Windows 11 Enterprise Benchmark v3.0.0: Ensure 'Prevent enabling lock screen camera' is set to 'Enabled'.,7,1,1,0
safesoc-win-01,19007,CIS Microsoft Windows 11 Enterprise Benchmark v3.0.0: Ensure 'Prevent enabling lock screen slide show' is set to 'Enabled'.,7,1,1,0
safesoc-win-01,19007,CIS Microsoft Windows 11 Enterprise Benchmark v3.0.0: Ensure 'Allow users to enable online speech recognition services' is set to 'Disabled'.,7,1,1,0
safesoc-win-01,19007,CIS Microsoft Windows 11 Enterprise Benchmark v3.0.0: Ensure 'Allow Online Tips' is set to 'Disabled'.,7,1,1,0
safesoc-win-01,19008,CIS Microsoft Windows 11 Enterprise Benchmark v3.0.0: Ensure 'Apply UAC restrictions to local accounts on network logons' is set to 'Enabled'.,3,1,1,0
safesoc-win-01,19008,CIS Microsoft Windows 11 Enterprise Benchmark v3.0.0: Ensure 'Configure RPC packet level privacy setting for incoming connections' is set to 'Enabled'.,3,1,1,0
safesoc-win-01,19008,CIS Microsoft Windows 11 Enterprise Benchmark v3.0.0: Ensure 'Configure SMB v1 client driver' is set to 'Enabled: Disable driver (recommended)'.,3,1,1,0
safesoc-win-01,19008,CIS Microsoft Windows 11 Enterprise Benchmark v3.0.0: Ensure 'Configure SMB v1 server' is set to 'Disabled'.,3,1,1,0
safesoc-win-01,19007,CIS Microsoft Windows 11 Enterprise Benchmark v3.0.0: Ensure 'Enable Certificate Padding' is set to 'Enabled'.,7,1,1,0
safesoc-win-01,19007,CIS Microsoft Windows 11 Enterprise Benchmark v3.0.0: Ensure 'Enable Structured Exception Handling Overwrite Protection (SEHOP)' is set to 'Enabled'.,7,1,1,0
safesoc-win-01,19007,CIS Microsoft Windows 11 Enterprise Benchmark v3.0.0: Ensure 'NetBT NodeType configuration' is set to 'Enabled: P-node (recommended)'.,7,1,1,0
safesoc-win-01,19008,CIS Microsoft Windows 11 Enterprise Benchmark v3.0.0: Ensure 'WDigest Authentication' is set to 'Disabled'.,3,1,1,0
safesoc-win-01,19008,CIS Microsoft Windows 11 Enterprise Benchmark v3.0.0: Ensure 'MSS: (AutoAdminLogon) Enable Automatic Logon' is set to 'Disabled'.,3,1,1,0
safesoc-win-01,19007,"CIS Microsoft Windows 11 Enterprise Benchmark v3.0.0: Ensure 'MSS: (DisableIPSourceRouting IPv6) IP source routing protection level is set to 'Enabled: Highest protection, source routing is completely disabled'.",7,1,1,0
safesoc-win-01,19007,"CIS Microsoft Windows 11 Enterprise Benchmark v3.0.0: Ensure 'MSS: (DisableIPSourceRouting) IP source routing protection level ' is set to 'Enabled: Highest protection, source routing is completely disabled'.",7,1,1,0
safesoc-win-01,19007,CIS Microsoft Windows 11 Enterprise Benchmark v3.0.0: Ensure 'MSS: (DisableSavePassword) Prevent the dial-up password from being saved' is set to 'Enabled'.,7,1,1,0
safesoc-win-01,19007,CIS Microsoft Windows 11 Enterprise Benchmark v3.0.0: Ensure 'MSS: (EnableICMPRedirect) Allow ICMP redirects to override OSPF generated routes' is set to 'Disabled'.,7,1,1,0
safesoc-win-01,19007,"CIS Microsoft Windows 11 Enterprise Benchmark v3.0.0: Ensure 'MSS: (KeepAliveTime) How often keep-alive packets are sent in milliseconds' is set to 'Enabled: 300,000 or 5 minutes'.",7,1,1,0
safesoc-win-01,19008,CIS Microsoft Windows 11 Enterprise Benchmark v3.0.0: Ensure 'MSS: (NoNameReleaseOnDemand) Allow the computer to ignore NetBIOS name release requests except from WINS servers' is set to 'Enabled'.,3,1,1,0
safesoc-win-01,19007,CIS Microsoft Windows 11 Enterprise Benchmark v3.0.0: Ensure 'MSS: (PerformRouterDiscovery) Allow IRDP to detect and configure Default Gateway addresses' is set to 'Disabled'.,7,1,1,0
safesoc-win-01,19008,CIS Microsoft Windows 11 Enterprise Benchmark v3.0.0: Ensure 'MSS: (SafeDllSearchMode) Enable Safe DLL search mode' is set to 'Enabled'.,3,1,1,0
safesoc-win-01,19008,CIS Microsoft Windows 11 Enterprise Benchmark v3.0.0: Ensure 'MSS: (ScreenSaverGracePeriod) The time in seconds before the screen saver grace period expires' is set to 'Enabled: 5 or fewer seconds'.,3,1,1,0
safesoc-win-01,19007,CIS Microsoft Windows 11 Enterprise Benchmark v3.0.0: Ensure 'MSS: (TcpMaxDataRetransmissions IPv6) How many times unacknowledged data is retransmitted' is set to 'Enabled: 3'.,7,1,1,0
safesoc-win-01,19007,CIS Microsoft Windows 11 Enterprise Benchmark v3.0.0: Ensure 'MSS: (TcpMaxDataRetransmissions) How many times unacknowledged data is retransmitted' is set to 'Enabled: 3'.,7,1,1,0
safesoc-win-01,19008,CIS Microsoft Windows 11 Enterprise Benchmark v3.0.0: Ensure 'MSS: (WarningLevel) Percentage threshold for the security event log at which the system will generate a warning' is set to 'Enabled: 90% or less'.,3,1,1,0
safesoc-win-01,19007,CIS Microsoft Windows 11 Enterprise Benchmark v3.0.0: Ensure 'Configure DNS over HTTPS (DoH) name resolution' is set to 'Enabled: Allow DoH' or higher.,7,1,1,0
safesoc-win-01,19008,CIS Microsoft Windows 11 Enterprise Benchmark v3.0.0: Ensure 'Configure NetBIOS settings' is set to 'Enabled: Disable NetBIOS name resolution on public networks'.,3,1,1,0
safesoc-win-01,19007,CIS Microsoft Windows 11 Enterprise Benchmark v3.0.0: Ensure 'Turn off multicast name resolution' is set to 'Enabled'.,7,1,1,0
safesoc-win-01,19007,CIS Microsoft Windows 11 Enterprise Benchmark v3.0.0: Ensure 'Enable Font Providers' is set to 'Disabled'.,7,1,1,0
safesoc-win-01,19007,CIS Microsoft Windows 11 Enterprise Benchmark v3.0.0: Ensure 'Enable insecure guest logons' is set to 'Disabled'.,7,1,1,0
safesoc-win-01,19008,CIS Microsoft Windows 11 Enterprise Benchmark v3.0.0: Ensure 'Turn on Mapper I/O (LLTDIO) driver' is set to 'Disabled'.,3,1,1,0
safesoc-win-01,19008,CIS Microsoft Windows 11 Enterprise Benchmark v3.0.0: Ensure 'Turn on Responder (RSPNDR) driver' is set to 'Disabled'.,3,1,1,0
safesoc-win-01,19007,CIS Microsoft Windows 11 Enterprise Benchmark v3.0.0: Ensure 'Turn off Microsoft Peer-to-Peer Networking Services' is set to 'Enabled'.,7,1,1,0
safesoc-win-01,19007,CIS Microsoft Windows 11 Enterprise Benchmark v3.0.0: Ensure 'Prohibit installation and configuration of Network Bridge on your DNS domain network' is set to 'Enabled'.,7,1,1,0
safesoc-win-01,19007,CIS Microsoft Windows 11 Enterprise Benchmark v3.0.0: Ensure 'Prohibit use of Internet Connection Sharing on your DNS domain network' is set to 'Enabled'.,7,1,1,0
safesoc-win-01,19007,CIS Microsoft Windows 11 Enterprise Benchmark v3.0.0: Ensure 'Require domain users to elevate when setting a network's location' is set to 'Enabled'.,7,1,1,0
safesoc-win-01,19007,"CIS Microsoft Windows 11 Enterprise Benchmark v3.0.0: Ensure 'Hardened UNC Paths' is set to 'Enabled, with ""Require Mutual Authentication"" and ""Require Integrity"" set for all NETLOGON and SYSVOL shares'.",7,1,1,0
safesoc-win-01,19007,CIS Microsoft Windows 11 Enterprise Benchmark v3.0.0: Disable IPv6 (Ensure TCPIP6 Parameter 'DisabledComponents' is set to '0xff (255)').,7,1,1,0
safesoc-win-01,19007,CIS Microsoft Windows 11 Enterprise Benchmark v3.0.0: Ensure 'Configuration of wireless settings using Windows Connect Now' is set to 'Disabled'.,7,1,1,0
safesoc-win-01,19007,CIS Microsoft Windows 11 Enterprise Benchmark v3.0.0: Ensure 'Prohibit access of the Windows Connect Now wizards' is set to 'Enabled'.,7,1,1,0
safesoc-win-01,19007,CIS Microsoft Windows 11 Enterprise Benchmark v3.0.0: Ensure 'Minimize the number of simultaneous connections to the Internet or a Windows Domain' is set to 'Enabled: 3 = Prevent Wi-Fi when on Ethernet'.,7,1,1,0
safesoc-win-01,19007,CIS Microsoft Windows 11 Enterprise Benchmark v3.0.0: Ensure 'Prohibit connection to non-domain networks when connected to domain authenticated network' is set to 'Enabled'.,7,1,1,0
safesoc-win-01,19007,"CIS Microsoft Windows 11 Enterprise Benchmark v3.0.0: Ensure 'Allow Windows to automatically connect to suggested open hotspots, to networks shared by contacts, and to hotspots offering paid services' is set to 'Disabled'.",7,1,1,0
safesoc-win-01,19007,CIS Microsoft Windows 11 Enterprise Benchmark v3.0.0: Ensure 'Allow Print Spooler to accept client connections' is set to 'Disabled'.,7,1,1,0
safesoc-win-01,19007,CIS Microsoft Windows 11 Enterprise Benchmark v3.0.0: Ensure 'Configure Redirection Guard' is set to 'Enabled: Redirection Guard Enabled'.,7,1,1,0
safesoc-win-01,19007,CIS Microsoft Windows 11 Enterprise Benchmark v3.0.0: Ensure 'Configure RPC connection settings: Protocol to use for outgoing RPC connections' is set to 'Enabled: RPC over TCP'.,7,1,1,0
safesoc-win-01,19007,CIS Microsoft Windows 11 Enterprise Benchmark v3.0.0: Ensure 'Configure RPC connection settings: Use authentication for outgoing RPC connections' is set to 'Enabled: Default'.,7,1,1,0
safesoc-win-01,19007,CIS Microsoft Windows 11 Enterprise Benchmark v3.0.0: Ensure 'Configure RPC listener settings: Protocols to allow for incoming RPC connections' is set to 'Enabled: RPC over TCP'.,7,1,1,0
safesoc-win-01,19007,CIS Microsoft Windows 11 Enterprise Benchmark v3.0.0: Ensure 'Configure RPC listener settings: Authentication protocol to use for incoming RPC connections:' is set to 'Enabled: Negotiate' or higher.,7,1,1,0
safesoc-win-01,19007,CIS Microsoft Windows 11 Enterprise Benchmark v3.0.0: Ensure 'Configure RPC over TCP port' is set to 'Enabled: 0'.,7,1,1,0
safesoc-win-01,19007,CIS Microsoft Windows 11 Enterprise Benchmark v3.0.0: Ensure 'Limits print driver installation to Administrators' is set to 'Enabled'.,7,1,1,0
safesoc-win-01,19007,CIS Microsoft Windows 11 Enterprise Benchmark v3.0.0: Ensure 'Manage processing of Queue-specific files' is set to 'Enabled: Limit Queue-specific files to Color profiles'.,7,1,1,0
safesoc-win-01,19008,CIS Microsoft Windows 11 Enterprise Benchmark v3.0.0: Ensure 'Point and Print Restrictions: When installing drivers for a new connection' is set to 'Enabled: Show warning and elevation prompt'.,3,1,1,0
safesoc-win-01,19007,CIS Microsoft Windows 11 Enterprise Benchmark v3.0.0: Ensure 'Point and Print Restrictions: When updating drivers for an existing connection' is set to 'Enabled: Show warning and elevation prompt'.,7,1,1,0
safesoc-win-01,19007,CIS Microsoft Windows 11 Enterprise Benchmark v3.0.0: Ensure 'Turn off notifications network usage' is set to 'Enabled'.,7,1,1,0
safesoc-win-01,19007,CIS Microsoft Windows 11 Enterprise Benchmark v3.0.0: Ensure 'Remove Personalized Website Recommendations from the Recommended section in the Start Menu' is set to 'Enabled'.,7,1,1,0
safesoc-win-01,19007,CIS Microsoft Windows 11 Enterprise Benchmark v3.0.0: Ensure 'Include command line in process creation events' is set to 'Enabled'.,7,1,1,0
safesoc-win-01,19007,CIS Microsoft Windows 11 Enterprise Benchmark v3.0.0: Ensure 'Encryption Oracle Remediation' is set to 'Enabled: Force Updated Clients'.,7,1,1,0
safesoc-win-01,19007,CIS Microsoft Windows 11 Enterprise Benchmark v3.0.0: Ensure 'Remote host allows delegation of non- exportable credentials' is set to 'Enabled'.,7,1,1,0
safesoc-win-01,19007,CIS Microsoft Windows 11 Enterprise Benchmark v3.0.0: Ensure 'Turn On Virtualization Based Security' is set to 'Enabled'.,7,1,1,0
safesoc-win-01,19007,CIS Microsoft Windows 11 Enterprise Benchmark v3.0.0: Ensure 'Turn On Virtualization Based Security: Select Platform Security Level' is set to 'Secure Boot' or higher.,7,1,1,0
safesoc-win-01,19007,CIS Microsoft Windows 11 Enterprise Benchmark v3.0.0: Ensure 'Turn On Virtualization Based Security: Virtualization Based Protection of Code Integrity' is set to 'Enabled with UEFI lock'.,7,1,1,0
safesoc-win-01,19007,CIS Microsoft Windows 11 Enterprise Benchmark v3.0.0: Ensure 'Turn On Virtualization Based Security: Require UEFI Memory Attributes Table' is set to 'True (checked)'.,7,1,1,0
safesoc-win-01,19007,CIS Microsoft Windows 11 Enterprise Benchmark v3.0.0: Ensure 'Turn On Virtualization Based Security: Credential Guard Configuration' is set to 'Enabled with UEFI lock'.,7,1,1,0
safesoc-win-01,19007,CIS Microsoft Windows 11 Enterprise Benchmark v3.0.0: Ensure 'Turn On Virtualization Based Security: Kernel-mode Hardware-enforced Stack Protection' is set to 'Enabled: Enabled in enforcement mode'.,7,1,1,0
safesoc-win-01,19007,CIS Microsoft Windows 11 Enterprise Benchmark v3.0.0: Ensure 'Prevent installation of devices that match any of these device IDs' is set to 'Enabled'.,7,1,1,0
safesoc-win-01,19007,CIS Microsoft Windows 11 Enterprise Benchmark v3.0.0: Ensure 'Prevent installation of devices that match any of these device IDs: Prevent installation of devices that match any of these device IDs' is set to 'PCI\CC_0C0A'.,7,1,1,0
safesoc-win-01,19007,CIS Microsoft Windows 11 Enterprise Benchmark v3.0.0: Ensure 'Prevent installation of devices that match any of these device IDs: Also apply to matching devices that are already installed.' is set to 'True'.,7,1,1,0
safesoc-win-01,19007,CIS Microsoft Windows 11 Enterprise Benchmark v3.0.0: Ensure 'Prevent installation of devices using drivers that match these device setup classes' is set to 'Enabled'.,7,1,1,0
safesoc-win-01,19007,CIS Microsoft Windows 11 Enterprise Benchmark v3.0.0: Ensure 'Prevent installation of devices using drivers that match these device setup classes: Prevent installation of devices using drivers for these device setup' is set to 'IEEE 1394 device setup classes'.,7,1,1,0
safesoc-win-01,19007,CIS Microsoft Windows 11 Enterprise Benchmark v3.0.0: Ensure 'Prevent installation of devices using drivers that match these device setup classes: Also apply to matching devices that are already installed.' is set to 'True'.,7,1,1,0
safesoc-win-01,19007,CIS Microsoft Windows 11 Enterprise Benchmark v3.0.0: Ensure 'Prevent device metadata retrieval from the Internet' is set to 'Enabled'.,7,1,1,0
safesoc-win-01,19007,"CIS Microsoft Windows 11 Enterprise Benchmark v3.0.0: Ensure 'Boot-Start Driver Initialization Policy' is set to 'Enabled: Good, unknown and bad but critical'.",7,1,1,0
safesoc-win-01,19007,CIS Microsoft Windows 11 Enterprise Benchmark v3.0.0: Ensure 'Configure registry policy processing: Do not apply during periodic background processing' is set to 'Enabled: FALSE'.,7,1,1,0
safesoc-win-01,19007,CIS Microsoft Windows 11 Enterprise Benchmark v3.0.0: Ensure 'Configure registry policy processing: Process even if the Group Policy objects have not changed' is set to 'Enabled: TRUE'.,7,1,1,0
safesoc-win-01,19007,CIS Microsoft Windows 11 Enterprise Benchmark v3.0.0: Ensure 'Configure security policy processing: Do not apply during periodic background processing' is set to 'Enabled: FALSE'.,7,1,1,0
safesoc-win-01,19007,CIS Microsoft Windows 11 Enterprise Benchmark v3.0.0: Ensure 'Configure security policy processing: Process even if the Group Policy objects have not changed' is set to 'Enabled: TRUE'.,7,1,1,0
safesoc-win-01,19007,CIS Microsoft Windows 11 Enterprise Benchmark v3.0.0: Ensure 'Continue experiences on this device' is set to 'Disabled'.,7,1,1,0
safesoc-win-01,19008,CIS Microsoft Windows 11 Enterprise Benchmark v3.0.0: Ensure 'Turn off background refresh of Group Policy' is set to 'Disabled'.,3,1,1,0
safesoc-win-01,19007,CIS Microsoft Windows 11 Enterprise Benchmark v3.0.0: Ensure 'Turn off access to the Store' is set to 'Enabled'.,7,1,1,0
safesoc-win-01,19007,CIS Microsoft Windows 11 Enterprise Benchmark v3.0.0: Ensure 'Turn off downloading of print drivers over HTTP' is set to 'Enabled'.,7,1,1,0
safesoc-win-01,19007,CIS Microsoft Windows 11 Enterprise Benchmark v3.0.0: Ensure 'Turn off handwriting personalization data sharing' is set to 'Enabled'.,7,1,1,0
safesoc-win-01,19007,CIS Microsoft Windows 11 Enterprise Benchmark v3.0.0: Ensure 'Turn off handwriting recognition error reporting' is set to 'Enabled'.,7,1,1,0
safesoc-win-01,19007,CIS Microsoft Windows 11 Enterprise Benchmark v3.0.0: Ensure 'Turn off Internet Connection Wizard if URL connection is referring to Microsoft.com' is set to 'Enabled'.,7,1,1,0
safesoc-win-01,19007,CIS Microsoft Windows 11 Enterprise Benchmark v3.0.0: Ensure 'Turn off Internet download for Web publishing and online ordering wizards' is set to 'Enabled'.,7,1,1,0
safesoc-win-01,19007,CIS Microsoft Windows 11 Enterprise Benchmark v3.0.0: Ensure 'Turn off printing over HTTP' is set to 'Enabled'.,7,1,1,0
safesoc-win-01,19007,CIS Microsoft Windows 11 Enterprise Benchmark v3.0.0: Ensure 'Turn off Registration if URL connection is referring to Microsoft.com' is set to 'Enabled'.,7,1,1,0
safesoc-win-01,19007,CIS Microsoft Windows 11 Enterprise Benchmark v3.0.0: Ensure 'Turn off Search Companion content file updates' is set to 'Enabled'.,7,1,1,0
safesoc-win-01,19007,"CIS Microsoft Windows 11 Enterprise Benchmark v3.0.0: Ensure 'Turn off the ""Order Prints"" picture task' is set to 'Enabled'.",7,1,1,0
safesoc-win-01,19007,"CIS Microsoft Windows 11 Enterprise Benchmark v3.0.0: Ensure 'Turn off the ""Publish to Web"" task for files and folders' is set to 'Enabled'.",7,1,1,0
safesoc-win-01,19007,CIS Microsoft Windows 11 Enterprise Benchmark v3.0.0: Ensure 'Turn off the Windows Messenger Customer Experience Improvement Program' is set to 'Enabled'.,7,1,1,0
safesoc-win-01,19007,CIS Microsoft Windows 11 Enterprise Benchmark v3.0.0: Ensure 'Turn off Windows Customer Experience Improvement Program' is set to 'Enabled'.,7,1,1,0
safesoc-win-01,19007,CIS Microsoft Windows 11 Enterprise Benchmark v3.0.0: Ensure 'Turn off Windows Error Reporting' is set to 'Enabled'.,7,1,1,0
safesoc-win-01,19009,CIS Microsoft Windows 11 Enterprise Benchmark v3.0.0: Ensure 'Support device authentication using certificate' is set to 'Enabled: Automatic'.,3,1,1,0
safesoc-win-01,19007,CIS Microsoft Windows 11 Enterprise Benchmark v3.0.0: Ensure 'Enumeration policy for external devices incompatible with Kernel DMA Protection' is set to 'Enabled: Block All'.,7,1,1,0
safesoc-win-01,19007,CIS Microsoft Windows 11 Enterprise Benchmark v3.0.0: Ensure 'Configure password backup directory' is set to 'Enabled: Active Directory' or 'Enabled: Azure Active Directory'.,7,1,1,0
safesoc-win-01,19007,CIS Microsoft Windows 11 Enterprise Benchmark v3.0.0: Ensure 'Do not allow password expiration time longer than required by policy' is set to 'Enabled'.,7,1,1,0
safesoc-win-01,19007,CIS Microsoft Windows 11 Enterprise Benchmark v3.0.0: Ensure 'Enable password encryption' is set to 'Enabled'.,7,1,1,0
safesoc-win-01,19007,CIS Microsoft Windows 11 Enterprise Benchmark v3.0.0: Ensure 'Password Settings: Password Complexity' is set to 'Enabled: Large letters + small letters + numbers + special characters'.,7,1,1,0
safesoc-win-01,19007,CIS Microsoft Windows 11 Enterprise Benchmark v3.0.0: Ensure 'Password Settings: Password Length' is set to 'Enabled: 15 or more'.,7,1,1,0
safesoc-win-01,19007,CIS Microsoft Windows 11 Enterprise Benchmark v3.0.0: Ensure 'Password Settings: Password Age (Days)' is set to 'Enabled: 30 or fewer'.,7,1,1,0
safesoc-win-01,19007,"CIS Microsoft Windows 11 Enterprise Benchmark v3.0.0: Ensure 'Post-authentication actions: Grace period (hours)' is set to 'Enabled: 8 or fewer hours, but not 0'.",7,1,1,0
safesoc-win-01,19007,CIS Microsoft Windows 11 Enterprise Benchmark v3.0.0: Ensure 'Post-authentication actions: Actions' is set to 'Enabled: Reset the password and logoff the managed account' or higher.,7,1,1,0
safesoc-win-01,19007,CIS Microsoft Windows 11 Enterprise Benchmark v3.0.0: Ensure 'Allow Custom SSPs and APs to be loaded into LSASS' is set to 'Disabled'.,7,1,1,0
safesoc-win-01,19007,CIS Microsoft Windows 11 Enterprise Benchmark v3.0.0: Ensure 'Configures LSASS to run as a protected process' is set to 'Enabled: Enabled with UEFI Lock'.,7,1,1,0
safesoc-win-01,19007,CIS Microsoft Windows 11 Enterprise Benchmark v3.0.0: Ensure 'Disallow copying of user input methods to the system account for sign-in' is set to 'Enabled'.,7,1,1,0
safesoc-win-01,19007,CIS Microsoft Windows 11 Enterprise Benchmark v3.0.0: Ensure 'Block user from showing account details on sign-in' is set to 'Enabled'.,7,1,1,0
safesoc-win-01,19007,CIS Microsoft Windows 11 Enterprise Benchmark v3.0.0: Ensure 'Do not display network selection UI' is set to 'Enabled'.,7,1,1,0
safesoc-win-01,19007,CIS Microsoft Windows 11 Enterprise Benchmark v3.0.0: Ensure 'Do not enumerate connected users on domain-joined computers' is set to 'Enabled'.,7,1,1,0
safesoc-win-01,19008,CIS Microsoft Windows 11 Enterprise Benchmark v3.0.0: Ensure 'Enumerate local users on domain-joined computers' is set to 'Disabled'.,3,1,1,0
safesoc-win-01,19007,CIS Microsoft Windows 11 Enterprise Benchmark v3.0.0: Ensure 'Turn off app notifications on the lock screen' is set to 'Enabled'.,7,1,1,0
safesoc-win-01,19007,CIS Microsoft Windows 11 Enterprise Benchmark v3.0.0: Ensure 'Turn off picture password sign-in' is set to 'Enabled'.,7,1,1,0
safesoc-win-01,19008,CIS Microsoft Windows 11 Enterprise Benchmark v3.0.0: Ensure 'Turn on convenience PIN sign-in' is set to 'Disabled'.,3,1,1,0
safesoc-win-01,19007,CIS Microsoft Windows 11 Enterprise Benchmark v3.0.0: Ensure 'Allow Clipboard synchronization across devices' is set to 'Disabled'.,7,1,1,0
safesoc-win-01,19007,CIS Microsoft Windows 11 Enterprise Benchmark v3.0.0: Ensure 'Allow upload of User Activities' is set to 'Disabled'.,7,1,1,0
safesoc-win-01,19007,CIS Microsoft Windows 11 Enterprise Benchmark v3.0.0: Ensure 'Allow network connectivity during connected-standby (on battery)' is set to 'Disabled'.,7,1,1,0
safesoc-win-01,19007,CIS Microsoft Windows 11 Enterprise Benchmark v3.0.0: Ensure 'Allow network connectivity during connected-standby (plugged in)' is set to 'Disabled'.,7,1,1,0
safesoc-win-01,19007,CIS Microsoft Windows 11 Enterprise Benchmark v3.0.0: Ensure 'Allow standby states (S1-S3) when sleeping (on battery)' is set to 'Disabled'.,7,1,1,0
safesoc-win-01,19007,CIS Microsoft Windows 11 Enterprise Benchmark v3.0.0: Ensure 'Allow standby states (S1-S3) when sleeping (plugged in)' is set to 'Disabled'.,7,1,1,0
safesoc-win-01,19008,CIS Microsoft Windows 11 Enterprise Benchmark v3.0.0: Ensure 'Require a password when a computer wakes (on battery)' is set to 'Enabled'.,3,1,1,0
safesoc-win-01,19008,CIS Microsoft Windows 11 Enterprise Benchmark v3.0.0: Ensure 'Require a password when a computer wakes (plugged in)' is set to 'Enabled'.,3,1,1,0
safesoc-win-01,19008,CIS Microsoft Windows 11 Enterprise Benchmark v3.0.0: Ensure 'Configure Offer Remote Assistance' is set to 'Disabled'.,3,1,1,0
safesoc-win-01,19007,CIS Microsoft Windows 11 Enterprise Benchmark v3.0.0: Ensure 'Configure Solicited Remote Assistance' is set to 'Disabled'.,7,1,1,0
safesoc-win-01,19007,CIS Microsoft Windows 11 Enterprise Benchmark v3.0.0: Ensure 'Enable RPC Endpoint Mapper Client Authentication' is set to 'Enabled'.,7,1,1,0
safesoc-win-01,19008,CIS Microsoft Windows 11 Enterprise Benchmark v3.0.0: Ensure 'Restrict Unauthenticated RPC clients' is set to 'Enabled: Authenticated'.,3,1,1,0
safesoc-win-01,19007,CIS Microsoft Windows 11 Enterprise Benchmark v3.0.0: Ensure 'Microsoft Support Diagnostic Tool: Turn on MSDT interactive communication with support provider' is set to 'Disabled'.,7,1,1,0
safesoc-win-01,19007,CIS Microsoft Windows 11 Enterprise Benchmark v3.0.0: Ensure 'Enable/Disable PerfTrack' is set to 'Disabled'.,7,1,1,0
safesoc-win-01,19007,CIS Microsoft Windows 11 Enterprise Benchmark v3.0.0: Ensure 'Turn off the advertising ID' is set to 'Enabled'.,7,1,1,0
safesoc-win-01,19007,CIS Microsoft Windows 11 Enterprise Benchmark v3.0.0: Ensure 'Enable Windows NTP Client' is set to 'Enabled'.,7,1,1,0
safesoc-win-01,19008,CIS Microsoft Windows 11 Enterprise Benchmark v3.0.0: Ensure 'Enable Windows NTP Server' is set to 'Disabled'.,3,1,1,0
safesoc-win-01,19008,CIS Microsoft Windows 11 Enterprise Benchmark v3.0.0: Ensure 'Allow a Windows app to share application data between users' is set to 'Disabled'.,3,1,1,0
safesoc-win-01,19007,CIS Microsoft Windows 11 Enterprise Benchmark v3.0.0: Ensure 'Prevent non-admin users from installing packaged Windows apps' is set to 'Enabled'.,7,1,1,0
safesoc-win-01,19007,CIS Microsoft Windows 11 Enterprise Benchmark v3.0.0: Ensure 'Let Windows apps activate with voice while the system is locked' is set to 'Enabled: Force Deny'.,7,1,1,0
safesoc-win-01,19007,CIS Microsoft Windows 11 Enterprise Benchmark v3.0.0: Ensure 'Allow Microsoft accounts to be optional' is set to 'Enabled'.,7,1,1,0
safesoc-win-01,19007,CIS Microsoft Windows 11 Enterprise Benchmark v3.0.0: Ensure 'Block launching Universal Windows apps with Windows Runtime API access from hosted content.' is set to 'Enabled'.,7,1,1,0
safesoc-win-01,19007,CIS Microsoft Windows 11 Enterprise Benchmark v3.0.0: Ensure 'Disallow Autoplay for non-volume devices' is set to 'Enabled'.,7,1,1,0
safesoc-win-01,19007,CIS Microsoft Windows 11 Enterprise Benchmark v3.0.0: Ensure 'Set the default behavior for AutoRun' is set to 'Enabled: Do not execute any autorun commands'.,7,1,1,0
safesoc-win-01,19007,CIS Microsoft Windows 11 Enterprise Benchmark v3.0.0: Ensure 'Turn off Autoplay' is set to 'Enabled: All drives'.,7,1,1,0
safesoc-win-01,19007,CIS Microsoft Windows 11 Enterprise Benchmark v3.0.0: Ensure 'Configure enhanced anti-spoofing' is set to 'Enabled'.,7,1,1,0
safesoc-win-01,19007,CIS Microsoft Windows 11 Enterprise Benchmark v3.0.0: Ensure 'Allow access to BitLocker-protected fixed data drives from earlier versions of Windows' is set to 'Disabled'.,7,1,1,0
safesoc-win-01,19007,CIS Microsoft Windows 11 Enterprise Benchmark v3.0.0: Ensure 'Choose how BitLocker-protected fixed drives can be recovered' is set to 'Enabled'.,7,1,1,0
safesoc-win-01,19007,CIS Microsoft Windows 11 Enterprise Benchmark v3.0.0: Ensure 'Choose how BitLocker-protected fixed drives can be recovered: Allow data recovery agent' is set to 'Enabled: True'.,7,1,1,0
safesoc-win-01,19007,CIS Microsoft Windows 11 Enterprise Benchmark v3.0.0: Ensure 'Choose how BitLocker-protected fixed drives can be recovered: Recovery Password' is set to 'Enabled: Allow 48-digit recovery password' or higher.,7,1,1,0
safesoc-win-01,19007,CIS Microsoft Windows 11 Enterprise Benchmark v3.0.0: Ensure 'Choose how BitLocker-protected fixed drives can be recovered: Recovery Key' is set to 'Enabled: Allow 256-bit recovery key' or higher.,7,1,1,0
safesoc-win-01,19007,CIS Microsoft Windows 11 Enterprise Benchmark v3.0.0: Ensure 'Choose how BitLocker-protected fixed drives can be recovered: Omit recovery options from the BitLocker setup wizard' is set to 'Enabled: True'.,7,1,1,0
safesoc-win-01,19007,CIS Microsoft Windows 11 Enterprise Benchmark v3.0.0: Ensure 'Choose how BitLocker-protected fixed drives can be recovered: Save BitLocker recovery information to AD DS for fixed data drives' is set to 'Enabled: False'.,7,1,1,0
safesoc-win-01,19007,CIS Microsoft Windows 11 Enterprise Benchmark v3.0.0: Ensure 'Choose how BitLocker-protected fixed drives can be recovered: Configure storage of BitLocker recovery information to AD DS' is set to 'Enabled: Backup recovery passwords and key packages'.,7,1,1,0
safesoc-win-01,19007,CIS Microsoft Windows 11 Enterprise Benchmark v3.0.0: Ensure 'Choose how BitLocker-protected fixed drives can be recovered: Do not enable BitLocker until recovery information is stored to AD DS for fixed data drives' is set to 'Enabled: False'.,7,1,1,0
safesoc-win-01,19007,CIS Microsoft Windows 11 Enterprise Benchmark v3.0.0: Ensure 'Configure use of hardware-based encryption for fixed data drives' is set to 'Disabled'.,7,1,1,0
safesoc-win-01,19007,CIS Microsoft Windows 11 Enterprise Benchmark v3.0.0: Ensure 'Configure use of passwords for fixed data drives' is set to 'Disabled'.,7,1,1,0
safesoc-win-01,19007,CIS Microsoft Windows 11 Enterprise Benchmark v3.0.0: Ensure 'Configure use of smart cards on fixed data drives' is set to 'Enabled'.,7,1,1,0
safesoc-win-01,19007,CIS Microsoft Windows 11 Enterprise Benchmark v3.0.0: Ensure 'Configure use of smart cards on fixed data drives: Require use of smart cards on fixed data drives' is set to 'Enabled: True'.,7,1,1,0
safesoc-win-01,19007,CIS Microsoft Windows 11 Enterprise Benchmark v3.0.0: Ensure 'Allow enhanced PINs for startup' is set to 'Enabled'.,7,1,1,0
safesoc-win-01,19007,CIS Microsoft Windows 11 Enterprise Benchmark v3.0.0: Ensure 'Allow Secure Boot for integrity validation' is set to 'Enabled'.,7,1,1,0
safesoc-win-01,19007,CIS Microsoft Windows 11 Enterprise Benchmark v3.0.0: Ensure 'Choose how BitLocker-protected operating system drives can be recovered' is set to 'Enabled'.,7,1,1,0
safesoc-win-01,19007,CIS Microsoft Windows 11 Enterprise Benchmark v3.0.0: Ensure 'Choose how BitLocker-protected operating system drives can be recovered: Recovery Key' is set to 'Enabled: Do not allow 256-bit recovery key'.,7,1,1,0
safesoc-win-01,19007,CIS Microsoft Windows 11 Enterprise Benchmark v3.0.0: Ensure 'Choose how BitLocker-protected operating system drives can be recovered: Recovery Password' is set to 'Enabled: Require 48-digit recovery password'.,7,1,1,0
safesoc-win-01,19007,CIS Microsoft Windows 11 Enterprise Benchmark v3.0.0: Ensure 'Choose how BitLocker-protected operating system drives can be recovered: Omit recovery options from the BitLocker setup wizard' is set to 'Enabled: True'.,7,1,1,0
safesoc-win-01,19007,CIS Microsoft Windows 11 Enterprise Benchmark v3.0.0: Ensure 'Choose how BitLocker-protected operating system drives can be recovered: Configure storage of BitLocker recovery information to AD DS:' is set to 'Enabled: Store recovery passwords and key packages'.,7,1,1,0
safesoc-win-01,19007,CIS Microsoft Windows 11 Enterprise Benchmark v3.0.0: Ensure 'Choose how BitLocker-protected operating system drives can be recovered: Do not enable BitLocker until recovery information is stored to AD DS for operating system drives' is set to 'Enabled: True'.,7,1,1,0
safesoc-win-01,19007,CIS Microsoft Windows 11 Enterprise Benchmark v3.0.0: Ensure 'Configure use of hardware-based encryption for operating system drives' is set to 'Disabled'.,7,1,1,0
safesoc-win-01,19007,CIS Microsoft Windows 11 Enterprise Benchmark v3.0.0: Ensure 'Configure use of passwords for operating system drives' is set to 'Disabled'.,7,1,1,0
safesoc-win-01,19007,CIS Microsoft Windows 11 Enterprise Benchmark v3.0.0: Ensure 'Require additional authentication at startup' is set to 'Enabled'.,7,1,1,0
safesoc-win-01,19007,CIS Microsoft Windows 11 Enterprise Benchmark v3.0.0: Ensure 'Require additional authentication at startup: Allow BitLocker without a compatible TPM' is set to 'Enabled: False'.,7,1,1,0
safesoc-win-01,19007,CIS Microsoft Windows 11 Enterprise Benchmark v3.0.0: Ensure 'Require additional authentication at startup: Configure TPM startup:' is set to 'Enabled: Do not allow TPM'.,7,1,1,0
safesoc-win-01,19007,CIS Microsoft Windows 11 Enterprise Benchmark v3.0.0: Ensure 'Require additional authentication at startup: Configure TPM startup PIN:' is set to 'Enabled: Require startup PIN with TPM'.,7,1,1,0
safesoc-win-01,19007,CIS Microsoft Windows 11 Enterprise Benchmark v3.0.0: Ensure 'Require additional authentication at startup: Configure TPM startup key:' is set to 'Enabled: Do not allow startup key with TPM'.,7,1,1,0
safesoc-win-01,19007,CIS Microsoft Windows 11 Enterprise Benchmark v3.0.0: Ensure 'Require additional authentication at startup: Configure TPM startup key and PIN:' is set to 'Enabled: Do not allow startup key and PIN with TPM'.,7,1,1,0
safesoc-win-01,19007,CIS Microsoft Windows 11 Enterprise Benchmark v3.0.0: Ensure 'Allow access to BitLocker-protected removable data drives from earlier versions of Windows' is set to 'Disabled'.,7,1,1,0
safesoc-win-01,19007,CIS Microsoft Windows 11 Enterprise Benchmark v3.0.0: Ensure 'Choose how BitLocker-protected removable drives can be recovered' is set to 'Enabled'.,7,1,1,0
safesoc-win-01,19007,CIS Microsoft Windows 11 Enterprise Benchmark v3.0.0: Ensure 'Choose how BitLocker-protected removable drives can be recovered: Allow data recovery agent' is set to 'Enabled: True'.,7,1,1,0
safesoc-win-01,19007,CIS Microsoft Windows 11 Enterprise Benchmark v3.0.0: Ensure 'Choose how BitLocker-protected removable drives can be recovered: Recovery Password' is set to 'Enabled: Do not allow 48-digit recovery password'.,7,1,1,0
safesoc-win-01,19007,CIS Microsoft Windows 11 Enterprise Benchmark v3.0.0: Ensure 'Choose how BitLocker-protected removable drives can be recovered: Recovery Key' is set to 'Enabled: Do not allow 256-bit recovery key'.,7,1,1,0
safesoc-win-01,19007,CIS Microsoft Windows 11 Enterprise Benchmark v3.0.0: Ensure 'Choose how BitLocker-protected removable drives can be recovered: Omit recovery options from the BitLocker setup wizard' is set to 'Enabled: True'.,7,1,1,0
safesoc-win-01,19007,CIS Microsoft Windows 11 Enterprise Benchmark v3.0.0: Ensure 'Choose how BitLocker-protected removable drives can be recovered: Save BitLocker recovery information to AD DS for removable data drives' is set to 'Enabled: False'.,7,1,1,0
safesoc-win-01,19007,CIS Microsoft Windows 11 Enterprise Benchmark v3.0.0: Ensure 'Choose how BitLocker-protected removable drives can be recovered: Configure storage of BitLocker recovery information to AD DS:' is set to 'Enabled: Backup recovery passwords and key packages'.,7,1,1,0
safesoc-win-01,19007,CIS Microsoft Windows 11 Enterprise Benchmark v3.0.0: Ensure 'Choose how BitLocker-protected removable drives can be recovered: Do not enable BitLocker until recovery information is stored to AD DS for removable data drives' is set to 'Enabled: False'.,7,1,1,0
safesoc-win-01,19007,CIS Microsoft Windows 11 Enterprise Benchmark v3.0.0: Ensure 'Configure use of hardware-based encryption for removable data drives' is set to 'Disabled'.,7,1,1,0
safesoc-win-01,19007,CIS Microsoft Windows 11 Enterprise Benchmark v3.0.0: Ensure 'Configure use of passwords for removable data drives' is set to 'Disabled'.,7,1,1,0
safesoc-win-01,19007,CIS Microsoft Windows 11 Enterprise Benchmark v3.0.0: Ensure 'Configure use of smart cards on removable data drives' is set to 'Enabled'.,7,1,1,0
safesoc-win-01,19007,CIS Microsoft Windows 11 Enterprise Benchmark v3.0.0: Ensure 'Configure use of smart cards on removable data drives: Require use of smart cards on removable data drives' is set to 'Enabled: True'.,7,1,1,0
safesoc-win-01,19007,CIS Microsoft Windows 11 Enterprise Benchmark v3.0.0: Ensure 'Deny write access to removable drives not protected by BitLocker' is set to 'Enabled'.,7,1,1,0
safesoc-win-01,19007,CIS Microsoft Windows 11 Enterprise Benchmark v3.0.0: Ensure 'Deny write access to removable drives not protected by BitLocker: Do not allow write access to devices configured in another organization' is set to 'Enabled: False'.,7,1,1,0
safesoc-win-01,19007,CIS Microsoft Windows 11 Enterprise Benchmark v3.0.0: Ensure 'Disable new DMA devices when this computer is locked' is set to 'Enabled'.,7,1,1,0
safesoc-win-01,19007,CIS Microsoft Windows 11 Enterprise Benchmark v3.0.0: Ensure 'Allow Use of Camera' is set to 'Disabled'.,7,1,1,0
safesoc-win-01,19007,CIS Microsoft Windows 11 Enterprise Benchmark v3.0.0: Ensure 'Turn off cloud consumer account state content' is set to 'Enabled'.,7,1,1,0
safesoc-win-01,19007,CIS Microsoft Windows 11 Enterprise Benchmark v3.0.0: Ensure 'Turn off cloud optimized content' is set to 'Enabled'.,7,1,1,0
safesoc-win-01,19007,CIS Microsoft Windows 11 Enterprise Benchmark v3.0.0: Ensure 'Turn off Microsoft consumer experiences' is set to 'Enabled'.,7,1,1,0
safesoc-win-01,19007,CIS Microsoft Windows 11 Enterprise Benchmark v3.0.0: Ensure 'Require pin for pairing' is set to 'Enabled: First Time' OR 'Enabled: Always'.,7,1,1,0
safesoc-win-01,19007,CIS Microsoft Windows 11 Enterprise Benchmark v3.0.0: Ensure 'Do not display the password reveal button' is set to 'Enabled'.,7,1,1,0
safesoc-win-01,19008,CIS Microsoft Windows 11 Enterprise Benchmark v3.0.0: Ensure 'Enumerate administrator accounts on elevation' is set to 'Disabled'.,3,1,1,0
safesoc-win-01,19007,CIS Microsoft Windows 11 Enterprise Benchmark v3.0.0: Ensure 'Prevent the use of security questions for local accounts' is set to 'Enabled'.,7,1,1,0
safesoc-win-01,19007,CIS Microsoft Windows 11 Enterprise Benchmark v3.0.0: Ensure 'Allow Diagnostic Data' is set to 'Enabled: Diagnostic data off (not recommended)' or 'Enabled: Send required diagnostic data'.,7,1,1,0
safesoc-win-01,19007,CIS Microsoft Windows 11 Enterprise Benchmark v3.0.0: Ensure 'Configure Authenticated Proxy usage for the Connected User Experience and Telemetry service' is set to 'Enabled: Disable Authenticated Proxy usage'.,7,1,1,0
safesoc-win-01,19007,CIS Microsoft Windows 11 Enterprise Benchmark v3.0.0: Ensure 'Disable OneSettings Downloads' is set to 'Enabled'.,7,1,1,0
safesoc-win-01,19007,CIS Microsoft Windows 11 Enterprise Benchmark v3.0.0: Ensure 'Do not show feedback notifications' is set to 'Enabled'.,7,1,1,0
safesoc-win-01,19007,CIS Microsoft Windows 11 Enterprise Benchmark v3.0.0: Ensure 'Enable OneSettings Auditing' is set to 'Enabled'.,7,1,1,0
safesoc-win-01,19007,CIS Microsoft Windows 11 Enterprise Benchmark v3.0.0: Ensure 'Limit Diagnostic Log Collection' is set to 'Enabled'.,7,1,1,0
safesoc-win-01,19007,CIS Microsoft Windows 11 Enterprise Benchmark v3.0.0: Ensure 'Limit Dump Collection' is set to 'Enabled'.,7,1,1,0
safesoc-win-01,19007,CIS Microsoft Windows 11 Enterprise Benchmark v3.0.0: Ensure 'Toggle user control over Insider builds' is set to 'Disabled'.,7,1,1,0
safesoc-win-01,19009,CIS Microsoft Windows 11 Enterprise Benchmark v3.0.0: Ensure 'Download Mode' is NOT set to 'Enabled: Internet'.,3,1,1,0
safesoc-win-01,19007,CIS Microsoft Windows 11 Enterprise Benchmark v3.0.0: Ensure 'Enable App Installer' is set to 'Disabled'.,7,1,1,0
safesoc-win-01,19007,CIS Microsoft Windows 11 Enterprise Benchmark v3.0.0: Ensure 'Enable App Installer Experimental Features' is set to 'Disabled'.,7,1,1,0
safesoc-win-01,19007,CIS Microsoft Windows 11 Enterprise Benchmark v3.0.0: Ensure 'Enable App Installer Hash Override' is set to 'Disabled'.,7,1,1,0
safesoc-win-01,19007,CIS Microsoft Windows 11 Enterprise Benchmark v3.0.0: Ensure 'Enable App Installer ms-appinstaller protocol' is set to 'Disabled'.,7,1,1,0
safesoc-win-01,19008,CIS Microsoft Windows 11 Enterprise Benchmark v3.0.0: Ensure 'Application: Control Event Log behavior when the log file reaches its maximum size' is set to 'Disabled'.,3,1,1,0
safesoc-win-01,19007,"CIS Microsoft Windows 11 Enterprise Benchmark v3.0.0: Ensure 'Application: Specify the maximum log file size (KB)' is set to 'Enabled: 32,768 or greater'.",7,1,1,0
safesoc-win-01,19008,CIS Microsoft Windows 11 Enterprise Benchmark v3.0.0: Ensure 'Security: Control Event Log behavior when the log file reaches its maximum size' is set to 'Disabled'.,3,1,1,0
safesoc-win-01,19007,"CIS Microsoft Windows 11 Enterprise Benchmark v3.0.0: Ensure 'Security: Specify the maximum log file size (KB)' is set to 'Enabled: 196,608 or greater'.",7,1,1,0
safesoc-win-01,19008,CIS Microsoft Windows 11 Enterprise Benchmark v3.0.0: Ensure 'Setup: Control Event Log behavior when the log file reaches its maximum size' is set to 'Disabled'.,3,1,1,0
safesoc-win-01,19007,"CIS Microsoft Windows 11 Enterprise Benchmark v3.0.0: Ensure 'Setup: Specify the maximum log file size (KB)' is set to 'Enabled: 32,768 or greater'.",7,1,1,0
safesoc-win-01,19008,CIS Microsoft Windows 11 Enterprise Benchmark v3.0.0: Ensure 'System: Control Event Log behavior when the log file reaches its maximum size' is set to 'Disabled'.,3,1,1,0
safesoc-win-01,19007,"CIS Microsoft Windows 11 Enterprise Benchmark v3.0.0: Ensure 'System: Specify the maximum log file size (KB)' is set to 'Enabled: 32,768 or greater'.",7,1,1,0
safesoc-win-01,19007,"CIS Microsoft Windows 11 Enterprise Benchmark v3.0.0: Ensure 'Turn off account-based insights, recent, favorite, and recommended files in File Explorer' is set to 'Enabled'.",7,1,1,0
safesoc-win-01,19008,CIS Microsoft Windows 11 Enterprise Benchmark v3.0.0: Ensure 'Turn off Data Execution Prevention for Explorer' is set to 'Disabled'.,3,1,1,0
safesoc-win-01,19008,CIS Microsoft Windows 11 Enterprise Benchmark v3.0.0: Ensure 'Turn off heap termination on corruption' is set to 'Disabled'.,3,1,1,0
safesoc-win-01,19008,CIS Microsoft Windows 11 Enterprise Benchmark v3.0.0: Ensure 'Turn off shell protocol protected mode' is set to 'Disabled'.,3,1,1,0
safesoc-win-01,19007,CIS Microsoft Windows 11 Enterprise Benchmark v3.0.0: Ensure 'Turn off location' is set to 'Enabled'.,7,1,1,0
safesoc-win-01,19007,CIS Microsoft Windows 11 Enterprise Benchmark v3.0.0: Ensure 'Allow Message Service Cloud Sync' is set to 'Disabled'.,7,1,1,0
safesoc-win-01,19007,CIS Microsoft Windows 11 Enterprise Benchmark v3.0.0: Ensure 'Block all consumer Microsoft account user authentication' is set to 'Enabled'.,7,1,1,0
safesoc-win-01,19008,CIS Microsoft Windows 11 Enterprise Benchmark v3.0.0: Ensure 'Configure local setting override for reporting to Microsoft MAPS' is set to 'Disabled'.,3,1,1,0
safesoc-win-01,19008,CIS Microsoft Windows 11 Enterprise Benchmark v3.0.0: Ensure 'Join Microsoft MAPS' is set to 'Disabled'.,3,1,1,0
safesoc-win-01,19007,CIS Microsoft Windows 11 Enterprise Benchmark v3.0.0: Ensure 'Configure Attack Surface Reduction rules' is set to 'Enabled'.,7,1,1,0
safesoc-win-01,19007,CIS Microsoft Windows 11 Enterprise Benchmark v3.0.0: Ensure 'Configure Attack Surface Reduction rules: Set the state for each ASR rule' is configured.,7,1,1,0
safesoc-win-01,19007,CIS Microsoft Windows 11 Enterprise Benchmark v3.0.0: Ensure 'Prevent users and apps from accessing dangerous websites' is set to 'Enabled: Block'.,7,1,1,0
safesoc-win-01,19007,CIS Microsoft Windows 11 Enterprise Benchmark v3.0.0: Ensure 'Enable file hash computation feature' is set to 'Enabled'.,7,1,1,0
safesoc-win-01,19008,CIS Microsoft Windows 11 Enterprise Benchmark v3.0.0: Ensure 'Scan all downloaded files and attachments' is set to 'Enabled'.,3,1,1,0
safesoc-win-01,19008,CIS Microsoft Windows 11 Enterprise Benchmark v3.0.0: Ensure 'Turn off real-time protection' is set to 'Disabled'.,3,1,1,0
safesoc-win-01,19008,CIS Microsoft Windows 11 Enterprise Benchmark v3.0.0: Ensure 'Turn on behavior monitoring' is set to 'Enabled'.,3,1,1,0
safesoc-win-01,19008,CIS Microsoft Windows 11 Enterprise Benchmark v3.0.0: Ensure 'Turn on script scanning' is set to 'Enabled'.,3,1,1,0
safesoc-win-01,19007,CIS Microsoft Windows 11 Enterprise Benchmark v3.0.0: Ensure 'Configure Watson events' is set to 'Disabled'.,7,1,1,0
safesoc-win-01,19008,CIS Microsoft Windows 11 Enterprise Benchmark v3.0.0: Ensure 'Scan packed executables' is set to 'Enabled'.,3,1,1,0
safesoc-win-01,19007,CIS Microsoft Windows 11 Enterprise Benchmark v3.0.0: Ensure 'Scan removable drives' is set to 'Enabled'.,7,1,1,0
safesoc-win-01,19007,CIS Microsoft Windows 11 Enterprise Benchmark v3.0.0: Ensure 'Turn on e-mail scanning' is set to 'Enabled'.,7,1,1,0
safesoc-win-01,19007,CIS Microsoft Windows 11 Enterprise Benchmark v3.0.0: Ensure 'Configure detection for potentially unwanted applications' is set to 'Enabled: Block'.,7,1,1,0
safesoc-win-01,19008,CIS Microsoft Windows 11 Enterprise Benchmark v3.0.0: Ensure 'Turn off Microsoft Defender AntiVirus' is set to 'Disabled'.,3,1,1,0
safesoc-win-01,19007,CIS Microsoft Windows 11 Enterprise Benchmark v3.0.0: Ensure 'Allow auditing events in Microsoft Defender Application Guard' is set to 'Enabled'.,7,1,1,0
safesoc-win-01,19007,CIS Microsoft Windows 11 Enterprise Benchmark v3.0.0: Ensure 'Allow camera and microphone access in Microsoft Defender Application Guard' is set to 'Disabled'.,7,1,1,0
safesoc-win-01,19007,CIS Microsoft Windows 11 Enterprise Benchmark v3.0.0: Ensure 'Allow data persistence for Microsoft Defender Application Guard' is set to 'Disabled'.,7,1,1,0
safesoc-win-01,19007,CIS Microsoft Windows 11 Enterprise Benchmark v3.0.0: Ensure 'Allow files to download and save to the host operating system from Microsoft Defender Application Guard' is set to 'Disabled'.,7,1,1,0
safesoc-win-01,19007,CIS Microsoft Windows 11 Enterprise Benchmark v3.0.0: Ensure 'Configure Microsoft Defender Application Guard clipboard settings: Clipboard behavior setting' is set to 'Enabled: Enable clipboard operation from an isolated session to the host'.,7,1,1,0
safesoc-win-01,19007,CIS Microsoft Windows 11 Enterprise Benchmark v3.0.0: Ensure 'Turn on Microsoft Defender Application Guard in Managed Mode' is set to 'Enabled: 1'.,7,1,1,0
safesoc-win-01,19007,CIS Microsoft Windows 11 Enterprise Benchmark v3.0.0: Ensure 'Enable news and interests on the taskbar' is set to 'Disabled'.,7,1,1,0
safesoc-win-01,19007,CIS Microsoft Windows 11 Enterprise Benchmark v3.0.0: Ensure 'Prevent the usage of OneDrive for file storage' is set to 'Enabled'.,7,1,1,0
safesoc-win-01,19007,CIS Microsoft Windows 11 Enterprise Benchmark v3.0.0: Ensure 'Turn off Push To Install service' is set to 'Enabled'.,7,1,1,0
safesoc-win-01,19007,CIS Microsoft Windows 11 Enterprise Benchmark v3.0.0: Ensure 'Disable Cloud Clipboard integration for server-to-client data transfer' is set to 'Enabled'.,7,1,1,0
safesoc-win-01,19007,CIS Microsoft Windows 11 Enterprise Benchmark v3.0.0: Ensure 'Do not allow passwords to be saved' is set to 'Enabled'.,7,1,1,0
safesoc-win-01,19008,CIS Microsoft Windows 11 Enterprise Benchmark v3.0.0: Ensure 'Allow users to connect remotely by using Remote Desktop Services' is set to 'Disabled'.,3,1,1,0
safesoc-win-01,19007,CIS Microsoft Windows 11 Enterprise Benchmark v3.0.0: Ensure 'Allow UI Automation redirection' is set to 'Disabled'.,7,1,1,0
safesoc-win-01,19007,CIS Microsoft Windows 11 Enterprise Benchmark v3.0.0: Ensure 'Do not allow COM port redirection' is set to 'Enabled'.,7,1,1,0
safesoc-win-01,19007,CIS Microsoft Windows 11 Enterprise Benchmark v3.0.0: Ensure 'Do not allow drive redirection' is set to 'Enabled'.,7,1,1,0
safesoc-win-01,19007,CIS Microsoft Windows 11 Enterprise Benchmark v3.0.0: Ensure 'Do not allow location redirection' is set to 'Enabled'.,7,1,1,0
safesoc-win-01,19007,CIS Microsoft Windows 11 Enterprise Benchmark v3.0.0: Ensure 'Do not allow LPT port redirection' is set to 'Enabled'.,7,1,1,0
safesoc-win-01,19007,CIS Microsoft Windows 11 Enterprise Benchmark v3.0.0: Ensure 'Do not allow supported Plug and Play device redirection' is set to 'Enabled'.,7,1,1,0
safesoc-win-01,19007,CIS Microsoft Windows 11 Enterprise Benchmark v3.0.0: Ensure 'Do not allow WebAuthn redirection' is set to 'Enabled'.,7,1,1,0
safesoc-win-01,19007,CIS Microsoft Windows 11 Enterprise Benchmark v3.0.0: Ensure 'Always prompt for password upon connection' is set to 'Enabled'.,7,1,1,0
safesoc-win-01,19007,CIS Microsoft Windows 11 Enterprise Benchmark v3.0.0: Ensure 'Require secure RPC communication' is set to 'Enabled'.,7,1,1,0
safesoc-win-01,19007,CIS Microsoft Windows 11 Enterprise Benchmark v3.0.0: Ensure 'Require use of specific security layer for remote (RDP) connections' is set to 'Enabled: SSL'.,7,1,1,0
safesoc-win-01,19008,CIS Microsoft Windows 11 Enterprise Benchmark v3.0.0: Ensure 'Require user authentication for remote connections by using Network Level Authentication' is set to 'Enabled'.,3,1,1,0
safesoc-win-01,19008,CIS Microsoft Windows 11 Enterprise Benchmark v3.0.0: Ensure 'Set client connection encryption level' is set to 'Enabled: High Level'.,3,1,1,0
safesoc-win-01,19007,"CIS Microsoft Windows 11 Enterprise Benchmark v3.0.0: Ensure 'Set time limit for active but idle Remote Desktop Services sessions' is set to 'Enabled: 15 minutes or less, but not Never (0)'.",7,1,1,0
safesoc-win-01,19007,CIS Microsoft Windows 11 Enterprise Benchmark v3.0.0: Ensure 'Set time limit for disconnected sessions' is set to 'Enabled: 1 minute'.,7,1,1,0
safesoc-win-01,19008,CIS Microsoft Windows 11 Enterprise Benchmark v3.0.0: Ensure 'Do not delete temp folders upon exit' is set to 'Disabled'.,3,1,1,0
safesoc-win-01,19007,CIS Microsoft Windows 11 Enterprise Benchmark v3.0.0: Ensure 'Prevent downloading of enclosures' is set to 'Enabled'.,7,1,1,0
safesoc-win-01,19007,CIS Microsoft Windows 11 Enterprise Benchmark v3.0.0: Ensure 'Allow Cloud Search' is set to 'Enabled: Disable Cloud Search'.,7,1,1,0
safesoc-win-01,19007,CIS Microsoft Windows 11 Enterprise Benchmark v3.0.0: Ensure 'Allow Cortana' is set to 'Disabled'.,7,1,1,0
safesoc-win-01,19007,CIS Microsoft Windows 11 Enterprise Benchmark v3.0.0: Ensure 'Allow Cortana above lock screen' is set to 'Disabled'.,7,1,1,0
safesoc-win-01,19008,CIS Microsoft Windows 11 Enterprise Benchmark v3.0.0: Ensure 'Allow indexing of encrypted files' is set to 'Disabled'.,3,1,1,0
safesoc-win-01,19007,CIS Microsoft Windows 11 Enterprise Benchmark v3.0.0: Ensure 'Allow search and Cortana to use location' is set to 'Disabled'.,7,1,1,0
safesoc-win-01,19007,CIS Microsoft Windows 11 Enterprise Benchmark v3.0.0: Ensure 'Allow search highlights' is set to 'Disabled'.,7,1,1,0
safesoc-win-01,19007,CIS Microsoft Windows 11 Enterprise Benchmark v3.0.0: Ensure 'Turn off KMS Client Online AVS Validation' is set to 'Enabled'.,7,1,1,0
safesoc-win-01,19007,CIS Microsoft Windows 11 Enterprise Benchmark v3.0.0: Ensure 'Disable all apps from Microsoft Store' is set to 'Disabled'.,7,1,1,0
safesoc-win-01,19007,CIS Microsoft Windows 11 Enterprise Benchmark v3.0.0: Ensure 'Only display the private store within the Microsoft Store' is set to 'Enabled'.,7,1,1,0
safesoc-win-01,19008,CIS Microsoft Windows 11 Enterprise Benchmark v3.0.0: Ensure 'Turn off Automatic Download and Install of updates' is set to 'Disabled'.,3,1,1,0
safesoc-win-01,19007,CIS Microsoft Windows 11 Enterprise Benchmark v3.0.0: Ensure 'Turn off the offer to update to the latest version of Windows' is set to 'Enabled'.,7,1,1,0
safesoc-win-01,19007,CIS Microsoft Windows 11 Enterprise Benchmark v3.0.0: Ensure 'Turn off the Store application' is set to 'Enabled'.,7,1,1,0
safesoc-win-01,19007,CIS Microsoft Windows 11 Enterprise Benchmark v3.0.0: Ensure 'Allow widgets' is set to 'Disabled'.,7,1,1,0
safesoc-win-01,19007,CIS Microsoft Windows 11 Enterprise Benchmark v3.0.0: Ensure 'Automatic Data Collection' is set to 'Enabled'.,7,1,1,0
safesoc-win-01,19007,CIS Microsoft Windows 11 Enterprise Benchmark v3.0.0: Ensure 'Notify Malicious' is set to 'Enabled'.,7,1,1,0
safesoc-win-01,19007,CIS Microsoft Windows 11 Enterprise Benchmark v3.0.0: Ensure 'Notify Password Reuse' is set to 'Enabled'.,7,1,1,0
safesoc-win-01,19007,CIS Microsoft Windows 11 Enterprise Benchmark v3.0.0: Ensure 'Notify Unsafe App' is set to 'Enabled'.,7,1,1,0
safesoc-win-01,19007,CIS Microsoft Windows 11 Enterprise Benchmark v3.0.0: Ensure 'Service Enabled' is set to 'Enabled'.,7,1,1,0
safesoc-win-01,19007,CIS Microsoft Windows 11 Enterprise Benchmark v3.0.0: Ensure 'Configure Windows Defender SmartScreen' is set to 'Enabled: Warn and prevent bypass'.,7,1,1,0
safesoc-win-01,19007,CIS Microsoft Windows 11 Enterprise Benchmark v3.0.0: Ensure 'Enables or disables Windows Game Recording and Broadcasting' is set to 'Disabled'.,7,1,1,0
safesoc-win-01,19008,CIS Microsoft Windows 11 Enterprise Benchmark v3.0.0: Ensure 'Enable ESS with Supported Peripherals' is set to 'Enabled: 1'.,3,1,1,0
safesoc-win-01,19007,CIS Microsoft Windows 11 Enterprise Benchmark v3.0.0: Ensure 'Allow suggested apps in Windows Ink Workspace' is set to 'Disabled'.,7,1,1,0
safesoc-win-01,19007,"CIS Microsoft Windows 11 Enterprise Benchmark v3.0.0: Ensure 'Allow Windows Ink Workspace' is set to 'Enabled: On, but disallow access above lock' OR 'Enabled: Disabled'.",7,1,1,0
safesoc-win-01,19008,CIS Microsoft Windows 11 Enterprise Benchmark v3.0.0: Ensure 'Allow user control over installs' is set to 'Disabled'.,3,1,1,0
safesoc-win-01,19008,CIS Microsoft Windows 11 Enterprise Benchmark v3.0.0: Ensure 'Always install with elevated privileges' is set to 'Disabled'.,3,1,1,0
safesoc-win-01,19008,CIS Microsoft Windows 11 Enterprise Benchmark v3.0.0: Ensure 'Prevent Internet Explorer security prompt for Windows Installer scripts' is set to 'Disabled'.,3,1,1,0
safesoc-win-01,19007,CIS Microsoft Windows 11 Enterprise Benchmark v3.0.0: Ensure 'Enable MPR notifications for the system' is set to 'Disabled'.,7,1,1,0
safesoc-win-01,19007,CIS Microsoft Windows 11 Enterprise Benchmark v3.0.0: Ensure 'Sign-in and lock last interactive user automatically after a restart' is set to 'Disabled'.,7,1,1,0
safesoc-win-01,19008,CIS Microsoft Windows 11 Enterprise Benchmark v3.0.0: Ensure 'Turn on PowerShell Script Block Logging' is set to 'Enabled'.,3,1,1,0
safesoc-win-01,19007,CIS Microsoft Windows 11 Enterprise Benchmark v3.0.0: Ensure 'Turn on PowerShell Transcription' is set to 'Enabled'.,7,1,1,0
safesoc-win-01,19007,CIS Microsoft Windows 11 Enterprise Benchmark v3.0.0: Ensure 'Disallow Digest authentication' is set to 'Enabled'.,7,1,1,0
safesoc-win-01,19008,CIS Microsoft Windows 11 Enterprise Benchmark v3.0.0: Ensure 'Allow remote server management through WinRM' is set to 'Disabled'.,3,1,1,0
safesoc-win-01,19007,CIS Microsoft Windows 11 Enterprise Benchmark v3.0.0: Ensure 'Disallow WinRM from storing RunAs credentials' is set to 'Enabled'.,7,1,1,0
safesoc-win-01,19007,CIS Microsoft Windows 11 Enterprise Benchmark v3.0.0: Ensure 'Allow Remote Shell Access' is set to 'Disabled'.,7,1,1,0
safesoc-win-01,19007,CIS Microsoft Windows 11 Enterprise Benchmark v3.0.0: Ensure 'Allow clipboard sharing with Windows Sandbox' is set to 'Disabled'.,7,1,1,0
safesoc-win-01,19007,CIS Microsoft Windows 11 Enterprise Benchmark v3.0.0: Ensure 'Allow networking in Windows Sandbox' is set to 'Disabled'.,7,1,1,0
safesoc-win-01,19007,CIS Microsoft Windows 11 Enterprise Benchmark v3.0.0: Ensure 'Prevent users from modifying settings' is set to 'Enabled'.,7,1,1,0
safesoc-win-01,19008,CIS Microsoft Windows 11 Enterprise Benchmark v3.0.0: Ensure 'No auto-restart with logged on users for scheduled automatic updates installations' is set to 'Disabled'.,3,1,1,0
safesoc-win-01,19008,CIS Microsoft Windows 11 Enterprise Benchmark v3.0.0: Ensure 'Configure Automatic Updates' is set to 'Enabled'.,3,1,1,0
safesoc-win-01,19009,CIS Microsoft Windows 11 Enterprise Benchmark v3.0.0: Ensure 'Configure Automatic Updates: Scheduled install day' is set to '0 - Every day'.,3,1,1,0
safesoc-win-01,19008,CIS Microsoft Windows 11 Enterprise Benchmark v3.0.0: Ensure 'Enable features introduced via servicing that are off by default' is set to 'Disabled'.,3,1,1,0
safesoc-win-01,19007,"CIS Microsoft Windows 11 Enterprise Benchmark v3.0.0: Ensure 'Remove access to ""Pause updates"" feature' is set to 'Enabled'.",7,1,1,0
safesoc-win-01,19008,CIS Microsoft Windows 11 Enterprise Benchmark v3.0.0: Ensure 'Manage preview builds' is set to 'Disabled'.,3,1,1,0
safesoc-win-01,19007,CIS Microsoft Windows 11 Enterprise Benchmark v3.0.0: Ensure 'Select when Preview Builds and Feature Updates are received' is set to 'Enabled: 180 or more days'.,7,1,1,0
safesoc-win-01,19009,CIS Microsoft Windows 11 Enterprise Benchmark v3.0.0: Ensure 'Select when Quality Updates are received' is set to 'Enabled: 0 days'.,3,1,1,0
safesoc-win-01,19008,CIS Microsoft Windows 11 Enterprise Benchmark v3.0.0: Ensure 'Enable optional updates' is set to 'Disabled'.,3,1,1,0
safesoc-lnx-01,501,New wazuh agent connected.,3,1,1,0
safesoc-lnx-01,19008,CIS Ubuntu Linux 24.04 LTS Benchmark v1.0.0.: Ensure mounting of cramfs filesystems is disabled.,3,1,1,0
safesoc-lnx-01,19008,CIS Ubuntu Linux 24.04 LTS Benchmark v1.0.0.: Ensure freevxfs kernel module is not available.,3,1,1,0
safesoc-lnx-01,19008,CIS Ubuntu Linux 24.04 LTS Benchmark v1.0.0.: Ensure hfs kernel module is not available.,3,1,1,0
safesoc-lnx-01,19008,CIS Ubuntu Linux 24.04 LTS Benchmark v1.0.0.: Ensure hfsplus kernel module is not available.,3,1,1,0
safesoc-lnx-01,19008,CIS Ubuntu Linux 24.04 LTS Benchmark v1.0.0.: Ensure jffs2 kernel module is not available.,3,1,1,0
safesoc-lnx-01,19008,CIS Ubuntu Linux 24.04 LTS Benchmark v1.0.0.: Ensure overlayfs kernel module is not available.,3,1,1,0
safesoc-lnx-01,19008,CIS Ubuntu Linux 24.04 LTS Benchmark v1.0.0.: Ensure squashfs kernel module is not available.,3,1,1,0
safesoc-lnx-01,19008,CIS Ubuntu Linux 24.04 LTS Benchmark v1.0.0.: Ensure udf kernel module is not available.,3,1,1,0
safesoc-lnx-01,19008,CIS Ubuntu Linux 24.04 LTS Benchmark v1.0.0.: Ensure usb-storage kernel module is not available.,3,1,1,0
safesoc-lnx-01,19007,CIS Ubuntu Linux 24.04 LTS Benchmark v1.0.0.: Ensure unused filesystems kernel modules are not available.,7,1,1,0
safesoc-lnx-01,19007,CIS Ubuntu Linux 24.04 LTS Benchmark v1.0.0.: Ensure /tmp is a separate partition.,7,1,1,0
safesoc-lnx-01,19007,CIS Ubuntu Linux 24.04 LTS Benchmark v1.0.0.: Ensure nodev option set on /tmp partition.,7,1,1,0
safesoc-lnx-01,19007,CIS Ubuntu Linux 24.04 LTS Benchmark v1.0.0.: Ensure nosuid option set on /tmp partition.,7,1,1,0
safesoc-lnx-01,19007,CIS Ubuntu Linux 24.04 LTS Benchmark v1.0.0.: Ensure noexec option set on /tmp partition.,7,1,1,0
safesoc-lnx-01,19008,CIS Ubuntu Linux 24.04 LTS Benchmark v1.0.0.: Ensure /dev/shm is a separate partition.,3,1,1,0
safesoc-lnx-01,19008,CIS Ubuntu Linux 24.04 LTS Benchmark v1.0.0.: Ensure nodev option set on /dev/shm partition.,3,1,1,0
safesoc-lnx-01,19008,CIS Ubuntu Linux 24.04 LTS Benchmark v1.0.0.: Ensure nosuid option set on /dev/shm partition.,3,1,1,0
safesoc-lnx-01,19007,CIS Ubuntu Linux 24.04 LTS Benchmark v1.0.0.: Ensure noexec option set on /dev/shm partition.,7,1,1,0
safesoc-lnx-01,19007,CIS Ubuntu Linux 24.04 LTS Benchmark v1.0.0.: Ensure separate partition exists for /home.,7,1,1,0
safesoc-lnx-01,19007,CIS Ubuntu Linux 24.04 LTS Benchmark v1.0.0.: Ensure nodev option set on /home partition.,7,1,1,0
safesoc-lnx-01,19007,CIS Ubuntu Linux 24.04 LTS Benchmark v1.0.0.: Ensure nosuid option set on /home partition.,7,1,1,0
safesoc-lnx-01,19007,CIS Ubuntu Linux 24.04 LTS Benchmark v1.0.0.: Ensure separate partition exists for /var.,7,1,1,0
safesoc-lnx-01,19007,CIS Ubuntu Linux 24.04 LTS Benchmark v1.0.0.: Ensure nodev option set on /var partition.,7,1,1,0
safesoc-lnx-01,19007,CIS Ubuntu Linux 24.04 LTS Benchmark v1.0.0.: Ensure nosuid option set on /var partition.,7,1,1,0
safesoc-lnx-01,19007,CIS Ubuntu Linux 24.04 LTS Benchmark v1.0.0.: Ensure separate partition exists for /var/tmp.,7,1,1,0
safesoc-lnx-01,19007,CIS Ubuntu Linux 24.04 LTS Benchmark v1.0.0.: Ensure nodev option set on /var/tmp partition.,7,1,1,0
safesoc-lnx-01,19007,CIS Ubuntu Linux 24.04 LTS Benchmark v1.0.0.: Ensure nosuid option set on /var/tmp partition.,7,1,1,0
safesoc-lnx-01,19007,CIS Ubuntu Linux 24.04 LTS Benchmark v1.0.0.: Ensure noexec option set on /var/tmp partition.,7,1,1,0
safesoc-lnx-01,19007,CIS Ubuntu Linux 24.04 LTS Benchmark v1.0.0.: Ensure separate partition exists for /var/log.,7,1,1,0
safesoc-lnx-01,19007,CIS Ubuntu Linux 24.04 LTS Benchmark v1.0.0.: Ensure nodev option set on /var/log partition.,7,1,1,0
safesoc-lnx-01,19007,CIS Ubuntu Linux 24.04 LTS Benchmark v1.0.0.: Ensure nosuid option set on /var/log partition.,7,1,1,0
safesoc-lnx-01,19007,CIS Ubuntu Linux 24.04 LTS Benchmark v1.0.0.: Ensure noexec option set on /var/log partition.,7,1,1,0
safesoc-lnx-01,19007,CIS Ubuntu Linux 24.04 LTS Benchmark v1.0.0.: Ensure separate partition exists for /var/log/audit.,7,1,1,0
safesoc-lnx-01,19007,CIS Ubuntu Linux 24.04 LTS Benchmark v1.0.0.: Ensure nodev option set on /var/log/audit partition.,7,1,1,0
safesoc-lnx-01,19007,CIS Ubuntu Linux 24.04 LTS Benchmark v1.0.0.: Ensure nosuid option set on /var/log/audit partition.,7,1,1,0
safesoc-lnx-01,19007,CIS Ubuntu Linux 24.04 LTS Benchmark v1.0.0.: Ensure noexec option set on /var/log/audit partition.,7,1,1,0
safesoc-lnx-01,19007,CIS Ubuntu Linux 24.04 LTS Benchmark v1.0.0.: Ensure AppArmor is installed.,7,1,1,0
safesoc-lnx-01,19007,CIS Ubuntu Linux 24.04 LTS Benchmark v1.0.0.: Ensure AppArmor is enabled in the bootloader configuration.,7,1,1,0
safesoc-lnx-01,19007,CIS Ubuntu Linux 24.04 LTS Benchmark v1.0.0.: Ensure all AppArmor Profiles are in enforce or complain mode.,7,1,1,0
safesoc-lnx-01,19007,CIS Ubuntu Linux 24.04 LTS Benchmark v1.0.0.: Ensure all AppArmor Profiles are enforcing.,7,1,1,0
safesoc-lnx-01,19007,CIS Ubuntu Linux 24.04 LTS Benchmark v1.0.0.: Ensure bootloader password is set.,7,1,1,0
safesoc-lnx-01,19008,CIS Ubuntu Linux 24.04 LTS Benchmark v1.0.0.: Ensure access to bootloader config is configured.,3,1,1,0
safesoc-lnx-01,19008,CIS Ubuntu Linux 24.04 LTS Benchmark v1.0.0.: Ensure address space layout randomization is enabled.,3,1,1,0
safesoc-lnx-01,19007,CIS Ubuntu Linux 24.04 LTS Benchmark v1.0.0.: Ensure core dumps are restricted.,7,1,1,0
safesoc-lnx-01,19008,CIS Ubuntu Linux 24.04 LTS Benchmark v1.0.0.: Ensure prelink is not installed.,3,1,1,0
safesoc-lnx-01,19007,CIS Ubuntu Linux 24.04 LTS Benchmark v1.0.0.: Ensure Automatic Error Reporting is not enabled.,7,1,1,0
safesoc-lnx-01,19008,CIS Ubuntu Linux 24.04 LTS Benchmark v1.0.0.: Ensure message of the day is configured properly.,3,1,1,0
safesoc-lnx-01,19007,CIS Ubuntu Linux 24.04 LTS Benchmark v1.0.0.: Ensure local login warning banner is configured properly.,7,1,1,0
safesoc-lnx-01,19007,CIS Ubuntu Linux 24.04 LTS Benchmark v1.0.0.: Ensure remote login warning banner is configured properly.,7,1,1,0
safesoc-lnx-01,19008,CIS Ubuntu Linux 24.04 LTS Benchmark v1.0.0.: Ensure access to /etc/motd is configured.,3,1,1,0
safesoc-lnx-01,19008,CIS Ubuntu Linux 24.04 LTS Benchmark v1.0.0.: Ensure access to /etc/issue is configured.,3,1,1,0
safesoc-lnx-01,19008,CIS Ubuntu Linux 24.04 LTS Benchmark v1.0.0.: Ensure access to /etc/issue.net is configured.,3,1,1,0
safesoc-lnx-01,19007,CIS Ubuntu Linux 24.04 LTS Benchmark v1.0.0.: Ensure GDM is removed.,7,1,1,0
safesoc-lnx-01,19007,CIS Ubuntu Linux 24.04 LTS Benchmark v1.0.0.: Ensure GDM login banner is configured.,7,1,1,0
safesoc-lnx-01,19009,CIS Ubuntu Linux 24.04 LTS Benchmark v1.0.0.: Ensure GDM disable-user-list option is enabled.,3,1,1,0
safesoc-lnx-01,19009,CIS Ubuntu Linux 24.04 LTS Benchmark v1.0.0.: Ensure GDM screen locks cannot be overridden.,3,1,1,0
safesoc-lnx-01,19009,CIS Ubuntu Linux 24.04 LTS Benchmark v1.0.0.: Ensure GDM automatic mounting of removable media is disabled.,3,1,1,0
safesoc-lnx-01,19009,CIS Ubuntu Linux 24.04 LTS Benchmark v1.0.0.: Ensure GDM disabling automatic mounting of removable media is not overridden.,3,1,1,0
safesoc-lnx-01,19009,CIS Ubuntu Linux 24.04 LTS Benchmark v1.0.0.: Ensure GDM autorun-never is enabled.,3,1,1,0
safesoc-lnx-01,19009,CIS Ubuntu Linux 24.04 LTS Benchmark v1.0.0.: Ensure GDM autorun-never is not overridden.,3,1,1,0
safesoc-lnx-01,19008,CIS Ubuntu Linux 24.04 LTS Benchmark v1.0.0.: Ensure XDMCP is not enabled.,3,1,1,0
safesoc-lnx-01,19008,CIS Ubuntu Linux 24.04 LTS Benchmark v1.0.0.: Ensure autofs services are not in use.,3,1,1,0
safesoc-lnx-01,19007,CIS Ubuntu Linux 24.04 LTS Benchmark v1.0.0.: Ensure avahi daemon services are not in use.,7,1,1,0
safesoc-lnx-01,19008,CIS Ubuntu Linux 24.04 LTS Benchmark v1.0.0.: Ensure dhcp server services are not in use.,3,1,1,0
safesoc-lnx-01,19008,CIS Ubuntu Linux 24.04 LTS Benchmark v1.0.0.: Ensure dns server services are not in use.,3,1,1,0
safesoc-lnx-01,19008,CIS Ubuntu Linux 24.04 LTS Benchmark v1.0.0.: Ensure dnsmasq services are not in use.,3,1,1,0
safesoc-lnx-01,19008,CIS Ubuntu Linux 24.04 LTS Benchmark v1.0.0.: Ensure network file system services are not in use.,3,1,1,0
safesoc-lnx-01,19008,CIS Ubuntu Linux 24.04 LTS Benchmark v1.0.0.: Ensure ftp server services are not in use.,3,1,1,0
safesoc-lnx-01,19008,CIS Ubuntu Linux 24.04 LTS Benchmark v1.0.0.: Ensure ldap server services are not in use.,3,1,1,0
safesoc-lnx-01,19008,CIS Ubuntu Linux 24.04 LTS Benchmark v1.0.0.: Ensure message access server services are not in use.,3,1,1,0
safesoc-lnx-01,19008,CIS Ubuntu Linux 24.04 LTS Benchmark v1.0.0.: Ensure nis server services are not in use.,3,1,1,0
safesoc-lnx-01,19007,CIS Ubuntu Linux 24.04 LTS Benchmark v1.0.0.: Ensure print server services are not in use.,7,1,1,0
safesoc-lnx-01,19008,CIS Ubuntu Linux 24.04 LTS Benchmark v1.0.0.: Ensure rpcbind services are not in use.,3,1,1,0
safesoc-lnx-01,19007,CIS Ubuntu Linux 24.04 LTS Benchmark v1.0.0.: Ensure rsync services are not in use.,7,1,1,0
safesoc-lnx-01,19008,CIS Ubuntu Linux 24.04 LTS Benchmark v1.0.0.: Ensure samba file server services are not in use.,3,1,1,0
safesoc-lnx-01,19008,CIS Ubuntu Linux 24.04 LTS Benchmark v1.0.0.: Ensure snmp services are not in use.,3,1,1,0
safesoc-lnx-01,19008,CIS Ubuntu Linux 24.04 LTS Benchmark v1.0.0.: Ensure tftp server services are not in use.,3,1,1,0
safesoc-lnx-01,19008,CIS Ubuntu Linux 24.04 LTS Benchmark v1.0.0.: Ensure web proxy server services are not in use.,3,1,1,0
safesoc-lnx-01,19008,CIS Ubuntu Linux 24.04 LTS Benchmark v1.0.0.: Ensure web server services are not in use.,3,1,1,0
safesoc-lnx-01,19008,CIS Ubuntu Linux 24.04 LTS Benchmark v1.0.0.: Ensure xinetd services are not in use.,3,1,1,0
safesoc-lnx-01,19007,CIS Ubuntu Linux 24.04 LTS Benchmark v1.0.0.: Ensure X window server services are not in use.,7,1,1,0
safesoc-lnx-01,19008,CIS Ubuntu Linux 24.04 LTS Benchmark v1.0.0.: Ensure mail transfer agent is configured for local-only mode.,3,1,1,0
safesoc-lnx-01,19008,CIS Ubuntu Linux 24.04 LTS Benchmark v1.0.0.: Ensure NIS Client is not installed.,3,1,1,0
safesoc-lnx-01,19008,CIS Ubuntu Linux 24.04 LTS Benchmark v1.0.0.: Ensure rsh client is not installed.,3,1,1,0
safesoc-lnx-01,19008,CIS Ubuntu Linux 24.04 LTS Benchmark v1.0.0.: Ensure talk client is not installed.,3,1,1,0
safesoc-lnx-01,19007,CIS Ubuntu Linux 24.04 LTS Benchmark v1.0.0.: Ensure telnet client is not installed.,7,1,1,0
safesoc-lnx-01,19007,CIS Ubuntu Linux 24.04 LTS Benchmark v1.0.0.: Ensure ldap client is not installed.,7,1,1,0
safesoc-lnx-01,19007,CIS Ubuntu Linux 24.04 LTS Benchmark v1.0.0.: Ensure ftp client is not installed.,7,1,1,0
safesoc-lnx-01,19007,CIS Ubuntu Linux 24.04 LTS Benchmark v1.0.0.: Ensure systemd-timesyncd configured with authorized timeserver.,7,1,1,0
safesoc-lnx-01,19008,CIS Ubuntu Linux 24.04 LTS Benchmark v1.0.0.: Ensure systemd-timesyncd is enabled and running.,3,1,1,0
safesoc-lnx-01,19008,CIS Ubuntu Linux 24.04 LTS Benchmark v1.0.0.: Ensure chrony is configured with authorized timeserver.,3,1,1,0
safesoc-lnx-01,19007,CIS Ubuntu Linux 24.04 LTS Benchmark v1.0.0.: Ensure chrony is running as user _chrony.,7,1,1,0
safesoc-lnx-01,19007,CIS Ubuntu Linux 24.04 LTS Benchmark v1.0.0.: Ensure chrony is enabled and running.,7,1,1,0
safesoc-lnx-01,19008,CIS Ubuntu Linux 24.04 LTS Benchmark v1.0.0.: Ensure cron daemon is enabled and active.,3,1,1,0
safesoc-lnx-01,19007,CIS Ubuntu Linux 24.04 LTS Benchmark v1.0.0.: Ensure permissions on /etc/crontab are configured.,7,1,1,0
safesoc-lnx-01,19007,CIS Ubuntu Linux 24.04 LTS Benchmark v1.0.0.: Ensure permissions on /etc/cron.hourly are configured.,7,1,1,0
safesoc-lnx-01,19007,CIS Ubuntu Linux 24.04 LTS Benchmark v1.0.0.: Ensure permissions on /etc/cron.daily are configured.,7,1,1,0
safesoc-lnx-01,19007,CIS Ubuntu Linux 24.04 LTS Benchmark v1.0.0.: Ensure permissions on /etc/cron.weekly are configured.,7,1,1,0
safesoc-lnx-01,19007,CIS Ubuntu Linux 24.04 LTS Benchmark v1.0.0.: Ensure permissions on /etc/cron.monthly are configured.,7,1,1,0
safesoc-lnx-01,19007,CIS Ubuntu Linux 24.04 LTS Benchmark v1.0.0.: Ensure permissions on /etc/cron.d are configured.,7,1,1,0
safesoc-lnx-01,19007,CIS Ubuntu Linux 24.04 LTS Benchmark v1.0.0.: Ensure crontab is restricted to authorized users.,7,1,1,0
safesoc-lnx-01,19007,CIS Ubuntu Linux 24.04 LTS Benchmark v1.0.0.: Ensure at is restricted to authorized users.,7,1,1,0
safesoc-lnx-01,19007,CIS Ubuntu Linux 24.04 LTS Benchmark v1.0.0.: Ensure wireless interfaces are disabled.,7,1,1,0
safesoc-lnx-01,19008,CIS Ubuntu Linux 24.04 LTS Benchmark v1.0.0.: Ensure bluetooth services are not in use.,3,1,1,0
safesoc-lnx-01,19007,CIS Ubuntu Linux 24.04 LTS Benchmark v1.0.0.: Ensure dccp kernel module is not available.,7,1,1,0
safesoc-lnx-01,19007,CIS Ubuntu Linux 24.04 LTS Benchmark v1.0.0.: Ensure tipc kernel module is not available.,7,1,1,0
safesoc-lnx-01,19007,CIS Ubuntu Linux 24.04 LTS Benchmark v1.0.0.: Ensure rds kernel module is not available.,7,1,1,0
safesoc-lnx-01,19007,CIS Ubuntu Linux 24.04 LTS Benchmark v1.0.0.: Ensure sctp kernel module is not available.,7,1,1,0
safesoc-lnx-01,19008,CIS Ubuntu Linux 24.04 LTS Benchmark v1.0.0.: Ensure ip forwarding is disabled.,3,1,1,0
safesoc-lnx-01,19007,CIS Ubuntu Linux 24.04 LTS Benchmark v1.0.0.: Ensure packet redirect sending is disabled.,7,1,1,0
safesoc-lnx-01,19008,CIS Ubuntu Linux 24.04 LTS Benchmark v1.0.0.: Ensure bogus icmp responses are ignored.,3,1,1,0
safesoc-lnx-01,19008,CIS Ubuntu Linux 24.04 LTS Benchmark v1.0.0.: Ensure broadcast icmp requests are ignored.,3,1,1,0
safesoc-lnx-01,19007,CIS Ubuntu Linux 24.04 LTS Benchmark v1.0.0.: Ensure icmp redirects are not accepted.,7,1,1,0
safesoc-lnx-01,19007,CIS Ubuntu Linux 24.04 LTS Benchmark v1.0.0.: Ensure secure icmp redirects are not accepted.,7,1,1,0
safesoc-lnx-01,19007,CIS Ubuntu Linux 24.04 LTS Benchmark v1.0.0.: Ensure reverse path filtering is enabled.,7,1,1,0
safesoc-lnx-01,19007,CIS Ubuntu Linux 24.04 LTS Benchmark v1.0.0.: Ensure source routed packets are not accepted.,7,1,1,0
safesoc-lnx-01,19007,CIS Ubuntu Linux 24.04 LTS Benchmark v1.0.0.: Ensure suspicious packets are logged.,7,1,1,0
safesoc-lnx-01,19008,CIS Ubuntu Linux 24.04 LTS Benchmark v1.0.0.: Ensure tcp syn cookies is enabled.,3,1,1,0
safesoc-lnx-01,19007,CIS Ubuntu Linux 24.04 LTS Benchmark v1.0.0.: Ensure ipv6 router advertisements are not accepted.,7,1,1,0
safesoc-lnx-01,19007,CIS Ubuntu Linux 24.04 LTS Benchmark v1.0.0.: Ensure a single firewall configuration utility is in use.,7,1,1,0
safesoc-lnx-01,19008,CIS Ubuntu Linux 24.04 LTS Benchmark v1.0.0.: Ensure ufw is installed.,3,1,1,0
safesoc-lnx-01,19008,CIS Ubuntu Linux 24.04 LTS Benchmark v1.0.0.: Ensure iptables-persistent is not installed with ufw.,3,1,1,0
safesoc-lnx-01,19007,CIS Ubuntu Linux 24.04 LTS Benchmark v1.0.0.: Ensure ufw service is enabled.,7,1,1,0
safesoc-lnx-01,19007,CIS Ubuntu Linux 24.04 LTS Benchmark v1.0.0.: Ensure ufw loopback traffic is configured.,7,1,1,0
safesoc-lnx-01,19007,CIS Ubuntu Linux 24.04 LTS Benchmark v1.0.0.: Ensure ufw default deny firewall policy.,7,1,1,0
safesoc-lnx-01,19008,CIS Ubuntu Linux 24.04 LTS Benchmark v1.0.0.: Ensure nftables is installed.,3,1,1,0
safesoc-lnx-01,19008,CIS Ubuntu Linux 24.04 LTS Benchmark v1.0.0.: Ensure ufw is uninstalled or disabled with nftables.,3,1,1,0
safesoc-lnx-01,19007,CIS Ubuntu Linux 24.04 LTS Benchmark v1.0.0.: Ensure iptables are flushed with nftables.,7,1,1,0
safesoc-lnx-01,19007,CIS Ubuntu Linux 24.04 LTS Benchmark v1.0.0.: Ensure a nftables table exists.,7,1,1,0
safesoc-lnx-01,19007,CIS Ubuntu Linux 24.04 LTS Benchmark v1.0.0.: Ensure nftables base chains exist.,7,1,1,0
safesoc-lnx-01,19007,CIS Ubuntu Linux 24.04 LTS Benchmark v1.0.0.: Ensure nftables default deny firewall policy.,7,1,1,0
safesoc-lnx-01,19007,CIS Ubuntu Linux 24.04 LTS Benchmark v1.0.0.: Ensure nftables service is enabled.,7,1,1,0
safesoc-lnx-01,19007,CIS Ubuntu Linux 24.04 LTS Benchmark v1.0.0.: Ensure nftables rules are permanent.,7,1,1,0
safesoc-lnx-01,19007,CIS Ubuntu Linux 24.04 LTS Benchmark v1.0.0.: Ensure iptables packages are installed.,7,1,1,0
safesoc-lnx-01,19007,CIS Ubuntu Linux 24.04 LTS Benchmark v1.0.0.: Ensure nftables is not in use with iptables.,7,1,1,0
safesoc-lnx-01,19007,CIS Ubuntu Linux 24.04 LTS Benchmark v1.0.0.: Ensure ufw is not in use with iptables.,7,1,1,0
safesoc-lnx-01,19007,CIS Ubuntu Linux 24.04 LTS Benchmark v1.0.0.: Ensure iptables default deny firewall policy.,7,1,1,0
safesoc-lnx-01,19007,CIS Ubuntu Linux 24.04 LTS Benchmark v1.0.0.: Ensure iptables loopback traffic is configured.,7,1,1,0
safesoc-lnx-01,19007,CIS Ubuntu Linux 24.04 LTS Benchmark v1.0.0.: Ensure ip6tables default deny firewall policy.,7,1,1,0
safesoc-lnx-01,19007,CIS Ubuntu Linux 24.04 LTS Benchmark v1.0.0.: Ensure ip6tables loopback traffic is configured.,7,1,1,0
safesoc-lnx-01,19007,CIS Ubuntu Linux 24.04 LTS Benchmark v1.0.0.: Ensure permissions on /etc/ssh/sshd_config are configured.,7,1,1,0
safesoc-lnx-01,19008,CIS Ubuntu Linux 24.04 LTS Benchmark v1.0.0.: Ensure permissions on SSH private host key files are configured.,3,1,1,0
safesoc-lnx-01,19008,CIS Ubuntu Linux 24.04 LTS Benchmark v1.0.0.: Ensure permissions on SSH public host key files are configured.,3,1,1,0
safesoc-lnx-01,19009,CIS Ubuntu Linux 24.04 LTS Benchmark v1.0.0.: Ensure sshd access is configured.,3,1,1,0
safesoc-lnx-01,19009,CIS Ubuntu Linux 24.04 LTS Benchmark v1.0.0.: Ensure sshd Banner is configured.,3,1,1,0
safesoc-lnx-01,19009,CIS Ubuntu Linux 24.04 LTS Benchmark v1.0.0.: Ensure sshd Ciphers are configured.,3,1,1,0
safesoc-lnx-01,19009,CIS Ubuntu Linux 24.04 LTS Benchmark v1.0.0.: Ensure sshd ClientAliveInterval and ClientAliveCountMax are configured.,3,1,1,0
safesoc-lnx-01,19009,CIS Ubuntu Linux 24.04 LTS Benchmark v1.0.0.: Ensure sshd DisableForwarding is enabled.,3,1,1,0
safesoc-lnx-01,19009,CIS Ubuntu Linux 24.04 LTS Benchmark v1.0.0.: Ensure sshd GSSAPIAuthentication is disabled.,3,1,1,0
safesoc-lnx-01,19009,CIS Ubuntu Linux 24.04 LTS Benchmark v1.0.0.: Ensure sshd HostbasedAuthentication is disabled.,3,1,1,0
safesoc-lnx-01,19009,CIS Ubuntu Linux 24.04 LTS Benchmark v1.0.0.: Ensure sshd IgnoreRhosts is enabled.,3,1,1,0
safesoc-lnx-01,19009,CIS Ubuntu Linux 24.04 LTS Benchmark v1.0.0.: Ensure sshd KexAlgorithms is configured.,3,1,1,0
safesoc-lnx-01,19009,CIS Ubuntu Linux 24.04 LTS Benchmark v1.0.0.: Ensure sshd LoginGraceTime is configured.,3,1,1,0
safesoc-lnx-01,19009,CIS Ubuntu Linux 24.04 LTS Benchmark v1.0.0.: Ensure sshd LogLevel is configured.,3,1,1,0
safesoc-lnx-01,19009,CIS Ubuntu Linux 24.04 LTS Benchmark v1.0.0.: Ensure sshd MACs are configured.,3,1,1,0
safesoc-lnx-01,19009,CIS Ubuntu Linux 24.04 LTS Benchmark v1.0.0.: Ensure sshd MaxAuthTries is configured.,3,1,1,0
safesoc-lnx-01,19009,CIS Ubuntu Linux 24.04 LTS Benchmark v1.0.0.: Ensure sshd MaxSessions is configured.,3,1,1,0
safesoc-lnx-01,19009,CIS Ubuntu Linux 24.04 LTS Benchmark v1.0.0.: Ensure sshd MaxStartups is configured.,3,1,1,0
safesoc-lnx-01,19009,CIS Ubuntu Linux 24.04 LTS Benchmark v1.0.0.: Ensure sshd PermitEmptyPasswords is disabled.,3,1,1,0
safesoc-lnx-01,19009,CIS Ubuntu Linux 24.04 LTS Benchmark v1.0.0.: Ensure sshd PermitRootLogin is disabled.,3,1,1,0
safesoc-lnx-01,19009,CIS Ubuntu Linux 24.04 LTS Benchmark v1.0.0.: Ensure sshd PermitUserEnvironment is disabled.,3,1,1,0
safesoc-lnx-01,19009,CIS Ubuntu Linux 24.04 LTS Benchmark v1.0.0.: Ensure sshd UsePAM is enabled.,3,1,1,0
safesoc-lnx-01,19008,CIS Ubuntu Linux 24.04 LTS Benchmark v1.0.0.: Ensure sudo is installed.,3,1,1,0
safesoc-lnx-01,19008,CIS Ubuntu Linux 24.04 LTS Benchmark v1.0.0.: Ensure sudo commands use pty.,3,1,1,0
safesoc-lnx-01,19007,CIS Ubuntu Linux 24.04 LTS Benchmark v1.0.0.: Ensure sudo log file exists.,7,1,1,0
safesoc-lnx-01,19008,CIS Ubuntu Linux 24.04 LTS Benchmark v1.0.0.: Ensure users must provide password for privilege escalation.,3,1,1,0
safesoc-lnx-01,19008,CIS Ubuntu Linux 24.04 LTS Benchmark v1.0.0.: Ensure re-authentication for privilege escalation is not disabled globally.,3,1,1,0
safesoc-lnx-01,19008,CIS Ubuntu Linux 24.04 LTS Benchmark v1.0.0.: Ensure sudo authentication timeout is configured correctly.,3,1,1,0
safesoc-lnx-01,19007,CIS Ubuntu Linux 24.04 LTS Benchmark v1.0.0.: Ensure access to the su command is restricted.,7,1,1,0
safesoc-lnx-01,19008,CIS Ubuntu Linux 24.04 LTS Benchmark v1.0.0.: Ensure latest version of pam is installed.,3,1,1,0
safesoc-lnx-01,19008,CIS Ubuntu Linux 24.04 LTS Benchmark v1.0.0.: Ensure libpam-modules is installed.,3,1,1,0
safesoc-lnx-01,19008,CIS Ubuntu Linux 24.04 LTS Benchmark v1.0.0.: Ensure libpam-pwquality is installed.,3,1,1,0
safesoc-lnx-01,19008,CIS Ubuntu Linux 24.04 LTS Benchmark v1.0.0.: Ensure pam_unix module is enabled.,3,1,1,0
safesoc-lnx-01,19007,CIS Ubuntu Linux 24.04 LTS Benchmark v1.0.0.: Ensure pam_faillock module is enabled.,7,1,1,0
safesoc-lnx-01,19008,CIS Ubuntu Linux 24.04 LTS Benchmark v1.0.0.: Ensure pam_pwquality module is enabled.,3,1,1,0
safesoc-lnx-01,19007,CIS Ubuntu Linux 24.04 LTS Benchmark v1.0.0.: Ensure pam_pwhistory module is enabled.,7,1,1,0
safesoc-lnx-01,19007,CIS Ubuntu Linux 24.04 LTS Benchmark v1.0.0.: Ensure password failed attempts lockout is configured.,7,1,1,0
safesoc-lnx-01,19007,CIS Ubuntu Linux 24.04 LTS Benchmark v1.0.0.: Ensure password unlock time is configured.,7,1,1,0
safesoc-lnx-01,19007,CIS Ubuntu Linux 24.04 LTS Benchmark v1.0.0.: Ensure password failed attempts lockout includes root account.,7,1,1,0
safesoc-lnx-01,19007,CIS Ubuntu Linux 24.04 LTS Benchmark v1.0.0.: Ensure password number of changed characters is configured.,7,1,1,0
safesoc-lnx-01,19007,CIS Ubuntu Linux 24.04 LTS Benchmark v1.0.0.: Ensure minimum password length is configured.,7,1,1,0
safesoc-lnx-01,19007,CIS Ubuntu Linux 24.04 LTS Benchmark v1.0.0.: Ensure password complexity is configured.,7,1,1,0
safesoc-lnx-01,19007,CIS Ubuntu Linux 24.04 LTS Benchmark v1.0.0.: Ensure password same consecutive characters is configured.,7,1,1,0
safesoc-lnx-01,19007,CIS Ubuntu Linux 24.04 LTS Benchmark v1.0.0.: Ensure password maximum sequential characters is configured.,7,1,1,0
safesoc-lnx-01,19008,CIS Ubuntu Linux 24.04 LTS Benchmark v1.0.0.: Ensure password dictionary check is enabled.,3,1,1,0
safesoc-lnx-01,19008,CIS Ubuntu Linux 24.04 LTS Benchmark v1.0.0.: Ensure password quality checking is enforced.,3,1,1,0
safesoc-lnx-01,19009,CIS Ubuntu Linux 24.04 LTS Benchmark v1.0.0.: Ensure password quality is enforced for the root user.,3,1,1,0
safesoc-lnx-01,19007,CIS Ubuntu Linux 24.04 LTS Benchmark v1.0.0.: Ensure password history remember is configured.,7,1,1,0
safesoc-lnx-01,19007,CIS Ubuntu Linux 24.04 LTS Benchmark v1.0.0.: Ensure password history is enforced for the root user.,7,1,1,0
safesoc-lnx-01,19007,CIS Ubuntu Linux 24.04 LTS Benchmark v1.0.0.: Ensure pam_pwhistory includes use_authtok.,7,1,1,0
safesoc-lnx-01,19007,CIS Ubuntu Linux 24.04 LTS Benchmark v1.0.0.: Ensure pam_unix does not include nullok.,7,1,1,0
safesoc-lnx-01,19008,CIS Ubuntu Linux 24.04 LTS Benchmark v1.0.0.: Ensure pam_unix does not include remember.,3,1,1,0
safesoc-lnx-01,19008,CIS Ubuntu Linux 24.04 LTS Benchmark v1.0.0.: Ensure pam_unix includes a strong password hashing algorithm.,3,1,1,0
safesoc-lnx-01,19008,CIS Ubuntu Linux 24.04 LTS Benchmark v1.0.0.: Ensure pam_unix includes use_authtok.,3,1,1,0
safesoc-lnx-01,19007,CIS Ubuntu Linux 24.04 LTS Benchmark v1.0.0.: Ensure password expiration is configured.,7,1,1,0
safesoc-lnx-01,19007,CIS Ubuntu Linux 24.04 LTS Benchmark v1.0.0.: Ensure minimum password days is configured.,7,1,1,0
safesoc-lnx-01,19008,CIS Ubuntu Linux 24.04 LTS Benchmark v1.0.0.: Ensure password expiration warning days is configured.,3,1,1,0
safesoc-lnx-01,19008,CIS Ubuntu Linux 24.04 LTS Benchmark v1.0.0.: Ensure strong password hashing algorithm is configured.,3,1,1,0
safesoc-lnx-01,19007,CIS Ubuntu Linux 24.04 LTS Benchmark v1.0.0.: Ensure inactive password lock is configured.,7,1,1,0
safesoc-lnx-01,19008,CIS Ubuntu Linux 24.04 LTS Benchmark v1.0.0.: Ensure root is the only UID 0 account.,3,1,1,0
safesoc-lnx-01,19008,CIS Ubuntu Linux 24.04 LTS Benchmark v1.0.0.: Ensure root is the only GID 0 account.,3,1,1,0
safesoc-lnx-01,19008,CIS Ubuntu Linux 24.04 LTS Benchmark v1.0.0.: Ensure group root is the only GID 0 group.,3,1,1,0
safesoc-lnx-01,19008,CIS Ubuntu Linux 24.04 LTS Benchmark v1.0.0.: Ensure root account access is controlled.,3,1,1,0
safesoc-lnx-01,19007,CIS Ubuntu Linux 24.04 LTS Benchmark v1.0.0.: Ensure root user umask is configured.,7,1,1,0
safesoc-lnx-01,19008,CIS Ubuntu Linux 24.04 LTS Benchmark v1.0.0.: Ensure nologin is not listed in /etc/shells.,3,1,1,0
safesoc-lnx-01,19007,CIS Ubuntu Linux 24.04 LTS Benchmark v1.0.0.: Ensure default user shell timeout is configured.,7,1,1,0
safesoc-lnx-01,19009,CIS Ubuntu Linux 24.04 LTS Benchmark v1.0.0.: Ensure default user umask is configured.,3,1,1,0
safesoc-lnx-01,19008,CIS Ubuntu Linux 24.04 LTS Benchmark v1.0.0.: Ensure journald service is enabled and active.,3,1,1,0
safesoc-lnx-01,19007,CIS Ubuntu Linux 24.04 LTS Benchmark v1.0.0.: Ensure journald log file rotation is configured.,7,1,1,0
safesoc-lnx-01,19008,CIS Ubuntu Linux 24.04 LTS Benchmark v1.0.0.: Ensure systemd-journal-remote is installed.,3,1,1,0
safesoc-lnx-01,19007,CIS Ubuntu Linux 24.04 LTS Benchmark v1.0.0.: Ensure systemd-journal-upload authentication is configured.,7,1,1,0
safesoc-lnx-01,19008,CIS Ubuntu Linux 24.04 LTS Benchmark v1.0.0.: Ensure systemd-journal-upload is enabled and active.,3,1,1,0
safesoc-lnx-01,19008,CIS Ubuntu Linux 24.04 LTS Benchmark v1.0.0.: Ensure systemd-journal-remote service is not in use.,3,1,1,0
safesoc-lnx-01,19008,CIS Ubuntu Linux 24.04 LTS Benchmark v1.0.0.: Ensure journald ForwardToSyslog is disabled.,3,1,1,0
safesoc-lnx-01,19008,CIS Ubuntu Linux 24.04 LTS Benchmark v1.0.0.: Ensure journald Compress is configured.,3,1,1,0
safesoc-lnx-01,19008,CIS Ubuntu Linux 24.04 LTS Benchmark v1.0.0.: Ensure journald Storage is configured.,3,1,1,0
safesoc-lnx-01,19008,CIS Ubuntu Linux 24.04 LTS Benchmark v1.0.0.: Ensure rsyslog is installed.,3,1,1,0
safesoc-lnx-01,19008,CIS Ubuntu Linux 24.04 LTS Benchmark v1.0.0.: Ensure rsyslog service is enabled and active.,3,1,1,0
safesoc-lnx-01,19008,CIS Ubuntu Linux 24.04 LTS Benchmark v1.0.0.: Ensure journald is configured to send logs to rsyslog.,3,1,1,0
safesoc-lnx-01,19007,CIS Ubuntu Linux 24.04 LTS Benchmark v1.0.0.: Ensure rsyslog log file creation mode is configured.,7,1,1,0
safesoc-lnx-01,19007,CIS Ubuntu Linux 24.04 LTS Benchmark v1.0.0.: Ensure rsyslog is configured to send logs to a remote log host.,7,1,1,0
safesoc-lnx-01,19008,CIS Ubuntu Linux 24.04 LTS Benchmark v1.0.0.: Ensure rsyslog is not configured to receive logs from a remote client.,3,1,1,0
safesoc-lnx-01,19007,CIS Ubuntu Linux 24.04 LTS Benchmark v1.0.0.: Ensure access to all logfiles has been configured.,7,1,1,0
safesoc-lnx-01,19007,CIS Ubuntu Linux 24.04 LTS Benchmark v1.0.0.: Ensure auditd packages are installed.,7,1,1,0
safesoc-lnx-01,19007,CIS Ubuntu Linux 24.04 LTS Benchmark v1.0.0.: Ensure auditd service is enabled and active.,7,1,1,0
safesoc-lnx-01,19007,CIS Ubuntu Linux 24.04 LTS Benchmark v1.0.0.: Ensure auditing for processes that start prior to auditd is enabled.,7,1,1,0
safesoc-lnx-01,19007,CIS Ubuntu Linux 24.04 LTS Benchmark v1.0.0.: Ensure audit_backlog_limit is sufficient.,7,1,1,0
safesoc-lnx-01,19009,CIS Ubuntu Linux 24.04 LTS Benchmark v1.0.0.: Ensure audit log storage size is configured.,3,1,1,0
safesoc-lnx-01,19009,CIS Ubuntu Linux 24.04 LTS Benchmark v1.0.0.: Ensure audit logs are not automatically deleted.,3,1,1,0
safesoc-lnx-01,19009,CIS Ubuntu Linux 24.04 LTS Benchmark v1.0.0.: Ensure system is disabled when audit logs are full.,3,1,1,0
safesoc-lnx-01,19009,CIS Ubuntu Linux 24.04 LTS Benchmark v1.0.0.: Ensure system warns when audit logs are low on space.,3,1,1,0
safesoc-lnx-01,19009,CIS Ubuntu Linux 24.04 LTS Benchmark v1.0.0.: Ensure changes to system administration scope (sudoers) is collected.,3,1,1,0
safesoc-lnx-01,19009,CIS Ubuntu Linux 24.04 LTS Benchmark v1.0.0.: Ensure actions as another user are always logged.,3,1,1,0
safesoc-lnx-01,19009,CIS Ubuntu Linux 24.04 LTS Benchmark v1.0.0.: Ensure events that modify the sudo log file are collected.,3,1,1,0
safesoc-lnx-01,19009,CIS Ubuntu Linux 24.04 LTS Benchmark v1.0.0.: Ensure events that modify date and time information are collected.,3,1,1,0
safesoc-lnx-01,19009,CIS Ubuntu Linux 24.04 LTS Benchmark v1.0.0.: Ensure events that modify the system's network environment are collected.,3,1,1,0
safesoc-lnx-01,19009,CIS Ubuntu Linux 24.04 LTS Benchmark v1.0.0.: Ensure unsuccessful file access attempts are collected.,3,1,1,0
safesoc-lnx-01,19009,CIS Ubuntu Linux 24.04 LTS Benchmark v1.0.0.: Ensure events that modify user/group information are collected.,3,1,1,0
safesoc-lnx-01,19009,CIS Ubuntu Linux 24.04 LTS Benchmark v1.0.0.: Ensure discretionary access control permission modification events are collected.,3,1,1,0
safesoc-lnx-01,19009,CIS Ubuntu Linux 24.04 LTS Benchmark v1.0.0.: Ensure successful file system mounts are collected.,3,1,1,0
safesoc-lnx-01,19009,CIS Ubuntu Linux 24.04 LTS Benchmark v1.0.0.: Ensure session initiation information is collected.,3,1,1,0
safesoc-lnx-01,19009,CIS Ubuntu Linux 24.04 LTS Benchmark v1.0.0.: Ensure login and logout events are collected.,3,1,1,0
safesoc-lnx-01,19009,CIS Ubuntu Linux 24.04 LTS Benchmark v1.0.0.: Ensure file deletion events by users are collected.,3,1,1,0
safesoc-lnx-01,19009,CIS Ubuntu Linux 24.04 LTS Benchmark v1.0.0.: Ensure events that modify the system's Mandatory Access Controls are collected.,3,1,1,0
safesoc-lnx-01,19009,CIS Ubuntu Linux 24.04 LTS Benchmark v1.0.0.: Ensure successful and unsuccessful attempts to use the chcon command are collected.,3,1,1,0
safesoc-lnx-01,19009,CIS Ubuntu Linux 24.04 LTS Benchmark v1.0.0.: Ensure successful and unsuccessful attempts to use the setfacl command are collected.,3,1,1,0
safesoc-lnx-01,19009,CIS Ubuntu Linux 24.04 LTS Benchmark v1.0.0.: Ensure successful and unsuccessful attempts to use the chacl command are collected.,3,1,1,0
safesoc-lnx-01,19009,CIS Ubuntu Linux 24.04 LTS Benchmark v1.0.0.: Ensure successful and unsuccessful attempts to use the usermod command are collected.,3,1,1,0
safesoc-lnx-01,19009,CIS Ubuntu Linux 24.04 LTS Benchmark v1.0.0.: Ensure kernel module loading unloading and modification is collected.,3,1,1,0
safesoc-lnx-01,19009,CIS Ubuntu Linux 24.04 LTS Benchmark v1.0.0.: Ensure the audit configuration is immutable.,3,1,1,0
safesoc-lnx-01,19009,CIS Ubuntu Linux 24.04 LTS Benchmark v1.0.0.: Ensure the running and on disk configuration is the same.,3,1,1,0
safesoc-lnx-01,19009,CIS Ubuntu Linux 24.04 LTS Benchmark v1.0.0.: Ensure audit log files group owner is configured.,3,1,1,0
safesoc-lnx-01,19008,CIS Ubuntu Linux 24.04 LTS Benchmark v1.0.0.: Ensure audit configuration files mode is configured.,3,1,1,0
safesoc-lnx-01,19008,CIS Ubuntu Linux 24.04 LTS Benchmark v1.0.0.: Ensure audit configuration files owner is configured.,3,1,1,0
safesoc-lnx-01,19008,CIS Ubuntu Linux 24.04 LTS Benchmark v1.0.0.: Ensure audit configuration files group owner is configured.,3,1,1,0
safesoc-lnx-01,19008,CIS Ubuntu Linux 24.04 LTS Benchmark v1.0.0.: Ensure audit tools mode is configured.,3,1,1,0
safesoc-lnx-01,19007,CIS Ubuntu Linux 24.04 LTS Benchmark v1.0.0.: Ensure audit tools owner is configured.,7,1,1,0
safesoc-lnx-01,19007,CIS Ubuntu Linux 24.04 LTS Benchmark v1.0.0.: Ensure audit tools group owner is configured.,7,1,1,0
safesoc-lnx-01,19007,CIS Ubuntu Linux 24.04 LTS Benchmark v1.0.0.: Ensure filesystem integrity is regularly checked.,7,1,1,0
safesoc-lnx-01,19007,CIS Ubuntu Linux 24.04 LTS Benchmark v1.0.0.: Ensure AIDE is installed.,7,1,1,0
safesoc-lnx-01,19009,CIS Ubuntu Linux 24.04 LTS Benchmark v1.0.0.: Ensure cryptographic mechanisms are used to protect the integrity of audit tools.,3,1,1,0
safesoc-lnx-01,19008,CIS Ubuntu Linux 24.04 LTS Benchmark v1.0.0.: Ensure permissions on /etc/passwd are configured.,3,1,1,0
safesoc-lnx-01,19008,CIS Ubuntu Linux 24.04 LTS Benchmark v1.0.0.: Ensure permissions on /etc/passwd- are configured.,3,1,1,0
safesoc-lnx-01,19008,CIS Ubuntu Linux 24.04 LTS Benchmark v1.0.0.: Ensure permissions on /etc/group are configured.,3,1,1,0
safesoc-lnx-01,19008,CIS Ubuntu Linux 24.04 LTS Benchmark v1.0.0.: Ensure permissions on /etc/group- are configured.,3,1,1,0
safesoc-lnx-01,19008,CIS Ubuntu Linux 24.04 LTS Benchmark v1.0.0.: Ensure permissions on /etc/shadow are configured.,3,1,1,0
safesoc-lnx-01,19008,CIS Ubuntu Linux 24.04 LTS Benchmark v1.0.0.: Ensure permissions on /etc/shadow- are configured.,3,1,1,0
safesoc-lnx-01,19008,CIS Ubuntu Linux 24.04 LTS Benchmark v1.0.0.: Ensure permissions on /etc/gshadow are configured.,3,1,1,0
safesoc-lnx-01,19008,CIS Ubuntu Linux 24.04 LTS Benchmark v1.0.0.: Ensure permissions on /etc/gshadow- are configured.,3,1,1,0
safesoc-lnx-01,19008,CIS Ubuntu Linux 24.04 LTS Benchmark v1.0.0.: Ensure permissions on /etc/shells are configured.,3,1,1,0
safesoc-lnx-01,19007,CIS Ubuntu Linux 24.04 LTS Benchmark v1.0.0.: Ensure permissions on /etc/security/opasswd are configured.,7,1,1,0
safesoc-lnx-01,19008,CIS Ubuntu Linux 24.04 LTS Benchmark v1.0.0.: Ensure accounts in /etc/passwd use shadowed passwords.,3,1,1,0
safesoc-lnx-01,19008,CIS Ubuntu Linux 24.04 LTS Benchmark v1.0.0.: Ensure /etc/shadow password fields are not empty.,3,1,1,0
safesoc-lnx-01,19008,CIS Ubuntu Linux 24.04 LTS Benchmark v1.0.0.: Ensure all groups in /etc/passwd exist in /etc/group.,3,1,1,0
safesoc-lnx-01,19008,CIS Ubuntu Linux 24.04 LTS Benchmark v1.0.0.: Ensure shadow group is empty.,3,1,1,0
safesoc-lnx-01,19008,CIS Ubuntu Linux 24.04 LTS Benchmark v1.0.0.: Ensure no duplicate UIDs exist.,3,1,1,0
safesoc-lnx-01,19008,CIS Ubuntu Linux 24.04 LTS Benchmark v1.0.0.: Ensure no duplicate GIDs exist.,3,1,1,0
safesoc-lnx-01,19008,CIS Ubuntu Linux 24.04 LTS Benchmark v1.0.0.: Ensure no duplicate group names exist.,3,1,1,0
safesoc-lnx-01,19008,CIS Ubuntu Linux 24.04 LTS Benchmark v1.0.0.: Ensure no duplicate user names exist.,3,1,1,0
safesoc-lnx-01,19004,SCA summary: CIS Ubuntu Linux 24.04 LTS Benchmark v1.0.0.: Score less than 50% (47),7,1,1,0
safesoc-win-01,60668,The Windows search service started.,3,1,1,0
safesoc-lnx-01,5902,New user added to the system.,8,1,1,0
safesoc-win-01,60702,The VSS service is shutting down due to idle timeout.,5,1,1,0
safesoc-lnx-01,5715,sshd: authentication success.,3,1,1,0
safesoc-lnx-01,23502,The CVE-2025-61984 that affected openssh-client was solved due to an update in the agent or feed.,3,1,1,0
safesoc-lnx-01,23502,The CVE-2026-35387 that affected openssh-client was solved due to an update in the agent or feed.,3,1,1,0
safesoc-lnx-01,23502,The CVE-2026-35414 that affected openssh-client was solved due to an update in the agent or feed.,3,1,1,0
safesoc-lnx-01,23502,The CVE-2025-61985 that affected openssh-client was solved due to an update in the agent or feed.,3,1,1,0
safesoc-lnx-01,23502,The CVE-2026-35385 that affected openssh-client was solved due to an update in the agent or feed.,3,1,1,0
safesoc-lnx-01,23502,The CVE-2026-35386 that affected openssh-client was solved due to an update in the agent or feed.,3,1,1,0
safesoc-lnx-01,23502,The CVE-2026-35388 that affected openssh-client was solved due to an update in the agent or feed.,3,1,1,0
safesoc-lnx-01,23502,The CVE-2026-3497 that affected openssh-client was solved due to an update in the agent or feed.,3,1,1,0